text,category,urgency,source,author,flag,lang
paputol putol yung kuryente namin nasisira na yung mga appliances,utilities,medium,synthetic,Justin,,tl
may lumulubog sa gitna ng kalsada lumalaki na po,road_infrastructure,high,synthetic,Justin,,tl
nasunog po bahay namin kagabi wala na po kaming natira kahit ano saan po kami pwedeng humingi ng tulong,social_welfare,high,synthetic,Justin,,tl
may sanga na sumasagi sa kable ng kuryente sa itaas ng daan baka magkaproblema,road_infrastructure,medium,synthetic,Justin,,tl
tuwing sabado at linggo may videoke yung katabi namin hanggang madaling araw hindi kami makatulog paulit ulit na po ito,neighbor_dispute,medium,synthetic,Justin,,tl
tatlong araw na po kaming walang tubig hindi na kami makapagluto at makapaglaba ano po ba nangyayari,utilities,high,synthetic,Justin,,tl
kailangan ko po ng certificate of residency para sa aplikasyon sa trabaho sana po mabilis,social_welfare,medium,synthetic,Justin,,tl
pwede po kayang lagyan ng ilaw yung kanto sa may dulo madilim po kasi,road_infrastructure,low,synthetic,Justin,,tl
pumasok po yung bakod ng kapitbahay sa lote namin gusto ko po sana magpasukat,neighbor_dispute,medium,synthetic,Justin,,tl
ano po ba yung nangyayari sa hearing dito sa barangay first time ko po kasi,neighbor_dispute,low,synthetic,Justin,,tl
umapaw yung kanal pumasok na yung tubig sa mga bahay,utilities,high,synthetic,Justin,,tl
barado yung kanal sa likod ng mga bahay pinamamahayan na ng lamok,public_health_sanitation,medium,synthetic,Justin,,tl
anong oras po ba kadalasan nagroronda ang mga tanod dito,public_safety,low,synthetic,Justin,,tl
barado yung kanal kaya kahit maliit na ulan bumabaha na agad dito,utilities,medium,synthetic,Justin,,tl
sira po yung upuan sa waiting area ng barangay hall baka pwedeng ipaayos,other,medium,synthetic,Justin,,tl
ano po ang proseso kapag tungkol sa hangganan ng lupa ang reklamo,neighbor_dispute,low,synthetic,Justin,,tl
nawawala po yung aso namin kulay brown baka po may nakakita,other,low,synthetic,Justin,,tl
yung puno ng kapitbahay laging nalalaglag sa bubong namin yung bunga at sanga,neighbor_dispute,medium,synthetic,Justin,,tl
magandang araw po tanong ko lang kung kelan matatapos yung pagkumpuni sa main road salamat,road_infrastructure,low,synthetic,Justin,,tl
may nakalawit na kable sa daan mababa na masyado nasagi kasi ng truck kanina natatakot kami dumaan,road_infrastructure,high,synthetic,Justin,,tl
meron po bang libreng purga para sa mga bata,public_health_sanitation,low,synthetic,Justin,,tl
tatlong linggo na hindi kinukuha yung basura namin may uod na sobrang baho tapos maraming bata dito nakakainis na talaga,public_health_sanitation,high,synthetic,Justin,,tl
may nakalawit na kable sa eskinita kasing taas lang ng bata delikado,public_safety,medium,synthetic,Justin,,tl
SUNOG PO MAY NASUSUNOG NA BAHAY DITO SA AMIN PAKIBILISAN PO,public_safety,high,synthetic,Justin,,tl
kailangan po ng gamot ni nanay ngayong linggo pero wala po kaming pambili sana po may matulong kayo,social_welfare,high,synthetic,Justin,,tl
may mga asong gala na humahabol sa mga bata paalis ng eskwela,public_health_sanitation,medium,synthetic,Justin,,tl
totoo po ba na may brownout bukas schedule po ba yan,utilities,low,synthetic,Justin,,tl
laging nagtatapon ng tubig yung kapitbahay sa bakuran namin kahit ilang beses na naming sinabihan,neighbor_dispute,medium,synthetic,Justin,,tl
ang bibilis ng mga motor dito sa makitid na kalye namin,public_safety,medium,synthetic,Justin,,tl
meron po ba kayong scholarship para sa mga estudyante dito sa barangay,social_welfare,low,synthetic,Justin,,tl
may hindi kilalang lalaki na sinusubukan buksan yung mga pinto dito sa kalye namin kaninang madaling araw natakot kami,public_safety,high,synthetic,Justin,,tl
may patay na hayop sa kanal amoy na amoy sa buong kalye,public_health_sanitation,high,synthetic,Justin,,tl
wala talagang tubig may bagong panganak kami dito,utilities,high,synthetic,Justin,,tl
pwede po bang magpareserve ng covered court para sa binyag,other,low,synthetic,Justin,,tl
may nagaaway sa labas may nasaktan na yata tulong po,public_safety,high,synthetic,Justin,,tl
nabali yung hawakan sa tulay muntik na mahulog sa sapa,road_infrastructure,high,synthetic,Justin,,tl
tuwing gabi may mga umiinom sa waiting shed maingay tapos nakakatakot dumaan lalo na yung mga babae,public_safety,medium,synthetic,Justin,,tl
may dalawa na pong nagkadengue dito sa kalye namin tapos may tubig na naipon sa bakanteng lote sa tabi baka dumami pa pakitingnan po,public_health_sanitation,high,synthetic,Justin,,tl
maluwag na yung tabla sa tulay papuntang kabilang sitio,road_infrastructure,medium,synthetic,Justin,,tl
may mga bata pa rin na gala kahit lagpas na sa curfew palagi,public_safety,medium,synthetic,Justin,,tl
tuwing umuulan naiipon yung tubig sa ilalim ng bahay namin hindi natutuyo,public_health_sanitation,medium,synthetic,Justin,,tl
pwede po bang malagyan ng graba yung daan sa likod ng kapilya putikan kasi,road_infrastructure,low,synthetic,Justin,,tl
ilang beses na nagbrownout ngayong linggo halos araw araw na,utilities,medium,synthetic,Justin,,tl
YUNG POSTE SA TABI NG BAHAY NAMIN NAKAHILIG NA SOBRA PAGKATAPOS NG HANGIN KAGABI BAKA BUMAGSAK,road_infrastructure,high,synthetic,Justin,,tl
sobrang dumi ng cr sa plaza hindi na magamit,public_health_sanitation,medium,synthetic,Justin,,tl
pano po kung ayaw kong magpakilala pwede pa rin po ba magreport,public_safety,low,synthetic,Justin,,taglish
may amoy kemikal galing sa maliit na pabrika sa tabi masakit na yung lalamunan namin,public_health_sanitation,high,synthetic,Justin,,tl
dalawang araw na po kaming walang makain may tatlong maliliit pa po akong anak,social_welfare,high,synthetic,Justin,,tl
salamat po sa mabilis na pagkumpuni sa tubo ayos na po kami tanong ko lang kung kelan naman yung sa kabilang kalye,utilities,low,synthetic,Justin,,tl
anong oras po ba talaga ang curfew para sa mga menor,public_safety,low,synthetic,Justin,unsure,tl
grabe yung butas sa kanto namin may traysikel na nahulog kanina delikado na talaga pakiayos naman po,road_infrastructure,high,synthetic,Justin,,tl
hanggang kelan po ang bayaran,utilities,low,synthetic,Justin,,tl
salamat po sa mga kumukuha ng basura maayos naman pwede po kaya madagdagan ng isang araw,public_health_sanitation,low,synthetic,Justin,,tl
may naiwang mga bato at buhangin sa tabi ng daan ilang araw na hindi kinukuha,road_infrastructure,medium,synthetic,Justin,,tl
kasama po ba yung kalye namin sa proyekto sa kanal sana po,road_infrastructure,low,synthetic,Justin,unsure,tl
ilang buwan na pong mabaho yung kanal sa harap ng bahay namin sana po malinis na,public_health_sanitation,medium,synthetic,Justin,,tl
pwede po ba kaming maisama sa feeding program yung dalawang anak ko po,social_welfare,medium,synthetic,Justin,,tl
wala pa rin takip yung kanal dalawang linggo na kahoy lang nakatusok pantanda,road_infrastructure,medium,synthetic,Justin,,tl
may nagkikislap sa poste may usok na po,public_safety,high,synthetic,Justin,,tl
nagbasag po yung pader namin dahil sa konstruksyon sa tabi sino po ang mananagot dito,neighbor_dispute,medium,synthetic,Justin,,tl
may amoy gas sa paligid ng bahay sa kanto sobrang lakas,public_safety,high,synthetic,Justin,,tl
pano po ba yung tamang paghihiwalay ng basura may guide po ba kayo,public_health_sanitation,low,synthetic,Justin,,tl
basag yung semento sa harap ng tindahan natitisod dun si lola sa tabi namin,road_infrastructure,medium,synthetic,Justin,,tl
may mga nagtatapon sa sapa tuwing madaling araw sana po may magbantay,public_health_sanitation,medium,synthetic,Justin,unsure,tl
po naiwan ko po yung bag ko sa barangay hall kanina hapon meron po ba kayong nakita,other,medium,synthetic,Justin,,tl
sobrang dilim po ng kalye namin ayaw nang dumaan ng mga tao pag gabi,public_safety,medium,synthetic,Justin,,tl
kelan po ba yung schedule ng water interruption sa susunod na linggo,utilities,low,synthetic,Justin,,tl
hindi po kami makadaan sa driveway na pinaghahatian namin hinaharangan po nila,neighbor_dispute,medium,synthetic,Justin,,tl
tumatahol buong gabi yung mga aso ng katabi namin hindi na kami nakakatulog,neighbor_dispute,medium,synthetic,Justin,,tl
may lasing na may hawak na kutsilyo sa may tindahan natatakot yung mga tao dito,public_safety,high,synthetic,Justin,,tl
sinadya pong sirain ng kapitbahay yung bakod namin nakita ko po siya,neighbor_dispute,high,synthetic,Justin,,tl
salamat po sa mabilis na aksyon nung nakaraang linggo,other,low,synthetic,Justin,,tl
may amoy yung tubig sa gripo namin ligtas pa po ba ito inumin,utilities,medium,synthetic,Justin,,tl
pwede po ba kaming kumuha ng kopya ng blotter nung nakaraang buwan,other,medium,synthetic,Justin,,tl
kupas na yung guhit sa kalsada sa may kanto hindi na alam ng driver kung saan sila dadaan,road_infrastructure,medium,synthetic,Justin,,tl
muntik na masagasaan yung anak ko kanina sa kanto sobrang bilis ng motor sana may gawin kayo bago may mamatay,public_safety,high,synthetic,Justin,,tl
ano po kailangan na papel para sa senior citizen id,social_welfare,low,synthetic,Justin,,tl
po pwede po bang humingi ng tulong para sa gamit sa eskwela ng tatlong anak ko,social_welfare,medium,synthetic,Justin,,tl
magandang umaga po anong oras po bukas ang health center para sa check up ni nanay,public_health_sanitation,low,synthetic,Justin,,tl
may basag na bote sa court kalat kalat,public_safety,medium,synthetic,Justin,,tl
may handaan po kami sa sabado hanggang anong oras po pwede ang tugtog,other,medium,synthetic,Justin,,tl
sino po ba ang kagawad namin ngayon dito sa sitio,other,low,synthetic,Justin,,tl
kelan po ang susunod na clean up drive gusto po sana naming sumali,public_health_sanitation,low,synthetic,Justin,,tl
sumabog yung transformer buong block wala nang ilaw,utilities,high,synthetic,Justin,,tl
nawala yung mojon sa hangganan namin isang gabi lang may naglipat yata,neighbor_dispute,medium,synthetic,Justin,,tl
meron po ba kayong numero na pwedeng tawagan pag emergency,public_safety,low,synthetic,Justin,,tl
qualified po kaya kami sa cash assistance hindi po kasi kami sigurado,social_welfare,low,synthetic,Justin,,tl
sino po ba ang pwedeng kausapin tungkol sa plano sa bangketa,road_infrastructure,low,synthetic,Justin,,tl
umaatras yung dumi sa banyo palabas sa bakuran namin tulong po,public_health_sanitation,high,synthetic,Justin,,tl
po ang dami pong lamok dito kelan po ang susunod na fogging,public_health_sanitation,medium,synthetic,Justin,,tl
aabot po ba yung proyekto sa kanal hanggang dito sa amin,utilities,low,synthetic,Justin,,tl
PUTOK YUNG TUBO NG TUBIG BUMABAHA NA SA KALYE BILISAN PO,utilities,high,synthetic,Justin,,tl
meron po bang bitamina sa health center para sa senior si tatay po kasi,public_health_sanitation,low,synthetic,Justin,,tl
nawalan po ako ng trabaho nung isang buwan meron po ba kayong tulong para sa katulad ko,social_welfare,medium,synthetic,Justin,,tl
nagkukurap yung poste buong gabi nagigising tuloy yung baby namin pwede po bang ipaayos,road_infrastructure,medium,synthetic,Justin,,tl
meron po ba kayong lost and found dyan,other,low,synthetic,Justin,,tl
saan po ba nagfafile ng reklamo tungkol sa negosyo na walang permit dito sa amin,other,medium,synthetic,Justin,,tl
senior na po si tatay pero hindi pa rin po siya kasama sa listahan ng buwanang tulong ilang beses na po kami nagtanong,social_welfare,medium,synthetic,Justin,,tl
yung abandonadong bahay sa dulo may mga estranghero na tumatambay dun ngayon,public_safety,medium,synthetic,Justin,,tl
sino po ang lalapitan para magpakabit ng bagong linya ng tubig,utilities,low,synthetic,Justin,,tl
may anak po akong pwd kailangan po niya ng therapy pero mahal po meron po ba kayong programa para dito,social_welfare,medium,synthetic,Justin,,tl
ano po ang requirements sa barangay clearance magkano po,other,low,synthetic,Justin,,tl
pwede po bang isulat yung napagkasunduan namin verbal lang po kasi,neighbor_dispute,low,synthetic,Justin,,tl
paano po mag apply ng pwd id para sa anak ko ano po requirements,social_welfare,low,synthetic,Justin,,tl
gusto po sana naming magdonate ng upuan sa barangay hall kanino po ako lalapit,other,low,synthetic,Justin,,tl
may nagbebenta ng alak sa mga menor de edad dito,public_safety,medium,synthetic,Justin,,tl
gabi na lang dumarating yung tubig ngayon,utilities,medium,synthetic,Justin,,tl
may nagtatapon ng basura galing ospital sa likod ng covered court nakita ko kagabi delikado yun,public_health_sanitation,high,synthetic,Justin,,tl
ayaw umalis ng umuupa sa itaas tapos na yung kontrata nung isang buwan pa,neighbor_dispute,medium,synthetic,Justin,,tl
ikatlong beses na po ito bumutas ulit yung tinapalan nyo last month sayang lang yung semento,road_infrastructure,medium,synthetic,Justin,,tl
pano po kumuha ng kopya ng lumang sertipiko nawala po kasi yung akin,other,low,synthetic,Justin,,tl
mahina po yung tubig tuwing umaga halos tulo lang,utilities,medium,synthetic,Justin,,tl
bakit po wala kaming natanggap na relief nung huling distribution kahit nakapila po kami buong umaga,social_welfare,medium,synthetic,Justin,,tl
po may bukas na manhole malapit sa gate ng eskwelahan walang takip nakakatakot baka mahulog yung bata,road_infrastructure,high,synthetic,Justin,,tl
bukas po ba kayo sa holiday,other,low,synthetic,Justin,,tl
po tanong lang po tungkol sa clearance tapos may problema din po pala kami sa tubig dito sana po matulungan nyo kami sa dalawa,other,medium,synthetic,Justin,,tl
dalawang araw na walang kuryente dito may matanda kami na kailangan ng nebulizer sana po maaksyunan agad,utilities,high,synthetic,Justin,,tl
hindi ko po alam kung saan ito dapat may problema po kasi kami dito sa amin matagal na po sana may makatulong,other,medium,synthetic,Justin,,tl
dalawang beses na lumaktaw yung truck ng basura sa kalye namin,public_health_sanitation,medium,synthetic,Justin,,tl
hanggang tuhod na yung baha dito tumataas pa,utilities,high,synthetic,Justin,,tl
po yung ilaw sa kanto namin isang buwan na patay madilim tuwing gabi tapos dun dumadaan yung mga bata paguwi galing eskwela sana po maayos,road_infrastructure,medium,synthetic,Justin,,tl
saan po ba nagbabayad ng community fee,other,low,synthetic,Justin,,tl
salamat po sa ayuda nung isang linggo malaking tulong po,social_welfare,low,synthetic,Justin,,tl
kailangan po ba talaga na nandun kaming dalawa,neighbor_dispute,low,synthetic,Justin,,tl
umaapaw yung manhole tuwing umuulan,utilities,medium,synthetic,Justin,,tl
araw araw pumapasok yung usok ng luto ng kapitbahay sa bintana namin,neighbor_dispute,medium,synthetic,Justin,,tl
meron po ba kayong wifi sa barangay hall para sa mga estudyante,other,low,synthetic,Justin,,tl
buntis po ako manganganak na po kailangan ko po ng masasakyan papuntang ospital ngayon,social_welfare,high,synthetic,Justin,,tl
sinisira ng mga asong gala yung supot ng basura tuwing umaga kalat na kalat tuloy,public_health_sanitation,medium,synthetic,Justin,,tl
kelan po ang susunod na ayuda salamat po,social_welfare,low,synthetic,Justin,,tl
napakaraming langaw sa may puwesto ng karne sa palengke,public_health_sanitation,medium,synthetic,Justin,,tl
meron po ba kayong medical assistance para sa check up,social_welfare,medium,synthetic,Justin,,tl
naanod na naman yung graba pagkatapos umulan puro putik na naman dito,road_infrastructure,medium,synthetic,Justin,,tl
matagal na po kaming iniinis ng kapitbahay namin ayaw na po naming lumabas ng bahay,neighbor_dispute,high,synthetic,Justin,,tl
tuwing high tide bumabaha sa kalye namin matagal na pong ganito,utilities,medium,synthetic,Justin,,tl
hindi kami magkasundo kung sino magbabayad sa linya ng tubig na pinaghahatian namin,neighbor_dispute,medium,synthetic,Justin,,tl
anong oras po bukas ang barangay hall,other,low,synthetic,Justin,,tl
tuwing gabi nagsusunog ng basura yung kapitbahay pumapasok yung usok sa bintana namin hindi kami makahinga,public_health_sanitation,medium,synthetic,Justin,unsure,tl
pinaalis po kami sa inuupahan kaninang umaga wala po kaming matutuluyan ngayong gabi,social_welfare,high,synthetic,Justin,,tl
ano po ang requirements para sa solo parent id,social_welfare,low,synthetic,Justin,,tl
salamat po sa pagkumpuni sa butas sa kanto ayos na ayos may isa pa po pala sa dulo pwede rin kaya,road_infrastructure,low,synthetic,Justin,,tl
kelan po ang susunod na barangay assembly,other,low,synthetic,Justin,,tl
gusto ko po sana sumali sa bantay bayan pano po ang proseso,public_safety,low,synthetic,Justin,,tl
maraming daga sa palengke tuwing gabi,public_health_sanitation,medium,synthetic,Justin,,tl
pwede po bang maglagay ng tanod malapit sa eskwelahan tuwing uwian salamat po,public_safety,low,synthetic,Justin,,tl
pinapark nila yung sasakyan nila sa gitna wala nang makadaan sa amin,neighbor_dispute,medium,synthetic,Justin,,tl
parang mali yung metro namin sobrang taas ng bill ngayong buwan kumpara dati pwede po bang patingin,utilities,medium,synthetic,Justin,,tl
biyuda po ako meron po ba kayong livelihood na pwede kong salihan,social_welfare,medium,synthetic,Justin,,tl
paano po ba magpaschedule ng pag uusap sa barangay kasama yung kapitbahay ko,neighbor_dispute,low,synthetic,Justin,,tl
saan po ba dapat itapon yung mga lumang baterya,public_health_sanitation,low,synthetic,Justin,,tl
pwede po ba kaming mga residente na kami na lang magpinta ulit ng pedestrian lane,road_infrastructure,low,synthetic,Justin,,tl
pinagbantaan po kami ng kapitbahay namin kahapon pati yung anak ko natatakot na po kami,neighbor_dispute,high,synthetic,Justin,,tl
gumuho yung gilid ng kalsada kagabi dahil sa ulan muntik na madulas dun yung sasakyan ng kapitbahay pakitingnan po agad,road_infrastructure,high,synthetic,Justin,,tl
po kailangan ko po ng indigency ngayon din opera kasi si tatay bukas hindi po kami tatanggapin sa ospital kung wala nito pakitulungan po,social_welfare,high,synthetic,Justin,,tl
magkano po ba ang bayad kapag magpapatala ako ng reklamo laban sa katabi ng bahay namin,neighbor_dispute,low,synthetic,Justin,,tl
gud am po tanong ko lang kung ilang beses po tatawagin ang isinumbong bago ako bigyan ng papel para makasampa na sa hukuman,neighbor_dispute,low,synthetic,Justin,,tl
kung mapagkasunduan po namin sa harap ng lupon may bisa pa rin po ba yun kahit walang abogadong kasama,neighbor_dispute,low,synthetic,Justin,,tl
wala po akong natanggap na sulat pero sabi ng katabi namin may pag uusap daw kami bukas totoo po ba yun,neighbor_dispute,low,synthetic,Justin,,tl
pwede po bang ang asawa ko na lang ang humarap sa takdang araw kasi may pasok po ako sa trabaho,neighbor_dispute,low,synthetic,Justin,,tl
maliit lang naman po ang hindi pagkakaunawaan namin ng katabi tungkol sa tubig pero gusto ko pa rin sanang maitala para may bakas,neighbor_dispute,low,synthetic,Justin,,tl
ano po ba ang susunod na gagawin kung ayaw pumirma sa napagkasunduan nung nagreklamo sa amin,neighbor_dispute,low,synthetic,Justin,,tl
tanong ko lang po kung saan ako kukuha ng kopya ng naitala kong sumbong noong nakaraang buwan,neighbor_dispute,low,synthetic,Justin,,tl
ilang araw po ang hintayin bago magkaroon ulit ng tawag kung hindi dumalo yung isang panig,neighbor_dispute,low,synthetic,Justin,,tl
tuwing biyernes ng gabi may inuman at videoke sa kabilang bahay hanggang alas tres ng umaga wala na po kaming tulog mga bata ko may pasok pa,neighbor_dispute,medium,synthetic,Justin,,tl
pasensya na po pero paulit ulit na pong dumudumi sa harap ng gate namin ang mga aso ng kapitbahay at ayaw nilang linisin,neighbor_dispute,medium,synthetic,Justin,,tl
ang mga tandang po ng katabi namin tumitilaok simula alas dos ng madaling araw sinabihan ko na pero sinagot pa ako,neighbor_dispute,medium,synthetic,Justin,,tl
lumagpas po ng mahigit kalahating metro ang bagong pader nila sa lote namin sana po matawagan sila para mapag usapan,neighbor_dispute,medium,synthetic,Justin,,tl
may nangutang po sa akin na kapitbahay noong isang taon pa hindi na po nagpapakita kahit binabati ko,neighbor_dispute,medium,synthetic,Justin,,tl
lagi pong nakaharang sa tapat ng bahay namin ang sasakyan ng kaharap kahit sinabi na namin nang maayos,neighbor_dispute,medium,synthetic,Justin,,tl
tuwing umuulan po bumabagsak nang diretso sa bakuran namin ang tubig galing sa bubong nila naluluma na ang sahig namin,neighbor_dispute,medium,synthetic,Justin,,tl
sinisiraan po ako ng katabi namin sa buong purok sinasabi niyang magnanakaw daw ako hindi ko na po matiis,neighbor_dispute,medium,synthetic,Justin,,tl
nagsusunog po ng basura sa likod ang kapitbahay araw araw pumapasok sa bahay namin ang usok at may asthma ang anak ko sinabihan ko na po pero nag away lang kami,neighbor_dispute,medium,synthetic,Justin,,tl
hindi po kami magkasundo ng kapitbahay kung sino ang magpapalinis ng poso negro na pinaghahatian namin dalawang taon na pong siya ang ayaw mag ambag,neighbor_dispute,medium,synthetic,Justin,,tl
nakalagay po sa eskinita ang mga paso at gamit nila hindi na po makalusot ang lola namin na may tungkod,neighbor_dispute,medium,synthetic,Justin,,tl
NAGGIGIBA NA PO SILA NGAYON NG PADER NAMIN WALA KAMING PINIRMAHAN PAKIPIGIL PO SANA BAGO MATAPOS,neighbor_dispute,high,synthetic,Justin,,tl
ngayon na po nagkakaharap ang dalawang pamilya sa gitna ng kalsada dumadami na ang nanonood sana may makapunta pong makakaawat,neighbor_dispute,high,synthetic,Justin,unsure,tl
nakaharang po ang sasakyan nila sa daan namin at ayaw nilang ialis kailangan ko pong madala sa ospital ang biyenan ko ngayon din,neighbor_dispute,high,synthetic,Justin,,tl
ngayon pong hapon ang takdang harapan namin pero naospital po ako kaninang umaga ano po ang dapat kong gawin,neighbor_dispute,high,synthetic,Justin,,tl
bukas na po ang huling araw ng labinlimang araw na palugit sa amin wala pa rin pong nangyayari sa sumbong ko tulong naman po,neighbor_dispute,high,synthetic,Justin,,tl
pinutol po nila kaninang umaga ang tubo ng tubig na pinaghahatian namin kaya wala na kaming tubig ngayon galit po sila dahil hindi kami nakaambag noong isang buwan,neighbor_dispute,high,synthetic,Justin,unsure,tl
kinandado po nila ang tarangkahan ng dinadaanan namin mula kaninang umaga hindi kami makalabas ng bahay,neighbor_dispute,high,synthetic,Justin,,tl
ngayong umaga po nagsimula na silang magtayo ng haligi sa gitna ng lupa namin habang wala kaming magawa sana po may makapunta agad,neighbor_dispute,high,synthetic,Justin,,tl
lumala na po ang alitan namin kanina nagsigawan na sa labas at may mga kamag anak na dumarating sana po mapag usap kami ngayon din bago pa may masaktan,neighbor_dispute,high,synthetic,Justin,,tl
ayaw na pong umalis ng umuupa sa amin tapos na ang kasunduan noong nakaraang buwan at ngayon sinasabi niyang siya na ang may ari sana po matawag siya bukas,neighbor_dispute,high,synthetic,Justin,,tl
hi po ask lang kung pano mag-file ng reklamo dito sa brgy first time ko po kasi,neighbor_dispute,low,synthetic,Justin,,taglish
pano po mag-request ng schedule para pag-usapan kami ng kaharap namin ano po dala ko,neighbor_dispute,low,synthetic,Justin,,taglish
kung na-settle na po namin sa labas pwede pa po ba i-withdraw yung na-file ko last week,neighbor_dispute,low,synthetic,Justin,,taglish
ask ko lang po kung ano yung papel na binibigay kapag hindi nagkasundo need ko po ba yun bago mag-small claims,neighbor_dispute,low,synthetic,Justin,,taglish
na-postpone po ba yung sched namin last friday kasi walang nag-inform sakin tapos ngayon sabi nila absent daw ako,neighbor_dispute,low,synthetic,Justin,,taglish
pwede po ba mag-bring ng saksi sa harapan or yung magkabilang panig lang talaga,neighbor_dispute,low,synthetic,Justin,,taglish
yung katabi po namin ayaw daw mag-appear sa binigay na date ano po next step namin,neighbor_dispute,low,synthetic,Justin,,taglish
ilang days po bago ma-deliver yung sulat sa isinumbong ko after mag-file,neighbor_dispute,low,synthetic,Justin,,taglish
gusto ko lang po ma-record yung nangyari for now ayoko pa po mag-pursue baka mag-ayos pa kami,neighbor_dispute,low,synthetic,Justin,,taglish
grabe po yung videoke ng kabilang bahay every weekend hanggang 3am na try ko na po silang sabihan pero nag-init lang sila sakin,neighbor_dispute,medium,synthetic,Justin,,taglish
yung aso po ng kapitbahay namin tumatahol buong gabi tapos pag nag-complain ka sasabihan ka pa na sensitive,neighbor_dispute,medium,synthetic,Justin,,taglish
na-encroach po yung bakod nila sa lote namin mga kalahating metro pwede po ba kayong magpadala para ma-check,neighbor_dispute,medium,synthetic,Justin,,taglish
may utang po sakin yung kapitbahay ko last year pa nag-promise na babayaran pero ngayon ni-block na ako sa messenger,neighbor_dispute,medium,synthetic,Justin,,taglish
lagi po naka-park yung van nila sa harap ng gate namin di na po kami makalabas ng motor,neighbor_dispute,medium,synthetic,Justin,,taglish
pag umuulan po direct na bumabagsak sa side namin yung tubig galing sa extension ng bubong nila hindi po sila naniniwala na sila yung may mali,neighbor_dispute,medium,synthetic,Justin,,taglish
pinagkakalat po ng kapitbahay namin na may ginagawa daw akong hindi maganda sa asawa niya paninira na po yun pwede po ba kaming pag-usapin,neighbor_dispute,medium,synthetic,Justin,,taglish
yung construction po nila sa tabi na-crack yung pader namin pina-check ko na sila pero sabi luma na daw,neighbor_dispute,medium,synthetic,Justin,,taglish
yung cctv po nila naka-angle directly sa bintana ng kwarto ng anak kong dalaga hindi po kami komportable pinakiusapan ko na po sila,neighbor_dispute,medium,synthetic,Justin,unsure,taglish
every night po may tambay at inuman sa harap ng bahay nila maingay at natatakot na po kaming dumaan pwede po bang ma-mediate kami,neighbor_dispute,medium,synthetic,Justin,unsure,taglish
ayaw po mag-share sa bayad ng submeter ng tubig na pinaghahatian namin tatlong buwan na po akong nag-aabono,neighbor_dispute,medium,synthetic,Justin,,taglish
ginigiba na po nila ngayon yung pader sa gitna namin habang nag te-text ako sa inyo pakipuntahan po,neighbor_dispute,high,synthetic,Justin,,taglish
escalated na po sila ngayon nagsisigawan sa kalsada tapos dumadami na yung tao pwede po bang may pumunta agad para ma-awat,neighbor_dispute,high,synthetic,Justin,unsure,taglish
today po pala yung sched namin pero nasa ospital po ako ngayon kasama yung nanay ko paano po yun,neighbor_dispute,high,synthetic,Justin,,taglish
deadline na po bukas ng papel na kailangan ko sa korte pero di pa po ako natatawagan simula nung nag-file ako,neighbor_dispute,high,synthetic,Justin,,taglish
ni-lock po nila yung gate ng shared passage namin kanina stuck po kami sa loob ng buong pamilya,neighbor_dispute,high,synthetic,Justin,,taglish
bukas daw po gigibain nila yung bakod namin wala po kaming natanggap na kahit anong papel need po namin ng tulong ngayon,neighbor_dispute,high,synthetic,Justin,,taglish
nag-start na po sila mag-semento sa gitna ng driveway na pinaghahatian namin kanina lang pakitigil po muna habang di pa tapos,neighbor_dispute,high,synthetic,Justin,,taglish
yung lola ko po need ma-dialysis mamayang tanghali pero naka-block po ng sasakyan nila yung labasan namin ayaw nilang i-move,neighbor_dispute,high,synthetic,Justin,,taglish
mainit na po ulit ngayon sa amin dahil sa bakod nag-abot na ng mura yung dalawang tatay sana po ma-schedule kami mamaya bago pa lumala,neighbor_dispute,high,synthetic,Justin,,taglish
yung nangungupahan po sa itaas namin ayaw umalis expired na yung kontrata tapos ngayon pina-padlock niya yung hagdan namin,neighbor_dispute,high,synthetic,Justin,,taglish
Good day. May I ask what the usual procedure is for requesting a mediation session between two households here. Thank you.,neighbor_dispute,low,synthetic,Justin,,en
how long does a settlement signed in front of the officials stay binding sir,neighbor_dispute,low,synthetic,Justin,,en
Is a lawyer required to be present during the hearing or can I appear on my own,neighbor_dispute,low,synthetic,Justin,,en
I received a notice for next week but I will be out of town for work. Kindly advise if I may request another date.,neighbor_dispute,low,synthetic,Justin,,en
i only want the incident recorded for now im not filing anything yet against the family beside us,neighbor_dispute,low,synthetic,Justin,,en
what happens if the other party fails to show up three times do i just wait,neighbor_dispute,low,synthetic,Justin,,en
Good afternoon po. Is there any fee for filing a complaint against a resident of the same purok. Thank you and God bless.,neighbor_dispute,low,synthetic,Justin,,en
may i ask if the agreement we signed can still be enforced when the other side suddenly backs out after two months,neighbor_dispute,low,synthetic,Justin,,en
where can i get a copy of the entry i made last month i need it for my records,neighbor_dispute,low,synthetic,Justin,,en
The family beside us holds karaoke sessions until past midnight almost every weekend. We have asked them politely twice already. Kindly call them for a talk.,neighbor_dispute,medium,synthetic,Justin,,en
our neighbors roosters start crowing at two in the morning and my father who is bedridden cannot rest at all,neighbor_dispute,medium,synthetic,Justin,,en
the cats from the house behind us keep going into our kitchen and the owner says they are not her problem,neighbor_dispute,medium,synthetic,Justin,,en
Their new fence appears to have crossed into our lot. We would like to request a joint measurement with both parties present.,neighbor_dispute,medium,synthetic,Justin,,en
A resident here borrowed money from me in March and has been avoiding me since. I would like to request assistance in settling this amicably.,neighbor_dispute,medium,synthetic,Justin,,en
sir the tricycle of our kapitbahay is always parked across our gate and he gets mad when we ask him to move it,neighbor_dispute,medium,synthetic,Justin,,en
my neighbour has been spreading untrue stories about my daughter in this purok and it has affected her work. please call them so we can talk properly.,neighbor_dispute,medium,synthetic,Justin,,en
the smoke from their daily grilling goes straight into our window and they only laugh when we close it,neighbor_dispute,medium,synthetic,Justin,,en
our tenant upstairs refuses to move out even though the contract ended last month and he now refuses to talk to us,neighbor_dispute,medium,synthetic,Justin,,en
we share one water line with the house next door and they have not paid their share for four months already,neighbor_dispute,medium,synthetic,Justin,,en
the teenage boy next door keeps banging on our gate around midnight and his parents refuse to discuss it with us,neighbor_dispute,medium,synthetic,Justin,unsure,en
THEY STARTED TEARING DOWN THE WALL BETWEEN OUR LOTS THIS MORNING WITHOUT ANY PAPER PLEASE SEND SOMEONE NOW,neighbor_dispute,high,synthetic,Justin,,en
the argument between the two families is getting worse right now a crowd is forming outside kindly send someone to calm them down,neighbor_dispute,high,synthetic,Justin,unsure,en
our hearing is set this afternoon but I was rushed to the clinic this morning. What should I do so it will not be counted against me.,neighbor_dispute,high,synthetic,Justin,,en
the fifteen day period given to us lapses tomorrow and we still have not been called for the second meeting please help,neighbor_dispute,high,synthetic,Justin,,en
they are digging right beside our shared wall this very moment and it is already leaning kindly stop them while we talk it out,neighbor_dispute,high,synthetic,Justin,,en
our landlady padlocked our unit while we were at work and all our things are inside we need this settled today,neighbor_dispute,high,synthetic,Justin,unsure,en
a vehicle is blocking the only exit of our alley and the owner is refusing to move it. my child has a high fever and we need to reach the hospital.,neighbor_dispute,high,synthetic,Justin,,en
they are putting up a gate across our right of way as i type this please come before it is finished,neighbor_dispute,high,synthetic,Justin,,en
things got heated between us and the house across earlier and both families are still outside shouting. we are asking for an urgent sit down today.,neighbor_dispute,high,synthetic,Justin,,en
they cut off the shared drainage pipe of our two houses this morning out of spite and the water is now pooling under our floor,neighbor_dispute,high,synthetic,Justin,,en
may tao po ba sa opisina tuwing tanghalian o sarado muna kayo mula alas dose hanggang ala una,other,low,synthetic,Justin,,tl
sino po ang pwedeng lapitan kung gusto kong mag-volunteer sa mga programa para sa kabataan,other,low,synthetic,Justin,,tl
tanong lang po kung saan nakapaskil ang listahan ng mga proyekto at gastos ngayong taon,other,low,synthetic,Justin,,tl
gusto ko po sanang malaman kung may libreng tolda at upuan na pwedeng hiramin para sa lamay,other,low,synthetic,Justin,,tl
kailan po ang deadline ng rehistro para sa liga ng basketball ng mga kabataan dito sa amin,other,low,synthetic,Justin,,tl
may naiwan po akong payong sa loob ng session hall noong miyerkules baka po nakita ninyo,other,low,synthetic,Justin,,tl
sana po maglagay kayo ng bubong sa pilahan sa labas mainit na mainit kami tuwing tanghali,other,low,synthetic,Justin,unsure,tl
ilang beses na po akong tumawag sa numero ninyo pero walang sumasagot palagi sayang ang load,other,low,synthetic,Justin,,tl
paano po ba sumali sa paligsahan ng pinakamagandang palamuti tuwing kapaskuhan,other,low,synthetic,Justin,,tl
ano po ang proseso para makakuha ng kopya ng ordinansa tungkol sa oras ng pagtutugtog,other,low,synthetic,Justin,unsure,tl
totoo po bang lilipat sa bagong gusali ang tanggapan ninyo sa susunod na buwan,other,low,synthetic,Justin,,tl
may bakante po ba kayong trabaho sa opisina kahit kontraktwal lang po handa po akong magsimula,other,low,synthetic,Justin,unsure,tl
mungkahi ko lang po sana ilagay ninyo sa pahina ninyo sa internet ang mga anunsyo para alam namin agad,other,low,synthetic,Justin,,tl
magkano po ang bayad kapag umarkila ng bulwagan para sa isang kaarawan,other,low,synthetic,Justin,,tl
hanggang kailan po ang palugit sa pagpaparehistro ng maliliit na tindahan dito sa lugar namin,other,medium,synthetic,Justin,,tl
nirenew ko na po ang papeles ng tindahan noong isang linggo pero wala pa rin pong lumalabas pabilisan naman po,other,medium,synthetic,Justin,,tl
may darating po bang tagatala sa bahay namin kasi wala kami sa umaga puro po kami trabaho,other,medium,synthetic,Justin,,tl
pwede po bang mareserba ang bulwagan sa susunod na sabado may binyagan po kami at malapit na,other,medium,synthetic,Justin,,tl
PAANO PO BA MAKAKAPAGPALISTA SA BOTOHAN ANG ANAK KO SABI NILA MALAPIT NA MAGSARA,other,medium,synthetic,Justin,,tl
kailangan ko po ng sulat ng pag-endorso mula sa inyo para sa aplikasyon namin sa pautang sa kooperatiba bago matapos ang buwan,social_welfare,medium,synthetic,Justin,,tl
nagpabook po kami ng entablado para sa programa sa linggo pero hindi pa po nakukumpirma sino po ba ang kakausapin,other,medium,synthetic,Justin,,tl
bakit po hindi nakapaskil ang talaan ng mga nanalo sa bidding ng proyekto sa kalye namin,other,medium,synthetic,Justin,,tl
may darating pong inspeksyon sa tindahan ko sa makalawa at kailangan ko raw ng papeles galing sa inyo,other,medium,synthetic,Justin,,tl
gaano po katagal bago maaprubahan ang kahilingan kong gamitin ang bakanteng lote sa likod para sa taniman ng komunidad,other,medium,synthetic,Justin,,tl
nawawala po ang pitaka ko na may lamang mga papeles galing sa opisina ninyo baka po may nagsauli dyan,other,medium,synthetic,Justin,unsure,tl
pinapapirmahan po ako ng paaralan ng sulat mula mismo sa kapitan at bukas na po ang pasahan,other,medium,synthetic,Justin,,tl
ngayon na po ang huling araw ng pagpapalista ng botante at kailangan ko pa raw ng katunayan galing sa inyo bago mag alas kwatro tulong naman po,other,high,synthetic,Justin,,tl
alas dos po magsisimula ang programa namin sa covered court pero may ibang grupo pong naglalaro doon ngayon sino po ba ang may hawak ng iskedyul,other,high,synthetic,Justin,,tl
kulang pa po kami ng dadalo para umabot sa itinakdang bilang sa pulong mamayang hapon pakitawag na po ang mga tagapangulo ng purok ngayon din,other,high,synthetic,Justin,,tl
huling araw na po ngayon ng bayad ng permiso sa bayan at hinihintay ko pa rin ang papeles ninyo mula pa noong martes,other,high,synthetic,Justin,,tl
hi po ask lang ano pong requirements pag magpaparegister ng small business dito sa amin first time ko lang po,other,low,synthetic,Justin,,taglish
pwede po ba mag-borrow ng sound system ng brgy para sa palaro ng mga bata sa purok 3,other,low,synthetic,Justin,,taglish
tanong lang po sino po ung in charge sa mga youth program dito gusto po sana ako mag-volunteer,other,low,synthetic,Justin,,taglish
gud am po may posted po ba kayong schedule ng mga pulong online or sa bulletin board lang talaga,other,low,synthetic,Justin,,taglish
pa-share naman po ng password ng internet sa waiting area di po kasi maka-connect ung anak ko,other,low,synthetic,Justin,,taglish
ano po ba ung process pag gusto mag-request ng kopya ng resolusyon about sa parking dito sa amin,other,low,synthetic,Justin,,taglish
grabe po ung staff nyo kanina ang sungit mag-assist sana po ma-remind sila kung pano makipag-usap,other,low,synthetic,Justin,,taglish
napaka-slow po ng process sa window 2 almost 2 hours po ako naka-pila para sa isang pirma lang,other,low,synthetic,Justin,,taglish
pwede po ba mag-suggest na mag-open kayo kahit half day tuwing sabado di po kami maka-punta weekdays,other,low,synthetic,Justin,,taglish
may nahulog po akong susi malapit sa gate nyo kagabi baka po na-turn over sa inyo ngayong umaga,other,low,synthetic,Justin,,taglish
kelan po ung fiesta this year tas may parade po ba may nag-tanong kasi sakin sa trabaho,other,low,synthetic,Justin,,taglish
nag-donate po kami ng ilang libro last year pwede po ba ma-check kung nagamit sa reading corner,other,low,synthetic,Justin,,taglish
san po kami magbabayad ng rental fee ng court kung gusto namin mag-book ng regular tuwing sabado,other,low,synthetic,Justin,,taglish
hi po pa-confirm lang kung tuloy pa rin ung clean up drive sa sunday wala po kasing update sa page nyo,other,low,synthetic,Justin,unsure,taglish
pa-follow up lang po sa application ko ng permit sa tindahan na-submit ko pa nung isang linggo wala pa rin feedback,other,medium,synthetic,Justin,,taglish
na-postpone po ba ung assembly nung sunday kasi pumunta kami tapos walang tao sana po may advisory next time,other,medium,synthetic,Justin,,taglish
need ko po ma-schedule ung kasal sa kapitan before matapos ang buwan ano po ang mga kailangan naming i-submit,other,medium,synthetic,Justin,,taglish
pwede po ba ma-rush ung clearance ko kasi deadline na ng renewal ng negosyo sa city sa friday,other,medium,synthetic,Justin,,taglish
may nag-survey po sa amin last month sabi babalik daw pero wala pa rin pwede po ba ma-check kung naitala kami,other,medium,synthetic,Justin,,taglish
ilang araw po bago ma-approve ung request namin na i-close ung isang side ng kalsada para sa programa next week,other,medium,synthetic,Justin,unsure,taglish
ung team po namin gusto mag-join sa liga pero na-close na daw ung listahan pwede pa po ba kami ma-accommodate,other,medium,synthetic,Justin,,taglish
pa-check naman po kung na-receive nyo ung sulat namin from the homeowners na mag-attend sana kayo sa pulong namin,other,medium,synthetic,Justin,,taglish
bakit po hindi na na-update ung posting ng budget sa bulletin board since january pa po ung nakadikit dun,other,medium,synthetic,Justin,,taglish
ung generator po ba ninyo pwede ma-borrow for the program sa saturday need po namin ma-confirm asap,other,medium,synthetic,Justin,,taglish
na-misplace ko po ung resibo ng bayad ko sa permit last month pwede po ba mag-request ng kopya para sa records namin,other,medium,synthetic,Justin,,taglish
sino po ba dapat i-approach para ma-reschedule ung inspeksyon ng sari sari store namin na-conflict kasi sa trabaho ko,other,medium,synthetic,Justin,,taglish
URGENT PO 2 HOURS NALANG MAGSISIMULA UNG PROGRAMA NAMIN SA COURT PERO NAKA-LOCK UNG GATE SINO PO MAY HAWAK NG SUSI,other,high,synthetic,Justin,,taglish
last day na po today ng filing ng permiso sa city at kulang pa po ako ng isang pirma sa inyo pwede po ba ngayon na,other,high,synthetic,Justin,,taglish
kailangan po ma-submit ng 5pm today ung bid documents sabi may certification daw kayong kailangan i-issue di ko po alam pano,other,high,synthetic,Justin,,taglish
na-inform lang po kami ngayon na may inspeksyon galing city hall mamayang 1pm sa tindahan namin need daw po ung clearance nyo ngayon din,other,high,synthetic,Justin,,taglish
Good day. May I know the office hours during weekends? I am only free on Sundays. Thank you.,other,low,synthetic,Justin,,en
Hi is there a list of the current officials and their assigned committees posted somewhere? We just moved in.,other,low,synthetic,Justin,,en
I would like to inquire about the requirements for renewing a clearance for a small eatery. Thank you and God bless.,other,low,synthetic,Justin,,en
sir do you have a suggestion box? i have a few ideas about the queueing system in the hall,other,low,synthetic,Justin,,en
Good afternoon. Is the basketball court free for public use on weekday mornings or is it always reserved?,other,low,synthetic,Justin,,en
I left a black umbrella at the reception area last Friday. Kindly check if anyone turned it in.,other,low,synthetic,Justin,,en
May I ask who handles community events so I can coordinate a free financial literacy talk for residents?,other,low,synthetic,Justin,,en
Kindly consider posting the minutes of the assembly online. Many of us work and cannot attend in person.,other,low,synthetic,Justin,,en
how much is the fee for using the multipurpose hall for a birthday party and how early should we book,other,low,synthetic,Justin,,en
Is the barangay accepting volunteers for the upcoming sportsfest? I can help with scorekeeping.,other,low,synthetic,Justin,,en
good day po just asking if the wifi in the hall is open to students on weekends,other,low,synthetic,Justin,,en
I want to donate a printer to the office. Who do I contact regarding the turnover?,other,low,synthetic,Justin,,en
Please improve your phone line. I have been calling since morning and nobody picks up.,other,low,synthetic,Justin,,en
Where can I get a copy of the ordinance on business signage? I plan to put up a small sign for my shop.,other,low,synthetic,Justin,,en
Good day. I am following up on my application for a permit to operate a small canteen. Two weeks and no update.,other,medium,synthetic,Justin,,en
We would like to reserve the covered court for a fun run on the last Sunday of the month. What is the approval process?,other,medium,synthetic,Justin,,en
Was the scheduled assembly moved? We came last Sunday and the hall was closed. Kindly advise.,other,medium,synthetic,Justin,,en
I need a certification from your office stating that my business has no pending complaints. My renewal is due next week.,other,medium,synthetic,Justin,unsure,en
Kindly confirm if the census team already recorded our household. They visited twice while we were at work.,other,medium,synthetic,Justin,,en
sir we requested to borrow ten tables and chairs for saturday can you confirm today? the organizer needs to finalize,other,medium,synthetic,Justin,,en
Our team wants to join the youth league but registration reportedly closed yesterday. Is there still a chance to be included?,other,medium,synthetic,Justin,,en
Please clarify the new rule on holding a block party. We were told to secure a separate approval from your office.,other,medium,synthetic,Justin,,en
I would like to request a copy of the official receipt for the permit fee I paid last month for our records.,other,medium,synthetic,Justin,,en
The posted financial report is from last year. When will the updated one be available for residents to review?,other,medium,synthetic,Justin,,en
We are organizing a Christmas program on the [DATE] and need to confirm if the sound equipment may be borrowed.,other,medium,synthetic,Justin,,en
Who should I speak with about moving the inspection date of our store? The schedule given conflicts with a hospital appointment.,other,medium,synthetic,Justin,,en
URGENT. Our event at the court starts in two hours but the caretaker is not around and the gate is padlocked. Please send someone now.,other,high,synthetic,Justin,,en
Good day. Today is the deadline for our permit filing at the city and we are still waiting for the endorsement from your office. Kindly release it this morning.,other,high,synthetic,Justin,,en
The voter registration cut off is at 5pm today and I still need a certification from your office. Is there any way to process it within the hour?,other,high,synthetic,Justin,unsure,en
We need five more attendees to reach the required number for this afternoon's session or the resolution cannot be passed. Kindly call the purok leaders immediately.,other,high,synthetic,Justin,,en
kelan po ba ang schedule ng pagkuha ng basura dito sa amin bago pa lang kami lumipat,public_health_sanitation,low,synthetic,Justin,,tl
may bayad po ba ang anti rabies para sa aso namin o libre po sa health center,public_health_sanitation,low,synthetic,Justin,,tl
sana po may malagay na basurahan sa may waiting shed madalas kasi may kalat doon,public_health_sanitation,low,synthetic,Justin,,tl
tanong lang po kung tumatanggap pa kayo ng boluntaryo sa paglilinis tuwing sabado,public_health_sanitation,low,synthetic,Justin,,tl
anong araw po ang prenatal check up sa health center,public_health_sanitation,low,synthetic,Justin,,tl
meron po ba kayong ipapamigay na tarpaulin o papel tungkol sa tamang pagtatapon para maipaskil namin sa purok,public_health_sanitation,low,synthetic,Justin,,tl
gusto ko po sanang maipalista si lola sa libreng bakuna kontra trangkaso,public_health_sanitation,low,synthetic,Justin,,tl
ilang taon po ba ang saklaw ng libreng purga na ibinibigay niyo,public_health_sanitation,low,synthetic,Justin,,tl
sino po ba ang kausap kung may gustong mag donate ng gamot sa health center,public_health_sanitation,low,synthetic,Justin,,tl
dalawang linggo na pong hindi dumadaan ang trak sa purok 5 nagsisimula na pong umamoy ang mga nakatambak,public_health_sanitation,medium,synthetic,Justin,,tl
maraming ipis at daga sa loob ng lumang gusali sa tabi ng basketball court baka pasukin na ang mga bahay,public_health_sanitation,medium,synthetic,Justin,,tl
may bangkay ng pusa sa gilid ng kalsada mahigit dalawang araw na walang kumukuha,public_health_sanitation,medium,synthetic,Justin,,tl
yung bakanteng lote sa kanto puro na damo at tambakan na po ng mga dumadaan na taga labas,public_health_sanitation,medium,synthetic,Justin,,tl
hindi na po nalilinis ang palikuran sa covered court tuwing may laro sobrang sama ng amoy,public_health_sanitation,medium,synthetic,Justin,,tl
binubuhos po sa kanal ang dumi ng mga alagang baboy sa dulo ng kalye hindi na po kami makakain sa amoy,public_health_sanitation,medium,synthetic,Justin,,tl
humihingi po kami ng tulong dahil punong puno ng lamok ang paligid ng day care mahirap na po para sa mga bata,public_health_sanitation,medium,synthetic,Justin,,tl
araw araw pong nagbubuhos ng maruming tubig ang mga tindera ng isda sa gitna ng daan amoy na amoy na,public_health_sanitation,medium,synthetic,Justin,,tl
kailan po kaya magkakaroon ng libreng medical mission dito marami pong hindi kayang magpatingin sa ospital,public_health_sanitation,medium,synthetic,Justin,,tl
nagkalat po ang dumi ng aso sa harap ng day care hindi na malakaran ng mga bata pagpasok,public_health_sanitation,medium,synthetic,Justin,,tl
sirang sira na po ang takip ng malaking lalagyan sa kanto kaya nahahalungkat ng aso at pusa tuwing gabi,public_health_sanitation,medium,synthetic,Justin,unsure,tl
tulong po nakagat ng asong gala ang anak ko kanina sa may kanto dumudugo po saan po kami pupunta,public_health_sanitation,high,synthetic,Justin,,tl
may nakita po kaming mga hiringgilya at gamit pang ospital na nakatambak sa likod ng eskwelahan delikado po sa mga bata,public_health_sanitation,high,synthetic,Justin,,tl
apat na po ang nadala sa ospital dito sa purok namin dahil sa matinding pagtatae baka may kontaminasyon,public_health_sanitation,high,synthetic,Justin,unsure,tl
umaapaw na po ang poso negro namin at dumadaloy na sa kalsada may mga batang naglalaro diyan,public_health_sanitation,high,synthetic,Justin,,tl
tatlo na pong bata ang may dengue sa isang kalye lang sana po may aksyon agad bago pa dumami,public_health_sanitation,high,synthetic,Justin,,tl
GRABE NA PO ANG AMOY NG TAMBAK SA LIKOD NG PALENGKE NAGSUSUKA NA ANG ANAK KO DITO SA KABILA,public_health_sanitation,high,synthetic,Justin,,tl
may nagsusunog ng plastik at goma sa bakanteng lote tuwing hapon hirap na humingang tatay ko na may hika,public_health_sanitation,high,synthetic,Justin,,tl
nakita po naming may nagtatapon ng mga bangkay ng manok sa sapa kung saan kumukuha ng tubig ang iba diyan,public_health_sanitation,high,synthetic,Justin,,tl
pakibilisan po ang pagkuha sa likod ng health center may mga gamit na gasa at karayom na nakasabit sa labas,public_health_sanitation,high,synthetic,Justin,,tl
biglang naglabasan ang daga sa kusina ng feeding center baka madumihan ang pagkain ng mga bata itigil muna po sana,public_health_sanitation,high,synthetic,Justin,,tl
hi po tanong lang ano pong requirements para ma-avail yung free deworming ng mga anak ko,public_health_sanitation,low,synthetic,Justin,,taglish
pwede po ba mag-request ng extra na trash bin sa may basketball court kasi lagi pong puno,public_health_sanitation,low,synthetic,Justin,,taglish
gud am po ask ko lang kung anong time nag-o-open yung health center for consultation,public_health_sanitation,low,synthetic,Justin,,taglish
may schedule po ba ng anti rabies vaccination for pets this month gusto ko sana ipabakuna si aso,public_health_sanitation,low,synthetic,Justin,,taglish
ok lang po ba mag-compost sa likod bahay or bawal po yun dito sa bgy,public_health_sanitation,low,synthetic,Justin,,taglish
sana po ma-post niyo sa page yung updated collection days kasi lagi kaming naco-confuse,public_health_sanitation,low,synthetic,Justin,,taglish
tanong ko lang po kung pwede mag-volunteer sa clean up drive kahit hindi ako resident dito,public_health_sanitation,low,synthetic,Justin,,taglish
ask lang po kung may bayad ang pag-dispose ng lumang appliance or may special collection day po para dun,public_health_sanitation,low,synthetic,Justin,,taglish
hi po pa-check lang kung may libreng blood pressure monitoring every week sa health center,public_health_sanitation,low,synthetic,Justin,,taglish
grabe na po yung amoy ng kanal sa likod namin lalo na pag tanghali pwede po ba ma-check ng inspector,public_health_sanitation,medium,synthetic,Justin,,taglish
na-skip na naman po kami ng truck two weeks in a row nag-a-ipon na po yung mga supot sa kanto,public_health_sanitation,medium,synthetic,Justin,,taglish
sobrang dami pong lamok dito sa purok 2 pwede po ba ma-schedule ng fogging asap,public_health_sanitation,medium,synthetic,Justin,,taglish
may nag-i-illegal dumping po sa bakanteng lot sa likod ng chapel tuwing madaling araw sila nagta-throw,public_health_sanitation,medium,synthetic,Justin,,taglish
yung comfort room po sa terminal sobrang dirty na parang hindi na nililinis pwede po ba ma-inspect,public_health_sanitation,medium,synthetic,Justin,,taglish
ang daming stray dogs po sa may school gate kanina may nasugatan na bata na natumba habang hinahabol pwede po ba may pumunta ngayon,public_health_sanitation,high,synthetic,Justin,,taglish
yung septic tank po ng kabilang bahay parang may leak kasi amoy na amoy sa side namin pwede po ma-verify,public_health_sanitation,medium,synthetic,Justin,unsure,taglish
pwede po ba mag-report ng carinderia na nagbebenta ng expired na softdrinks nag-lbm kasi yung pamangkin ko,public_health_sanitation,medium,synthetic,Justin,,taglish
yung mga nagtitinda ng karne sa palengke hindi na po nagta-take ng yelo tapos nakabukas lang buong araw,public_health_sanitation,medium,synthetic,Justin,,taglish
kelan po ba ang next medical mission kasi ni-refer po ako ng health worker para sa free check up,public_health_sanitation,medium,synthetic,Justin,,taglish
may mga nagsusunog po ng kalat sa likod ng covered court almost every afternoon paulit ulit na po naming na-report,public_health_sanitation,medium,synthetic,Justin,,taglish
yung junk shop po sa kanto puno ng naiipong tubig sa mga lumang container baka maging breeding ground niyan,public_health_sanitation,medium,synthetic,Justin,,taglish
urgent po nakagat ng aso yung kapatid ko kanina need po ba agad mag-anti rabies san po kami pwede pumunta,public_health_sanitation,high,synthetic,Justin,,taglish
may patay na aso po sa gitna ng kalsada na-run over kahapon pa amoy na amoy pwede po ba ma-remove today,public_health_sanitation,high,synthetic,Justin,,taglish
five kids na po sa street namin ang naka-confine dahil sa dengue pwede po ba may mag-inspect ng mga naiipong tubig dito,public_health_sanitation,high,synthetic,Justin,,taglish
umaapaw na po yung sewage sa may dead end pumapasok na sa bahay grabe yung amoy tapos madulas na delikado,public_health_sanitation,high,synthetic,Justin,,taglish
PAKI ACTION PO ITO MAY NAGTAPON NG HOSPITAL WASTE SA LIKOD NG BAHAY NAMIN MAY DUGO SA MGA PLASTIC,public_health_sanitation,high,synthetic,Justin,,taglish
may naghahalo po ng chemical waste sa kanal galing sa maliit na shop nangangati na balat ng mga bata na naliligo sa ulan,public_health_sanitation,high,synthetic,Justin,,taglish
nag-food poisoning po yata yung mga bata after ng feeding kanina like 6 na po sila nagsusuka pa-check po agad,public_health_sanitation,high,synthetic,Justin,,taglish
yung tubig po sa poso namin kulay tsokolate na tapos may amoy marami na pong nagtatae dito sa purok,public_health_sanitation,high,synthetic,Justin,,taglish
rabid po yata yung asong gumagala dito sa kanto nangangagat na ng tao kanina pa pwede po ba may pumunta,public_health_sanitation,high,synthetic,Justin,unsure,taglish
Good day. May I ask what days the garbage truck passes along our street? We are new residents here. Thank you.,public_health_sanitation,low,synthetic,Justin,,en
hi is there a free deworming schedule for kids this quarter,public_health_sanitation,low,synthetic,Justin,,en
Good morning. I would like to inquire about the requirements for a health certificate for food handlers.,public_health_sanitation,low,synthetic,Justin,,en
can we request one more trash bin near the waiting shed please,public_health_sanitation,low,synthetic,Justin,,en
Where can we dispose of old paint cans and used motor oil? We do not want to throw them with the regular trash.,public_health_sanitation,low,synthetic,Justin,,en
Good afternoon. Kindly advise the operating hours of the health center on Saturdays. Thank you and God bless.,public_health_sanitation,low,synthetic,Justin,,en
just asking if the barangay still gives out free face masks and alcohol at the health center,public_health_sanitation,low,synthetic,Justin,,en
I would like to volunteer for the next street clean up. Please let me know once the schedule is out.,public_health_sanitation,low,synthetic,Justin,,en
good day is the anti rabies drive for pets happening again this year we missed it last time,public_health_sanitation,low,synthetic,Justin,,en
The collection in our area has been irregular for the past month. Kindly look into it as the piles are attracting flies.,public_health_sanitation,medium,synthetic,Justin,,en
there is a strong foul smell coming from the canal behind the chapel especially at night please have someone check it,public_health_sanitation,medium,synthetic,Justin,,en
Requesting for fogging in our purok. Mosquitoes have become unbearable and there are many small children living here.,public_health_sanitation,medium,synthetic,Justin,,en
Some residents are dumping their household waste in the empty lot near the creek. This has been going on for weeks.,public_health_sanitation,medium,synthetic,Justin,,en
the public toilet at the covered court is unusable no water and very dirty kindly assign someone to clean it regularly,public_health_sanitation,medium,synthetic,Justin,,en
May I report a group of stray dogs near the market that chase people on motorcycles. Someone might get hurt soon.,public_health_sanitation,medium,synthetic,Justin,,en
the drainage behind our block is packed with plastic and styro and the water there is now stagnant and smelly,public_health_sanitation,medium,synthetic,Justin,unsure,en
Good day. We would like to request a schedule for a medical mission as many senior citizens here cannot afford check ups.,public_health_sanitation,medium,synthetic,Justin,,en
there is a piggery near our street and the waste is being flushed into the open canal the smell is really bad,public_health_sanitation,medium,synthetic,Justin,,en
Kindly inspect the eatery near the terminal. The food is left uncovered and there are flies all over the display.,public_health_sanitation,medium,synthetic,Justin,,en
"the rats from the pile at the corner have gotten into our water drum and food storage and two of my kids now have fever, please help",public_health_sanitation,high,synthetic,Justin,,en
Please remind residents not to burn their leaves and plastics in the afternoon. The smoke covers the whole street.,public_health_sanitation,medium,synthetic,Justin,unsure,en
MY SON WAS BITTEN BY A STRAY DOG THIS MORNING NEAR THE STORE WE NEED HELP WITH THE VACCINE PLEASE,public_health_sanitation,high,synthetic,Justin,,en
Urgent. Medical waste including used gloves and blood tubes was dumped in the vacant lot beside the school. For your immediate action.,public_health_sanitation,high,synthetic,Justin,,en
sir the sewage line burst and waste water is flowing into the houses at the lower part of our street kids are wading in it,public_health_sanitation,high,synthetic,Justin,,en
We have three confirmed dengue cases in one household and two more with fever. Requesting immediate inspection of the area.,public_health_sanitation,high,synthetic,Justin,,en
there is a dead pig dumped in the creek and the stench is all over the neighborhood people downstream still use that water,public_health_sanitation,high,synthetic,Justin,,en
Many residents including children have been vomiting and having loose bowel movement since yesterday. We suspect the food served at the event. Please send help.,public_health_sanitation,high,synthetic,Justin,,en
nothing has been picked up for almost a month there are maggots now and the smell is making my asthmatic father sick,public_health_sanitation,high,synthetic,Justin,,en
A rabid looking dog is roaming near the day care and it already bit a tricycle driver. Please act now.,public_health_sanitation,high,synthetic,Justin,,en
they burn and dump at the back of the compound at night the ash and smoke enter our windows and my baby cannot breathe,public_health_sanitation,high,synthetic,Justin,unsure,en
pwede po bang humiling ng camera sa may kanto ng Purok 4 kasi madalas may nawawalang gamit dun,public_safety,low,synthetic,Justin,,tl
sana po may seminar tayo tungkol sa mga bagong modus ng mga manloloko lalo na sa mga matatanda dito,public_safety,low,synthetic,Justin,,tl
magandang araw po tanong ko lang kung ano po ang proseso ng pagpapatala ng nangyari sa amin noong nakaraang buwan,public_safety,low,synthetic,Justin,unsure,tl
mungkahi ko lang po sana maisama sa susunod na pulong ang pagbili ng flashlight at pito para sa bawat purok,public_safety,low,synthetic,Justin,,tl
malapit na po ang kapistahan sana po mas marami ang nakabantay sa gabi para hindi magulo tulad ng dati,public_safety,low,synthetic,Justin,,tl
meron po ba kayong isinasagawang fire drill dito sa amin gusto po sana naming matutunan kung paano gamitin ang extinguisher,public_safety,low,synthetic,Justin,,tl
nais ko po sanang malaman kung may women and children desk ba dito at anong oras po ito bukas,public_safety,low,synthetic,Justin,,tl
sana naman po may talakayan laban sa ipinagbabawal na gamot para sa mga kabataan ngayong bakasyon,public_safety,low,synthetic,Justin,,tl
hiling ko lang po sana dumaan minsan ang mga tanod sa bakanteng lote sa likod kasi tinatambayan tuwing hapon,public_safety,low,synthetic,Justin,,tl
ninakaw po yung sinampay naming damit kagabi pangalawang beses na po ito ngayong buwan,public_safety,medium,synthetic,Justin,,tl
nawala po yung bisikleta ng anak ko sa harap mismo ng bahay kahapon ng hapon may pinutol pong kadena,public_safety,medium,synthetic,Justin,,tl
gabi gabi po may sugalan sa likod ng tindahan ang dami ng tao hanggang madaling araw,public_safety,medium,synthetic,Justin,,tl
tuwing alas dos ng madaling araw may nagkakarera ng motor sa haba ng kalsada hindi na po kami makatulog,public_safety,medium,synthetic,Justin,,tl
may mga kabataan pong sumisinghot ng pandikit sa eskinita tuwing gabi nakikita ko po sila palagi pauwi,public_safety,medium,synthetic,Justin,,tl
may nagbukas po ng gate namin habang wala kami may gasgas ang kandado baka po balikan nila,public_safety,medium,synthetic,Justin,,tl
may mga lalaki pong palaging nakatambay sa kanto at binabastos ang mga estudyanteng dumadaan tuwing uwian,public_safety,medium,synthetic,Justin,,tl
pinagbantaan po ako ng kapitbahay na sasaktan niya ako pag nakita niya ako sa labas hindi na po ako lumalabas,public_safety,medium,synthetic,Justin,unsure,tl
sobrang bilis po ng mga delivery rider dito sa amin may nabangga na silang bata noong isang linggo,public_safety,medium,synthetic,Justin,,tl
may sasakyan pong nakaparada sa harap ng hydrant mahigit isang linggo na baka hindi makalapit ang bombero,public_safety,medium,synthetic,Justin,unsure,tl
may naririnig po kaming sigawan at iyakan sa katabing bahay halos gabi gabi na parang may sinasaktan,public_safety,medium,synthetic,Justin,,tl
TULONG PO MAY NASUSUNOG SA LIKOD NG PALENGKE KUMAKALAT NA PO SA MGA KABAHAYAN,public_safety,high,synthetic,Justin,,tl
may aksidente po sa kanto nabangga ang tricycle may duguan na nakahiga sa kalsada paki tawag po ng ambulansya,public_safety,high,synthetic,Justin,,tl
nawawala po ang lola ko simula kaninang umaga may sakit po siya sa pag alala baka po makarating sa malayo,public_safety,high,synthetic,Justin,,tl
may pumasok pong magnanakaw sa bahay ng kapitbahay nasa loob pa po sila ngayon nagtatago po kami dito,public_safety,high,synthetic,Justin,,tl
may lalaki pong hawak ay itak hinahabol ang kapatid niya sa kalsada ngayon na po paki puntahan,public_safety,high,synthetic,Justin,,tl
umaapoy po ang saksakan sa ilalim ng hagdan namin hindi na namin kayang patayin lumalaki na po,public_safety,high,synthetic,Justin,,tl
tatlong putok po ang narinig namin sa may eskinita kanina lang pumasok na po lahat sa bahay,public_safety,high,synthetic,Justin,,tl
may nanghahampas pong lalaki sa loob ng bahay sa kabila sumisigaw ang babae at bata pakipuntahan po agad,public_safety,high,synthetic,Justin,,tl
may nagtangka pong kunin ang isang bata sa may waiting shed kanina may puting sasakyan at mabilis na umalis,public_safety,high,synthetic,Justin,,tl
nabangga po ng van ang bata sa tabi ng eskwelahan wala pa pong tumutulong dito paki rescue po,public_safety,high,synthetic,Justin,,tl
gud pm po ask lang kung pwede ba ma-install ng brgy yung camera sa entrance ng eskinita namin willing po kami mag-share sa cost,public_safety,low,synthetic,Justin,,taglish
pano po mag-request ng copy ng record ng insidente kelangan po kasi i-submit sa insurance ng tricycle,public_safety,low,synthetic,Justin,unsure,taglish
pwede po ba ma-schedule yung anti-scam orientation para sa mga senior dito sa purok namin madami na po nabibiktima,public_safety,low,synthetic,Justin,,taglish
tanong lang po pwede po ba mag-volunteer sa night rounds kahit weekends lang kasi may work po ako weekdays,public_safety,low,synthetic,Justin,,taglish
pwede po kaya ma-assign ng extra tanod tuwing payday kasi madami po nagwi-withdraw sa may bayad center,public_safety,low,synthetic,Justin,,taglish
sana po ma-post ulit sa bulletin board yung updated list ng hotline numbers kasi yung luma po hindi na daw gumagana,other,low,synthetic,Justin,,taglish
gud am po meron po ba kayong self defense seminar para sa mga babae dito interested po kaming sumali,public_safety,low,synthetic,Justin,,taglish
before pa mag New Year sana po may orientation tayo about sa mga bawal na paputok kasi madami po nasusugatan every year,public_safety,low,synthetic,Justin,,taglish
suggest ko lang po sana ma-budget yung ilaw plus regular na rounds sa may creek kasi dun po madalas may nangho-holdap,public_safety,low,synthetic,Justin,unsure,taglish
na-snatch po yung cellphone ng kapatid ko kahapon ng hapon sa may sakayan riding in tandem daw po yung kumuha,public_safety,medium,synthetic,Justin,,taglish
yung mga motor po na walang muffler nag-iikot ng mga 2am parang nag-ra-race sila pwede po ba ma-monitor,public_safety,medium,synthetic,Justin,,taglish
na-break in po yung unit namin habang nasa work ako na-forced open yung padlock tapos nawala yung laptop,public_safety,medium,synthetic,Justin,,taglish
yung dating partner ko po palaging nag-aabang sa labas ng bahay namin na-block ko na po sa lahat pero pumupunta pa rin pano po ako mag-file,public_safety,medium,synthetic,Justin,,taglish
may nag-o-offer po ng ilegal na gamot sa mga bata sa likod ng eskwelahan na-witness po mismo ng anak ko,public_safety,medium,synthetic,Justin,,taglish
may nagpapanggap pong meter reader kaninang umaga pinipilit pumasok sa bahay ng lola ko paki-watch po sana,public_safety,medium,synthetic,Justin,,taglish
yung mga minors po nag-i-inom sa court tuwing weekend tapos nagkakalat ng bote pwede po ba ma-check ng tanod,public_safety,medium,synthetic,Justin,unsure,taglish
sobrang bilis po mag-drive nung mga tricycle sa may school zone na-graze na po yung bag ng anak ko last week,public_safety,medium,synthetic,Justin,,taglish
may abandonadong sasakyan po na naka-park sa eskinita for almost a month na may mga tao na natutulog sa loob medyo suspicious po,public_safety,medium,synthetic,Justin,,taglish
na-harass po ako ng grupo ng lalaki nung dumaan ako sa may talipapa sumisigaw sila ng bastos araw araw po yun,public_safety,medium,synthetic,Justin,,taglish
may nagbebenta po ng paputok sa loob mismo ng bahay nila ang dami ng stock na-worry po kami baka mag-explode kapitbahay lang po namin,public_safety,medium,synthetic,Justin,,taglish
MAY NASUSUNOG PO SA TABI NG SARI SARI STORE PAKIBILIS PO ANG FIRETRUCK MADAMI PONG BAHAY DITO,public_safety,high,synthetic,Justin,,taglish
tulong po nag-aaway na yung dalawang grupo ng teenagers may hawak na bakal nag-e-escalate na po,public_safety,high,synthetic,Justin,,taglish
nawawala po yung anak kong 6 years old since 4pm na-check na po namin lahat ng kapitbahay wala po talaga,public_safety,high,synthetic,Justin,,taglish
may na-crash pong motor sa may kurbada unconscious po yung rider need po ng tulong asap,public_safety,high,synthetic,Justin,,taglish
nasusunog po yung bakanteng lote sa likod kumakalat na sa mga bubong wala pong tubig dito sa amin,public_safety,high,synthetic,Justin,,taglish
may lasing pong lalaki hawak ay baril nagti-threaten sa mga tao sa may inuman nagtatago na po lahat,public_safety,high,synthetic,Justin,,taglish
na-holdap po yung tindahan sa kanto ngayon lang tumakbo papuntang highway yung dalawa may tinutok pong patalim,public_safety,high,synthetic,Justin,,taglish
may amoy pong nasusunog galing sa kabilang bahay tapos may usok na lumalabas sa bintana wala pong tao sa labas,public_safety,high,synthetic,Justin,,taglish
may nasagasaan po sa may crossing hindi po huminto yung sasakyan tumakas na po need po ng ambulansya dito,public_safety,high,synthetic,Justin,,taglish
na-corner po ng mga tao yung lalaki na nanakaw ng bag gugulpihin na po nila pakipigil po bago may masaktan,public_safety,high,synthetic,Justin,,taglish
Good day. I would like to request the installation of a security camera at the entrance of our purok. Several residents have reported missing items. Thank you.,public_safety,low,synthetic,Justin,,en
Sir may I ask if the barangay conducts an orientation on fire prevention for households. We would like to have one before summer. Thank you and God bless.,public_safety,low,synthetic,Justin,,en
Hello po how do I get a copy of an incident record that was taken down last year. My employer is asking for it.,public_safety,low,synthetic,Justin,unsure,en
May I suggest putting up a visible outpost sign at the corner of Purok 2. Even just the signage discourages the troublemakers at night.,public_safety,low,synthetic,Justin,,en
"sir kindly consider adding one more round at dawn, most of the incidents here happen between 2am and 4am when no one is around",public_safety,low,synthetic,Justin,,en
I am requesting a copy of the evacuation plan for our purok if there is one available. Thank you for your assistance.,public_safety,low,synthetic,Justin,,en
Is the women and children's desk open on Saturdays. I need to ask about something but I work on weekdays.,public_safety,low,synthetic,Justin,,en
Kindly include a drug awareness talk for the out of school youth in the next quarter activities. Many of them just stay at the court all day.,public_safety,low,synthetic,Justin,,en
Good morning. Our homeowners group would like to donate two fire extinguishers to the barangay outpost. Who should we coordinate with. Thank you.,public_safety,low,synthetic,Justin,,en
Our motorcycle was taken from the front of our house last night. The chain lock was cut. Kindly check if anyone saw anything.,public_safety,medium,synthetic,Justin,,en
There is a group of men gambling on the sidewalk every night until morning. They block the passage and shout at people who pass. Please look into it.,public_safety,medium,synthetic,Justin,,en
"sir someone tried to pry open our window last night, there are marks on the frame, we are scared they will come back tonight",public_safety,medium,synthetic,Justin,,en
A man has been following the girls from the school gate for the past week. He does not do anything but he waits there every afternoon.,public_safety,medium,synthetic,Justin,,en
Kindly look into the rented room beside us. There is heavy traffic of visitors at odd hours and we suspect something illegal is going on.,public_safety,medium,synthetic,Justin,,en
MY NEIGHBORS SON KEEPS THREATENING MY HUSBAND EVERY TIME HE IS DRUNK AND LAST NIGHT HE WAS CARRYING A PIECE OF WOOD,public_safety,medium,synthetic,Justin,unsure,en
Delivery vans use our street as a shortcut and they drive very fast. A child was almost hit yesterday. Kindly ask them to slow down or install a barrier.,public_safety,medium,synthetic,Justin,unsure,en
"good day, a fake charity collector came to our gate asking for donations and copies of our ID, other houses said the same person visited them. please warn the residents",public_safety,medium,synthetic,Justin,,en
There were teenagers throwing stones at passing vehicles near the corner last night. Someone will get hurt if this continues.,public_safety,medium,synthetic,Justin,,en
My sibling was punched by a stranger during an argument at the store yesterday. We want to have it placed on record. What do we need to bring.,public_safety,medium,synthetic,Justin,,en
A vehicle hit our parked tricycle and left without stopping. We only got part of the plate number. How do we report this properly.,public_safety,medium,synthetic,Justin,,en
FIRE AT THE HOUSE NEAR THE BASKETBALL COURT PLEASE SEND HELP NOW THERE ARE CHILDREN INSIDE,public_safety,high,synthetic,Justin,,en
Emergency. A man is hitting his wife inside their house right now. We can hear everything from here. Please send someone immediately.,public_safety,high,synthetic,Justin,,en
"Please help, an elderly man collapsed after he was hit by a motorcycle at the corner. He is bleeding and there is no ambulance yet.",public_safety,high,synthetic,Justin,,en
"Our neighbor's house is being robbed right now, two men went in through the back. We locked ourselves inside and cannot go out.",public_safety,high,synthetic,Justin,,en
My daughter has not come home since this morning and she is not answering her phone. She is twelve. We have checked all her classmates already.,public_safety,high,synthetic,Justin,,en
The gas tank at the carinderia caught fire and the flames are already reaching the roof. Please send the fire department immediately.,public_safety,high,synthetic,Justin,,en
"sir there are gunshots near the creek just now, three loud shots, everyone ran inside their houses, please respond",public_safety,high,synthetic,Justin,,en
Two groups of men are fighting with bladed weapons near the waiting shed right now. Someone is already injured. Please send help.,public_safety,high,synthetic,Justin,,en
A speeding van hit a post at the junction and the driver is unconscious inside. We need rescue here now.,public_safety,high,synthetic,Justin,,en
There is smoke coming from the second floor of the house across from us and no one is answering the door. Please send help right away.,public_safety,high,synthetic,Justin,,en
magandang umaga po kailan po kaya mapapalitan yung bombilya sa waiting shed sa may sakayan hindi naman po masyadong madilim dahil sa katabing tindahan pero sana po,road_infrastructure,low,synthetic,Justin,,tl
sana po malagyan ng karatula ng pangalan ang mga kalye dito sa purok 3 nahihirapan kasi maghanap ang mga naghahatid ng padala,road_infrastructure,low,synthetic,Justin,,tl
tanong lang po sino ang nag aasikaso sa pagpipinta ng waiting shed kupas na kupas na po yung kulay,road_infrastructure,low,synthetic,Justin,,tl
nais ko lang po imungkahi na lagyan ng bakal na hawakan ang hagdan paakyat sa covered court para may kapitan ang mga matatanda,road_infrastructure,low,synthetic,Justin,,tl
kelan po kaya ilalagay yung rampa para sa wheelchair sa harap ng barangay hall tanong lang po,road_infrastructure,low,synthetic,Justin,,tl
may balak po ba kayong lagyan ng harang o bakod yung gilid ng plaza para hindi na tinatawid ng mga motor yung sementadong bahagi,road_infrastructure,low,synthetic,Justin,,tl
medyo maalikabok po yung daan sa harap ng daycare tuwing tag init sana po mawisikan ng tubig paminsan minsan,road_infrastructure,low,synthetic,Justin,unsure,tl
kalawangin na po yung poste ng ring sa court baka pwedeng ipalit bago mag simula yung liga sa susunod na buwan,road_infrastructure,low,synthetic,Justin,,tl
ilang buwan na pong bali bali yung tabla ng upuan sa waiting shed sa kanto wala namang naupo dun pero pangit tingnan,road_infrastructure,low,synthetic,Justin,,tl
unti unti na pong nabibitak ang semento sa gitna ng daan papasok ng purok 4 mukhang lalala pag dumating ang tag ulan,road_infrastructure,medium,synthetic,Justin,,tl
nagkakalampag po yung takip ng kanal sa tapat ng tindahan tuwing may dumadaang sasakyan baka po mabali na yan isang araw,road_infrastructure,medium,synthetic,Justin,,tl
may naiwan pong tambak na hollow blocks at kahoy sa gilid ng daan mula nung nagpagawa ng bahay yung isang residente makitid tuloy ang dinadaanan,road_infrastructure,medium,synthetic,Justin,unsure,tl
dalawang linggo na pong hukay ang kalsada sa may kanto plywood lang ang pantakip hindi pa naibabalik yung semento,road_infrastructure,medium,synthetic,Justin,,tl
napakataas po ng bagong hump sa daan sumasagi na ang ilalim ng traysikel namin pwede po bang ipababa ng konti,road_infrastructure,medium,synthetic,Justin,,tl
kinakain na po ng ugat ng puno ang bangketa sa harap ng kapilya umaangat na ang semento natitisod na ang mga naglalakad,road_infrastructure,medium,synthetic,Justin,,tl
nawawala po yung isang bakal na rehas sa takip ng kanal sa tabi ng eskwelahan maliit pa ang butas pero lumalaki,road_infrastructure,medium,synthetic,Justin,,tl
pakisuri naman po yung bubong ng health center tumutulo na sa loob tuwing malakas ang ulan basa ang sahig sa waiting area,road_infrastructure,medium,synthetic,Justin,unsure,tl
sobrang dilim po ng eskinita papunta sa likod ng simbahan wala talagang nakatayong poste doon kahit isa,road_infrastructure,medium,synthetic,Justin,unsure,tl
sira na po yung takip ng drainage sa tapat ng sari sari store natatapakan pa po ng mga bata tuwing umaga paakyat ng school,road_infrastructure,medium,synthetic,Justin,,tl
dumadausdos po ang lupa sa gilid ng daan paakyat ng purok 5 tuwing umuulan unti unti nang nawawala ang gilid ng sementado,road_infrastructure,medium,synthetic,Justin,,tl
nabasag po ang sahig ng waiting shed sa harap ng palengke nakausli na ang bakal may nasugatan na pong bata kanina pakiayos agad,road_infrastructure,high,synthetic,Justin,,tl
MAY MALAKING BUTAS SA GITNA NG DAAN SA MAY KURBADA KANINA MAY NAAKSIDENTENG MOTOR PAKIHARANGAN MUNA PO BAGO MAY MASAKTAN ULIT,road_infrastructure,high,synthetic,Justin,,tl
bumigay na po yung sahig ng tulay na kawayan papuntang sitio hindi na po makadaan ang mga bata pagpasok bukas,road_infrastructure,high,synthetic,Justin,,tl
gumuho po ang pader ng kanal kasama ang kalahati ng daan kanina nakaawang na po sana matakpan bago gumabi,road_infrastructure,high,synthetic,Justin,,tl
natanggal po yung bakal na hagdan sa gilid ng tulay may nahulog na pong isang lalaki sa sapa kanina hapon paki ayos agad,road_infrastructure,high,synthetic,Justin,,tl
nakabukas po ngayon ang takip ng malaking kanal sa gitna ng kalsada nahulog na po ang paa ng isang bata kanina,road_infrastructure,high,synthetic,Justin,,tl
nagsisimula na pong lumubog at mabitak ang kalahati ng tulay pakidaanan naman po agad baka bumigay ito sa mga dumadaan,road_infrastructure,high,synthetic,Justin,,tl
tumumba na po ang pader ng covered court kanina may mga batang naglalaro dun nung mangyari yun pakiharangan po,road_infrastructure,high,synthetic,Justin,,tl
ANG BANGKETA SA HARAP NG PALENGKE UMAAMBA NANG BUMAGSAK SA KANAL SOBRANG LAKI NG BITAK PARANG ANUMANG ORAS GIGIBA NA YAN,road_infrastructure,high,synthetic,Justin,,tl
sinagi po ng dump truck ang poste ng ilaw sa kurbada baluktot na at nakasabit na lang sa kable baka bumagsak sa dinadaanan ng mga bata,road_infrastructure,high,synthetic,Justin,,tl
hi po tanong lang kung may plano ba mag repaint ng mga guhit sa parking area ng barangay hall di na po halos kita,road_infrastructure,low,synthetic,Justin,,taglish
pwede po ba mag request ng additional bench sa waiting shed kasi lagi pong puno tuwing hapon,road_infrastructure,low,synthetic,Justin,,taglish
gud pm po baka pwede ma check yung flooring ng court may mga maliliit na bitak medyo nakaka distract maglaro pero kaya pa naman,road_infrastructure,low,synthetic,Justin,,taglish
sino po ba in charge sa maintenance ng signage sa entrance ng purok namin kupas na po yung letra di na mabasa,road_infrastructure,low,synthetic,Justin,,taglish
ask ko lang po kung kasama ba ang street namin sa ipapa concrete this year curious lang po walang hurry,road_infrastructure,low,synthetic,Justin,,taglish
yung flagpole po sa harap ng hall medyo tagilid na pero di naman po urgent baka pwede i straighten pag may time kayo,road_infrastructure,low,synthetic,Justin,,taglish
pwede po ba mag suggest na lagyan ng reflectorized paint yung mga bollard sa plaza para kita sila pag gabi,road_infrastructure,low,synthetic,Justin,,taglish
medyo na rust na po yung railings ng footbridge baka ma schedule na i repaint bago pa lumala,road_infrastructure,low,synthetic,Justin,,taglish
pa update naman po sa timeline ng construction ng bagong daycare building thank you po,road_infrastructure,low,synthetic,Justin,unsure,taglish
naka park po palagi yung isang delivery truck sa makitid na kanto sobrang hirap mag maneuver ng traysikel pwede po ba i report yun,road_infrastructure,medium,synthetic,Justin,unsure,taglish
yung drainage cover po sa harap namin nabali na yung isang panig pwede po ba ma replace bago may matisod dyan,road_infrastructure,medium,synthetic,Justin,,taglish
sobrang dilim na po ng kalsada namin since na busted yung dalawang streetlight last month pwede po ba ma check ng electrician ng brgy,road_infrastructure,medium,synthetic,Justin,unsure,taglish
na delay po ata yung re asphalt sa daan namin kasi puro tambak ng graba na lang tapos madulas pag umuulan,road_infrastructure,medium,synthetic,Justin,,taglish
may nag excavate po dito last week tapos hindi na na restore yung semento nag iipon na ng tubig yung hukay,road_infrastructure,medium,synthetic,Justin,,taglish
pwede po ba ma inspect yung steel grating sa may footbridge parang luwag na yung tornilyo gumagalaw tuwing tinatapakan,road_infrastructure,medium,synthetic,Justin,,taglish
yung speed bump po sa may kanto nasira na yung kalahati nakalitaw yung bakal medyo delikado lalo sa motor,road_infrastructure,medium,synthetic,Justin,,taglish
ma request po sana ng guardrail sa curve papuntang purok 6 wala pong harang tapos mataas yung gilid papunta sa bangin,road_infrastructure,medium,synthetic,Justin,,taglish
pa check naman po yung ceiling ng lobby ng hall may bumagsak na maliit na piraso kanina buti walang tinamaan,road_infrastructure,medium,synthetic,Justin,,taglish
nag follow up lang po ulit sa sirang gutter ng covered court kasi tumatagas na sa loob tuwing may event dun,road_infrastructure,medium,synthetic,Justin,,taglish
yung poste po sa likod ng court parang na corrode na yung base medyo gumagalaw na pag malakas ang hangin,road_infrastructure,medium,synthetic,Justin,,taglish
URGENT PO NAHULOG YUNG BATA SA BUTAS NG BANGKETA KANINA NASUGATAN YUNG BINTI PLS PAAYOS AGAD BAGO MAY MASAKTAN ULIT,road_infrastructure,high,synthetic,Justin,,taglish
may nag collapse pong bahagi ng kalsada sa may kanto nung bumaha kagabi parang malalim na hukay na po ngayon walang harang,road_infrastructure,high,synthetic,Justin,,taglish
pa block po muna ng footbridge nabali na yung isang baitang sa hagdan nadapa na po yung dalawang estudyante kanina umaga,road_infrastructure,high,synthetic,Justin,,taglish
emergency po natanggal yung buong takip ng manhole sa gitna ng daan tapos madilim dyan walang makakakita nyan mamayang gabi,road_infrastructure,high,synthetic,Justin,,taglish
yung concrete fence po ng daycare umuugoy na sa isang side after ng lindol kanina baka bumagsak sa mga bata bukas,road_infrastructure,high,synthetic,Justin,,taglish
guys yung waiting shed sa kanto natumba yung kalahati ng bubong nakaharang na po sa kalsada ngayon walang makadaan,road_infrastructure,high,synthetic,Justin,,taglish
yung riprap po sa gilid ng creek nag crack na tapos yung daan sa taas parang lumulubog na pa check po agad,road_infrastructure,high,synthetic,Justin,,taglish
grabe po nabali yung kalahati ng slab sa tulay may sasakyan pong muntik mahulog kanina kailangan po ng barricade asap,road_infrastructure,high,synthetic,Justin,,taglish
may nakalitaw pong mga bakal sa gitna ng kalsada galing sa lumang cover nasabit na po dun yung gulong ng motor kanina,road_infrastructure,high,synthetic,Justin,,taglish
pakisara po muna yung eskinita bumigay yung takip ng kanal kanina hanggang hita po yung lalim ng nahulugan ng isang nanay,road_infrastructure,high,synthetic,Justin,,taglish
Good day. I would like to suggest installing a convex mirror at the blind corner near the covered court so vehicles can see oncoming traffic. Thank you.,road_infrastructure,low,synthetic,Justin,,en
hi may i ask if the barangay has a schedule for repainting the curb markings near the health center thanks,road_infrastructure,low,synthetic,Justin,,en
"Good morning po. May I know who to approach regarding a proposal to widen the walkway going to the chapel? No rush, thank you and God bless.",road_infrastructure,low,synthetic,Justin,,en
"the bench and roof of the small shed near purok 2 need repainting, not urgent but it already looks neglected",road_infrastructure,low,synthetic,Justin,,en
May I ask if there is a plan to install additional lamp posts along the pathway to the plaza this year? Thank you po.,road_infrastructure,low,synthetic,Justin,,en
"sir the barangay hall gate hinge is loose and it drags on the floor whenever we open it, kindly have it looked at when convenient",road_infrastructure,low,synthetic,Justin,,en
Good day po. Kindly consider putting a proper sign at the dead end so delivery vehicles stop entering our alley. Thank you.,road_infrastructure,low,synthetic,Justin,,en
"the concrete step at the entrance of the multipurpose hall is slightly uneven, low priority only but worth noting for the next repair",road_infrastructure,low,synthetic,Justin,,en
"is there a way for residents to donate cement for the pathway repair in our purok, asking on behalf of a few neighbors",road_infrastructure,low,synthetic,Justin,,en
Good day. The drain cover along the school route has one broken corner and the gap keeps widening. Kindly schedule a repair.,road_infrastructure,medium,synthetic,Justin,,en
"our lamp post flickers then goes out around midnight and it has been like this for two weeks, kindly have it inspected",road_infrastructure,medium,synthetic,Justin,unsure,en
there are deep ruts forming on the gravel road to purok 7 and motorcycles keep skidding there after the rain,road_infrastructure,medium,synthetic,Justin,,en
"kindly check the footbridge railing, three balusters are missing and the children lean on that part every afternoon",road_infrastructure,medium,synthetic,Justin,,en
the contractor left steel bars and a pile of sand on half of the road last week and nothing has been cleared since then,road_infrastructure,medium,synthetic,Justin,,en
Good afternoon. The ceiling panel of the day care center is sagging and the water stains keep spreading. For your appropriate action.,road_infrastructure,medium,synthetic,Justin,,en
may i report that a portion of the sidewalk near the terminal has sunk about four inches and vendors keep stumbling on it,road_infrastructure,medium,synthetic,Justin,,en
"the newly installed hump has no reflector or paint and drivers hit it hard at night, please have markings added",road_infrastructure,medium,synthetic,Justin,,en
one post at the corner is tilting toward the road and the lines above it now sag low over passing jeeps,road_infrastructure,medium,synthetic,Justin,,en
for your information the manhole cover near the outpost rattles loudly every time a truck passes and residents nearby cannot sleep,road_infrastructure,medium,synthetic,Justin,,en
"kindly include our alley in the next repair program, the surface has broken into loose chunks and dust gets into the houses",road_infrastructure,medium,synthetic,Justin,,en
URGENT A MOTORCYCLE JUST CRASHED INTO THE UNCOVERED DRAIN ALONG THE MAIN ROAD PLEASE SEND SOMEONE TO COVER IT NOW,road_infrastructure,high,synthetic,Justin,unsure,en
Sir the retaining wall behind the covered court is bulging and cracking and it may collapse onto the houses below. Immediate action po.,road_infrastructure,high,synthetic,Justin,,en
"please barricade the road near the corner store, the pavement caved in tonight and the hole is about a meter deep",road_infrastructure,high,synthetic,Justin,,en
"the stairway handrail of the footbridge gave way this morning and an elderly woman nearly fell to the road below, needs repair today",road_infrastructure,high,synthetic,Justin,,en
"a large concrete slab from the bridge parapet fell onto the lane just now and vehicles cannot pass safely, kindly respond asap",road_infrastructure,high,synthetic,Justin,,en
"the school perimeter wall facing the road is leaning badly after the quake and classes resume tomorrow, please inspect it today",road_infrastructure,high,synthetic,Justin,,en
ma'am the steel plate covering the excavation on our street flipped over when a truck passed and the pit is now open and unlit,road_infrastructure,high,synthetic,Justin,,en
"part of the court roof was ripped off by the wind and the sheets are hanging over the walkway, someone will get hit",road_infrastructure,high,synthetic,Justin,,en
"the lamp post at the corner snapped at the base and is now resting on our fence, please send a crew tonight",road_infrastructure,high,synthetic,Justin,,en
"the hall stairs collapsed at the second step and two people have already fallen today, please close it off immediately",road_infrastructure,high,synthetic,Justin,,en
magkano po ba ang bayad sa barangay clearance para sa trabaho at anong oras po kayo bukas,social_welfare,low,synthetic,Justin,,tl
tanong lang po kung ilang araw bago makuha ang certificate of residency,social_welfare,low,synthetic,Justin,,tl
sino po ba ang kinakausap para sa pagpapa-ID ng mga matatanda wala po kasi kaming makitang abiso sa bulletin board,social_welfare,low,synthetic,Justin,,tl
sana po may pagsasanay ulit tungkol sa pagtitinda ng kakanin gusto ko po sanang matuto para may maliit akong kita,social_welfare,low,synthetic,Justin,,tl
ano po ang dapat dalhin kapag mag-aapply ng barangay ID unang beses ko po kasi,social_welfare,low,synthetic,Justin,,tl
kailangan ko po ng papel na patunay na wala akong kita para po sa kaso namin ng kapitbahay ano po ang unang gagawin,social_welfare,low,synthetic,Justin,unsure,tl
gud am po pwede po bang malaman kung tuwing kailan ang pagpapalista ng mga bagong senior,social_welfare,low,synthetic,Justin,,tl
nawala po yung papel na binigay ninyo noong isang taon pwede po bang humingi ng kopya ulit,social_welfare,low,synthetic,Justin,,tl
salamat po at nakapagtapos ang panganay ko dahil sa naitulong ninyo noon tanong ko lang po kung pwede pa rin makasali ang bunso ko sa susunod,social_welfare,low,synthetic,Justin,,tl
isang buwan na po akong naghihintay sa resulta ng aplikasyon ko sa buwanang tulong wala pa rin pong sagot,social_welfare,medium,synthetic,Justin,,tl
buntis po ako walo na po ang buwan meron po ba kayong tulong sa pagpapaanak sana po masabihan ninyo ako bago pa ako manganak,social_welfare,medium,synthetic,Justin,,tl
naiwan po ang pangalan ng asawa ko sa listahan ng nakatanggap ng bigas kahit nakapila naman po siya bakit po ganoon,social_welfare,medium,synthetic,Justin,,tl
hiwalay na po ako sa mister ko at ako lang po ang bumubuhay sa tatlong bata ano po kaya ang pwede kong asikasuhin dito sa inyo,social_welfare,medium,synthetic,Justin,,tl
bedridden na po ang lola ko hindi na siya makalakad paano po kaya makukuha ang ID niya kailangan po sa ospital sa susunod na buwan,social_welfare,medium,synthetic,Justin,,tl
kailangan po ng anak ko ng katibayan na mahirap lang po kami para sa aplikasyon sa pag-aaral deadline po sa susunod na linggo,social_welfare,medium,synthetic,Justin,,tl
nagpapaalam lang po na hindi po nakarating ang pensyon ni tatay ngayong buwan pangalawang beses na po itong nangyari,social_welfare,medium,synthetic,Justin,,tl
TULONG PO KAILANGAN NG OXYGEN NI TATAY NGAYONG ARAW UBOS NA ANG TANGKE WALA PO KAMING PAMBILI NAHIHIRAPAN NA SIYANG HUMINGA,social_welfare,high,synthetic,Justin,,tl
may sakit po sa baga ang tatay ko at may pagpapatingin siya sa katapusan pwede po bang humingi ng tulong para sa gamot,social_welfare,medium,synthetic,Justin,,tl
gusto ko po sanang maisama ang bunso ko sa programa sa pagpapakain payat na payat na po kasi sabi ng health worker,social_welfare,medium,synthetic,Justin,unsure,tl
kailangan po ng papel galing sa inyo para sa aplikasyon namin sa pabahay hanggang katapusan na lang po ang pasahan,social_welfare,medium,synthetic,Justin,,tl
isang taon na po akong walang hanapbuhay at may tatlo akong anak sana po may mapagkakakitaan kahit maliit lang,social_welfare,medium,synthetic,Justin,,tl
kailangan ko po ngayong araw ng papel na nagpapatunay na mahirap lang kami dahil hindi po palalabasin ang anak ko sa ospital kung wala nito,social_welfare,high,synthetic,Justin,,tl
namatay po ang asawa ko kagabi wala po kaming pambayad sa punerarya hinihingi na po nila ngayon din ang bayad,social_welfare,high,synthetic,Justin,,tl
iniinda po ng nanay ko ang sakit niya bukas na po ang schedule ng dialysis niya wala po kaming pera pakiusap po tulungan ninyo kami,social_welfare,high,synthetic,Justin,,tl
pinaaalis na po kami sa tinitirhan bukas ng umaga wala po kaming matutuluyan may dalawa po akong maliliit na anak,social_welfare,high,synthetic,Justin,,tl
WALA NA PO KAMING MAKAIN DALAWANG ARAW NA TUBIG LANG ANG NAIPAPAINOM KO SA MGA BATA TULONG PO KAHIT ANO,social_welfare,high,synthetic,Justin,,tl
inoopera po ang anak ko mamayang hapon kulang pa po kami ng labinlimang libo sana po may maitulong kayo ngayon din,social_welfare,high,synthetic,Justin,,tl
nawasak po ang bubong namin sa bagyo kagabi sa labas po kami natutulog ngayon may matanda pa po kaming kasama,social_welfare,high,synthetic,Justin,unsure,tl
kailangan po ng lola ko ng gamot niya sa puso mamayang gabi ubos na po ang natitira at wala na kaming pambili,social_welfare,high,synthetic,Justin,,tl
ngayon lang po natapos ang burol ng tatay ko pero wala pa rin po kaming pambayad sa nitso kailangan na po bukas ng umaga,social_welfare,high,synthetic,Justin,,tl
hi po tanong lang how much po yung processing fee ng indigency at pwede po ba walk in,social_welfare,low,synthetic,Justin,,taglish
gud pm po pano po mag-apply ng senior ID ni papa ano po requirements need po ba mag-online,social_welfare,low,synthetic,Justin,,taglish
pwede po ba ma-check kung updated pa yung record namin sa listahan curious lang po kasi matagal na di nag-update,social_welfare,low,synthetic,Justin,,taglish
meron po ba kayong schedule ng livelihood training this month interested po sana ako mag-enroll sa baking,social_welfare,low,synthetic,Justin,,taglish
ask ko lang po kung anong oras nag-uumpisa yung releasing ng cert para di po ako ma-late sa work,social_welfare,low,synthetic,Justin,,taglish
gusto ko po sana mag-volunteer sa pagluluto para sa mga bata baka po may slot kayo tuwing weekend,social_welfare,low,synthetic,Justin,unsure,taglish
paano po ba mag-renew ng PWD ID ng anak ko na-expire na po kasi last year pa,social_welfare,low,synthetic,Justin,,taglish
tanong lang po kung yung first time job seeker cert dito po ba kinukuha or sa city hall po,social_welfare,low,synthetic,Justin,,taglish
may open po ba na pang-aral na tulong for incoming college di po kasi kami updated sa mga announcement ninyo,social_welfare,low,synthetic,Justin,,taglish
na-delay po yung release ng ayuda namin last month pwede po ba mag-follow up kung kelan yung bago,social_welfare,medium,synthetic,Justin,,taglish
single mom po ako need ko po ma-secure yung ID para ma-avail ko yung discount sa gamot ng anak ko,social_welfare,medium,synthetic,Justin,,taglish
nag-file na po kami ng application for medical assistance two weeks ago pero wala pa rin pong update pwede po pa-check,social_welfare,medium,synthetic,Justin,,taglish
yung tatay ko po na-stroke last month naka-wheelchair na siya ngayon meron po ba kayong tulong na pwede namin ma-apply-an,social_welfare,medium,synthetic,Justin,,taglish
na-tanggal po ako sa trabaho nung isang buwan pwede po ba ako makasali sa cash for work na program ninyo,social_welfare,medium,synthetic,Justin,,taglish
need po namin ng certification na resident kami dito para sa housing application deadline po next week,social_welfare,medium,synthetic,Justin,,taglish
yung anak ko po kulang daw sa timbang sabi sa health center pwede po ba siya ma-include sa pagpapakain ninyo,social_welfare,medium,synthetic,Justin,unsure,taglish
PAKI FOLLOW UP NAMAN PO YUNG PENSYON NI NANAY TATLONG BUWAN NA PONG WALANG DUMARATING NAKAKAPAGOD NA PO MAGBALIK BALIK,social_welfare,medium,synthetic,Justin,,taglish
pwede po bang ma-request yung listahan ng mga qualified gusto lang po namin malaman kung kasama ba kami o hindi,social_welfare,medium,synthetic,Justin,,taglish
na-hold po yung enrollment ng anak ko kasi kulang ng papel na galing sa inyo pwede po ba ma-rush this week,social_welfare,medium,synthetic,Justin,,taglish
hi po yung lola ko po matanda na pero di pa rin siya nakakatanggap ng buwanang tulong pwede po ba ma-verify kung naipasa ba talaga,social_welfare,medium,synthetic,Justin,,taglish
emergency po need ko ng indigency ngayon na po admitted na si nanay sa ER at di sila mag-proceed sa operation pag wala,social_welfare,high,synthetic,Justin,,taglish
namatay po yung tatay ko kaninang umaga need po namin ng tulong pang-libing asap wala po talaga kaming pang-funeral,social_welfare,high,synthetic,Justin,,taglish
na-evict po kami kanina lang gamit namin nasa labas na may senior pa po kaming kasama saan po kami pwedeng mapunta ngayong gabi,social_welfare,high,synthetic,Justin,,taglish
URGENT PO ANG ANAK KO NASA HOSPITAL KAILANGAN NG TRANSFUSION BUKAS WALA PO KAMING PAMBAYAD PLS PO TULONG,social_welfare,high,synthetic,Justin,,taglish
nasunog po yung bahay namin kaninang madaling araw wala na po kaming damit at pagkain pwede po ba kaming ma-assist ngayon,social_welfare,high,synthetic,Justin,,taglish
yung mister ko po na-aksidente kanina naka-confine siya need po namin ng tulong pang-ospital wala po kaming maasahan,social_welfare,high,synthetic,Justin,,taglish
di po kami nakakain since kahapon tatlo pong bata dito baka po may natira pang relief ngayon lang po ako nakahingi ng tulong,social_welfare,high,synthetic,Justin,,taglish
kailangan po ng gamot ni tatay sa puso today na lang po yung stock namin wala na po kaming pang-refill,social_welfare,high,synthetic,Justin,,taglish
pina-discharge na po kami pero di kami pwede lumabas hanggat di bayad yung bill need po namin ng assistance today talaga,social_welfare,high,synthetic,Justin,,taglish
wala na po kaming gatas ng baby ko since kahapon tubig lang po ang naipapainom ko sa kanya baka po may maitulong kayo ngayon,social_welfare,high,synthetic,Justin,,taglish
Good day. May I ask what documents are required for a certificate of residency? Thank you.,social_welfare,low,synthetic,Justin,,en
hi what are the office hours for claiming the indigency cert,social_welfare,low,synthetic,Justin,,en
Good morning po. I would like to inquire if there is an ongoing scholarship program for senior high students. Thank you and God bless.,social_welfare,low,synthetic,Justin,,en
is the senior citizen booklet for the grocery discount issued here or do we still go to the city,social_welfare,low,synthetic,Justin,,en
Good day sir. Kindly advise the schedule of the next livelihood seminar as I would like to join.,social_welfare,low,synthetic,Justin,,en
how much is the clearance for employment and do i need to bring my own picture,social_welfare,low,synthetic,Justin,,en
Hello. I would like to ask about the requirements for a solo parent identification card for my daughter who is a working mother.,social_welfare,low,synthetic,Justin,,en
just asking if the feeding for the kids is still running this school year my nephew wants to join,social_welfare,low,synthetic,Justin,,en
Good afternoon. Is there a list of available programs for out of school youth in our area? Thank you.,social_welfare,low,synthetic,Justin,unsure,en
I applied for financial assistance three weeks ago and have not received any update. Kindly check the status of my application.,social_welfare,medium,synthetic,Justin,,en
my mother is almost eighty and still not receiving her monthly pension even if we submitted everything last year please help us follow up,social_welfare,medium,synthetic,Justin,,en
Good day po. My son needs a certification of low income for his enrollment and the deadline is on Friday. Kindly advise how to process it.,social_welfare,medium,synthetic,Justin,,en
i lost my job last month and i have two kids in school is there any program here i can apply for,social_welfare,medium,synthetic,Justin,,en
My father had a stroke and can no longer walk. Is there any assistance available for a wheelchair or for therapy sessions?,social_welfare,medium,synthetic,Justin,,en
we were not included in the last distribution even though our name was on the list can you please explain what happened,social_welfare,medium,synthetic,Justin,,en
KINDLY ATTEND TO OUR REQUEST WE HAVE BEEN FOLLOWING UP FOR ONE MONTH ALREADY REGARDING THE MEDICINE OF MY WIFE,social_welfare,medium,synthetic,Justin,,en
Hello po. I am a solo parent and I would like to know if my children qualify for the educational aid being given this quarter.,social_welfare,medium,synthetic,Justin,,en
asking for help with school supplies for my three children classes start next week and we really cannot afford it,social_welfare,medium,synthetic,Justin,,en
Good day. I am requesting to be included in the list for the upcoming work program as I am currently unemployed. Thank you for your consideration.,social_welfare,medium,synthetic,Justin,,en
my husband has tb and needs maintenance medicine every month can the barangay help with the cost we are running out of savings,social_welfare,medium,synthetic,Justin,unsure,en
I urgently need a certificate of indigency today. My mother is being admitted for surgery tomorrow and the hospital will not proceed without it.,social_welfare,high,synthetic,Justin,,en
my father passed away this morning and we have no money for the funeral we need burial assistance as soon as possible,social_welfare,high,synthetic,Justin,,en
WE WERE EVICTED THIS MORNING AND WE ARE NOW ON THE STREET WITH TWO SMALL CHILDREN PLEASE HELP US TONIGHT,social_welfare,high,synthetic,Justin,,en
our house burned down last night and we lost everything. where can we get immediate relief for food and clothing,social_welfare,high,synthetic,Justin,,en
Good evening. My daughter is scheduled for dialysis tomorrow morning and we are short of funds. We are begging for any help today.,social_welfare,high,synthetic,Justin,,en
we have not eaten since yesterday and i have an infant is there any food aid available right now,social_welfare,high,synthetic,Justin,,en
please help my son is confined and the hospital is asking for a guarantee letter before they operate this afternoon,social_welfare,high,synthetic,Justin,,en
the typhoon took our roof and we are sleeping in the open with my bedridden mother we need help today,social_welfare,high,synthetic,Justin,,en
my wife needs her maintenance medicine tonight and we have nothing left we already borrowed from everyone we know,social_welfare,high,synthetic,Justin,,en
Sir we are requesting emergency assistance. My brother met an accident and is in the ICU and we cannot pay the deposit.,social_welfare,high,synthetic,Justin,unsure,en
magkano po ba ang bayad kapag magpapakabit ng sariling metro ng kuryente ang isang bagong bahay,utilities,low,synthetic,Justin,,tl
tanong ko lang po kung saan pwedeng magbayad ng tubig dito sa loob ng barangay may koleksyon po ba kayo tuwing katapusan,utilities,low,synthetic,Justin,,tl
may diskwento po ba ang mga senior citizen sa singil ng kuryente at paano po ito naipapatala,utilities,low,synthetic,Justin,,tl
sana po may makapagkabit na rin ng linya ng internet dito sa amin wala pa pong serbisyo hanggang ngayon sa dulo ng purok,utilities,low,synthetic,Justin,,tl
gusto ko po sanang malaman kung bakit magkaiba ang oras ng pagdating ng tubig sa magkabilang gilid ng kalye namin,utilities,low,synthetic,Justin,,tl
gud pm po kelan po ba ulit maglilinis ng kanal ang barangay taunan po ba yan o may takdang buwan,utilities,low,synthetic,Justin,,tl
nakapaskil po sa poste na may gawain sa linya sa huwebes anong oras po ba matatapos may gagamitin kasi kaming makina,utilities,low,synthetic,Justin,,tl
pwede po bang malaman kung sino ang kontratista ng proyekto sa kanal dito sa amin gusto ko lang po sanang magtanong,utilities,low,synthetic,Justin,,tl
matagal na pong hindi nababasa ang metro namin tantiya lang daw ang singil tama po ba yon,utilities,low,synthetic,Justin,,tl
tatlong gabi na pong paputol putol ang ilaw namin natatakot na akong masira ang lamigan,utilities,medium,synthetic,Justin,,tl
hindi umaabot ang tubig sa ikalawang palapag ng bahay namin mula noong isang linggo balde balde pa kaming umaakyat,utilities,medium,synthetic,Justin,,tl
may tumutulo pong tubo sa gilid ng kalsada araw gabi nasasayang lang ang tubig sana po matingnan,utilities,medium,synthetic,Justin,,tl
umaapaw ang kanal sa likod ng covered court tuwing malakas ang ulan sana po malinis bago pa lumala,utilities,medium,synthetic,Justin,,tl
dalawang linggo na pong putol ang linya ng internet namin hindi makasali sa klase ang mga bata,utilities,medium,synthetic,Justin,,tl
doble po ang dating singil namin sa tubig ngayong buwan wala namang nabago sa gamit namin ano po kaya ang dahilan,utilities,medium,synthetic,Justin,,tl
maputik at madilaw ang lumalabas sa gripo tuwing bumabalik ang tubig pagkatapos ng interruption ilang beses na pong ganito,utilities,medium,synthetic,Justin,,tl
may nagtatapon po ng mga tira tira sa kanal sa gilid namin kaya barado at bumabaha na tuwing umuulan,utilities,medium,synthetic,Justin,unsure,tl
hindi po humuhupa ang baha sa amin kahit tapos na ang ulan halos dalawang araw nang nakatubig ang buong bakuran,utilities,medium,synthetic,Justin,unsure,tl
paulit ulit pong bumabagsak ang kuryente tuwing hapon simula nang uminit ang panahon,utilities,medium,synthetic,Justin,,tl
halos sampung beses nang nagbago ang lakas ng agos ng tubig ngayong araw minsan wala minsan meron ano po ang nangyayari,utilities,medium,synthetic,Justin,,tl
pinutulan po kami ng linya ng tubig kahit bayad naman kami may resibo po ako walang tubig ang bahay simula kahapon,utilities,high,synthetic,Justin,,tl
apat na araw na pong tuyo ang gripo namin sa purok 3 malayo na ang inaabot namin para makaigib may mga matatanda po dito,utilities,high,synthetic,Justin,,tl
WALANG ILAW BUONG KALYE MULA KAGABI MAY NAKARATAY KAMING PASYENTE DITO PAKI ASIKASO PO AGAD,utilities,high,synthetic,Justin,,tl
pumasok na po ang baha sa loob ng bahay namin umaakyat pa nakapatong na kami sa mesa tulong po,utilities,high,synthetic,Justin,,tl
may sumasabog na kable sa poste may kislap at usok tapos namatay na ang ilaw sa buong hanay namin,utilities,high,synthetic,Justin,,tl
walang tubig po simula kahapon may pasyente po kaming naka dialysis dito na kailangan ng malinis na tubig araw araw,utilities,high,synthetic,Justin,,tl
hindi po umaandar ang bomba sa istasyon kaya patuloy na tumataas ang baha sa mababang bahagi ng amin,utilities,high,synthetic,Justin,,tl
wala pong ilaw mula pa kahapon nasira na ang mga pagkain sa lamigan namin may sanggol din kaming inaalagaan dito,utilities,high,synthetic,Justin,,tl
hanggang baywang na po ang tubig sa may kanto may mga matatanda ditong nakatira na hindi makalikas mag isa,utilities,high,synthetic,Justin,,tl
biglang nawala ang kuryente namin tapos may amoy sunog sa may metro ano po ba ang dapat naming gawin,utilities,high,synthetic,Justin,,tl
hi po tanong lang kung san pwede mag-file ng complaint about sa sobrang taas ng bill ng kuryente namin,utilities,low,synthetic,Justin,,taglish
pano po mag-apply ng sariling water connection meron po ba kayong listahan ng requirements dyan,utilities,low,synthetic,Justin,,taglish
pwede po ba ma-check kung tama yung reading ng meter namin mataas ng konti this month pero ok lang naman,utilities,low,synthetic,Justin,,taglish
gud am po ask lang kung kelan ang next schedule ng declogging dito sa amin baka mag-rainy season na naman,utilities,low,synthetic,Justin,,taglish
sino po ba ang contact person kapag may ire-report kaming problema sa linya ng cable at internet dito sa brgy,utilities,low,synthetic,Justin,,taglish
may plano po ba ang brgy na mag-install ng additional water line sa may likod ng chapel kasi wala pa po kami dun,utilities,low,synthetic,Justin,,taglish
pwede po ba ma-request ng copy ng schedule ng rotating brownout para ma-plan ko yung work from home ko,utilities,low,synthetic,Justin,,taglish
tanong lang po kung pwede pa ma-extend yung due date ng bayad sa tubig this month sweldo pa po kasi next week,utilities,low,synthetic,Justin,,taglish
pwede po ba ma-schedule ng barangay yung pag-linis ng canal bago pa mag-typhoon season kasi last year na-flood kami ng todo,utilities,low,synthetic,Justin,,taglish
medyo mabagal lang naman po yung internet namin kaya lang di na talaga kaya ng video call ni misis sino po ba i-report,utilities,medium,synthetic,Justin,,taglish
grabe po yung fluctuation kanina na-brownout tapos bumalik tapos na-off ulit nasira na yung tv namin,utilities,medium,synthetic,Justin,,taglish
yung kanal sa likod ng bahay namin sobrang barado na kaya kahit ambon lang nag-o-overflow na agad,utilities,medium,synthetic,Justin,,taglish
since last week wala pong signal yung cable at internet namin na-cut daw yung line nung may construction,utilities,medium,synthetic,Justin,,taglish
mabaho tsaka madilaw yung tubig namin every time na bumabalik after ng interruption baka po pwede ma-test muna,utilities,medium,synthetic,Justin,,taglish
ang hina po ng tubig pag gabi kaya di na kami makapag-laba pwede po ba ipa-check kung may problema sa linya,utilities,medium,synthetic,Justin,,taglish
bakit po lagi kaming na-i-skip sa pag-read ng meter tapos bigla na lang lalaki ang bill pwede po ba mag-request ng actual reading,utilities,medium,synthetic,Justin,,taglish
may malaking leak po sa tubo sa may kanto tumatalsik ang tubig buong araw sayang po pwede ba ma-repair,utilities,medium,synthetic,Justin,,taglish
everytime na matagal umulan nag-a-accumulate yung tubig sa may dead end namin di na makalabas yung mga sasakyan,utilities,medium,synthetic,Justin,unsure,taglish
yung poste sa tapat namin nakahilig na tsaka sagging na yung mga wire baka po may ma-disgrasya dito,road_infrastructure,medium,synthetic,Justin,,taglish
halos araw araw na po nag-i-interrupt yung kuryente dito since na-install yung bagong transformer baka pwede ma-inspect,utilities,medium,synthetic,Justin,,taglish
pinutulan po kami ng kuryente kahit bayad na may proof of payment ako 2 days na kaming walang ilaw may baby po kami,utilities,high,synthetic,Justin,,taglish
WALANG TUBIG 3 DAYS NA DITO SA AMIN WALA MAN LANG ADVISORY PANO NA PO KAMI MAGLULUTO AT MAKAKAPAGLINIS,utilities,high,synthetic,Justin,,taglish
grabe po yung tubig dito umabot na sa loob ng bahay lumulutang na yung mga gamit namin pa-help naman po,utilities,high,synthetic,Justin,,taglish
may nag-spark na transformer sa kanto tapos nag-blackout buong purok baka po ma-check agad delikado talaga,utilities,high,synthetic,Justin,,taglish
na-flood po yung buong ground floor namin kasi umapaw yung creek tapos barado pa yung drainage need po namin ng tulong ngayon din,utilities,high,synthetic,Justin,unsure,taglish
wala kaming kuryente since kahapon tapos naka-oxygen concentrator yung tatay ko pwede po ba kami ma-prioritize,utilities,high,synthetic,Justin,,taglish
bigla na lang na-cut yung tubig namin walang announcement tapos may maysakit kaming bata na kailangan paliguan at pag-boil ng tubig,utilities,high,synthetic,Justin,,taglish
rumaragasa na po yung tubig galing sa drainage papasok sa mga bahay dito sa lower area tumataas pa rin hanggang ngayon,utilities,high,synthetic,Justin,,taglish
nag-shortcircuit po yung meter namin may usok na tapos wala na kaming ilaw ano po ba ang gagawin namin,utilities,high,synthetic,Justin,,taglish
delikado na po yung nakalubog na wire sa baha dito sa may kanto pa-cut naman po ng power bago may ma-kuryente,utilities,high,synthetic,Justin,unsure,taglish
Good day. I would like to inquire where we can settle our water bill within the barangay. Thank you and God bless.,utilities,low,synthetic,Justin,,en
hi sir just asking if there is a posted schedule for the monthly canal cleaning in our area,utilities,low,synthetic,Justin,unsure,en
Good morning po. May I ask what documents are needed to apply for a separate electric meter for our newly built house? Thank you.,utilities,low,synthetic,Justin,,en
"our bill this month is slightly higher than usual, not a big deal but can someone explain how the reading is computed",utilities,low,synthetic,Justin,,en
"is there any plan to extend the drainage line up to the end of our street, we are only asking for information",utilities,low,synthetic,Justin,,en
Good afternoon. Kindly advise if the barangay has a list of accredited internet providers serving our area. Thank you.,utilities,low,synthetic,Justin,,en
"who do we contact regarding a request for a new water line connection in Purok 5, thank you po",utilities,low,synthetic,Justin,,en
just want to confirm if the announced power interruption next week will also cover the houses near the covered court,utilities,low,synthetic,Justin,,en
Good day po. I would like to request a copy of the advisory on the scheduled service interruption so we can inform the residents in our purok. Thank you.,utilities,low,synthetic,Justin,,en
"sir our water pressure drops to nothing every evening from six onwards, this has been going on for two weeks already kindly check",utilities,medium,synthetic,Justin,,en
Good day. Our electric bill has doubled this month despite no change in our consumption. We would like to request assistance in disputing this. Thank you.,utilities,medium,synthetic,Justin,,en
"the canal beside our house is completely silted and even light rain makes the water back up into our yard, kindly have it cleared",utilities,medium,synthetic,Justin,,en
"our internet and cable line has been down for eleven days now, my children cannot attend their online classes, please help us follow up",utilities,medium,synthetic,Justin,,en
"there is a continuous leak from the main pipe near the corner, water has been running for three days and no one has come to fix it",utilities,medium,synthetic,Justin,,en
"we experience voltage drops almost every afternoon, our refrigerator compressor already gave up, kindly have the line inspected",utilities,medium,synthetic,Justin,,en
Good evening. The water from our tap has been cloudy with a musty smell since the last interruption. May we request that it be tested before we use it for drinking. Thank you.,utilities,medium,synthetic,Justin,,en
"the electric wires along our street are hanging very low, a delivery truck almost snagged them yesterday, for your immediate action please",utilities,medium,synthetic,Justin,unsure,en
"we received a disconnection notice even though our payments are updated, kindly help us clarify with the provider before they cut our line",utilities,medium,synthetic,Justin,,en
"our meter has not been physically read for three months and we are only billed estimates, kindly assist us in requesting an actual reading",utilities,medium,synthetic,Justin,,en
"may we request the desilting of the drainage along the back road before the rains start, last year the water reached our doorstep",utilities,medium,synthetic,Justin,,en
"we have had no water for four days sir, we keep buying from the refilling station and we cannot afford it anymore, please do something",utilities,high,synthetic,Justin,,en
NO POWER SINCE LAST NIGHT IN OUR ENTIRE BLOCK. MY MOTHER IS ON A NEBULIZER. PLEASE COORDINATE WITH THE PROVIDER IMMEDIATELY.,utilities,high,synthetic,Justin,,en
"flood water is already inside our house and still rising, we have small children here, we need help now",utilities,high,synthetic,Justin,,en
"a transformer near the corner exploded and caught fire, the whole area is dark, kindly send someone urgently",utilities,high,synthetic,Justin,,en
"the drainage has completely backed up and foul water is flowing into the ground floor units, this is urgent",utilities,high,synthetic,Justin,unsure,en
"there is an exposed live wire lying in the flood at the corner, please have the power cut before someone is electrocuted",public_safety,high,synthetic,Justin,,en
"our water was cut off without notice and we have a bedridden patient at home who needs to be cleaned daily, please help us",utilities,high,synthetic,Justin,,en
"power has been out for over twenty four hours and our stored medicine needs refrigeration, kindly advise when it will be restored",utilities,high,synthetic,Justin,,en
"the pumping station is not running and the water in the low lying part of our purok keeps rising, residents may need to evacuate",utilities,high,synthetic,Justin,,en
"our electric meter started smoking and the breaker keeps tripping, we shut everything off, we need someone to check this today",utilities,high,synthetic,Justin,,en
Unemployed head of household requesting livelihood assistance program information.,social_welfare,low,synthetic,Jean,,
"Stagnant water sa likod ng mga bahay sa Zone 3, posibleng lugar ng lamok, dengue risk.",public_health_sanitation,high,synthetic,Jean,unsure,
Garbage collection truck skipped Basilan Street for five days.,public_health_sanitation,low,synthetic,Jean,,
"Electric post leaning dangerously after the storm on Mindanao Street, may cause a power line outage.",utilities,medium,synthetic,Jean,,
"Low water pressure for five days, barely enough for daily use.",utilities,low,synthetic,Jean,,
Landlord threatening to evict a tenant without proper notice in Purok 3.,neighbor_dispute,medium,synthetic,Jean,,
"Dispute over shared wall damage between two houses in Purok 3, owners blaming each other.",neighbor_dispute,low,synthetic,Jean,,
Just want to confirm if the barangay office on Tramo Road is open on Saturdays.,other,low,synthetic,Jean,,
Requesting ayuda dahil apektado ng power outage sa Purok 1 at nasira ang mga pagkain sa refrigerator.,social_welfare,medium,synthetic,Jean,,
Want to know the process for registering a new business permit in Zone 1.,other,low,synthetic,Jean,,
Foul smell coming from a clogged septic tank shared by several households in Purok 1.,public_health_sanitation,medium,synthetic,Jean,,
Just asking for directions to the nearest satellite barangay office from Lieutenant Cerrado Street.,other,low,synthetic,Jean,,
"Broken drainage canal cover along Cebu Street, patag na at may sira ang laman, pero walang baha na naganap.",road_infrastructure,low,synthetic,Jean,,
Just want to confirm if the barangay office on Catanduanes Street is open on Saturdays.,other,low,synthetic,Jean,,
Collapsed section of retaining wall along Leyte Street after heavy rain.,road_infrastructure,high,synthetic,Jean,unsure,
Clogged drainage causing the street to flood every time it rains in Purok 7.,utilities,medium,synthetic,Jean,,
Streetlights along the basketball court in Purok 1 have been out buong linggo na.,road_infrastructure,low,synthetic,Jean,,
Cockroach infestation spreading from an abandoned lot on Mindanao Street to nearby houses.,public_health_sanitation,medium,synthetic,Jean,,
"Stagnant floodwater has not receded for several hours already, smells and breeding mosquitoes.",public_health_sanitation,high,synthetic,Jean,unsure,
"Kapitbahay namin sa Leyte Street ay maingay sa hatinggabi, hindi kami makatulog.",neighbor_dispute,medium,synthetic,Jean,,
Reklamo tungkol sa alagang manok ng kapitbahay na gumagala sa bakuran namin sa Mindanao Street.,neighbor_dispute,low,synthetic,Jean,,
Just asking for directions to the nearest satellite barangay office from A. Fojas Street.,other,low,synthetic,Jean,,
Just asking for directions to the nearest satellite barangay office from Masbate Street.,other,low,synthetic,Jean,,
General inquiry about the upcoming barangay assembly schedule in Zone 1.,other,low,synthetic,Jean,,
Want to know the process for registering a new business permit in Zone 2.,other,low,synthetic,Jean,,
"Illegal firecracker selling reported near a residential area in Zone 2, fire hazard.",public_safety,medium,synthetic,Jean,,
"Elderly resident living alone in Purok 5 needs medical assistance, walang tumutulong na kamag-anak.",social_welfare,high,synthetic,Jean,unsure,
Just asking for directions to the nearest satellite barangay office from Tramo Road.,other,low,synthetic,Jean,,
Family displaced by flood in Zone 2 needs relief goods and temporary shelter.,social_welfare,high,synthetic,Jean,unsure,
Just want to confirm if the barangay office on Penguin Street is open on Saturdays.,other,low,synthetic,Jean,,
"Walang tubig sa Amaya Drive buong araw na, hindi na po ito unang beses mangyari.",utilities,medium,synthetic,Jean,,
Clogged drainage causing water to back up into houses in Purok 7 during heavy rain.,utilities,high,synthetic,Jean,unsure,
"Financial assistance needed, nasunugan ang bahay namin sa Zone 3 kahapon.",social_welfare,high,synthetic,Jean,unsure,
Multiple potholes on Mindanao Street unrepaired for almost a week.,road_infrastructure,low,synthetic,Jean,,
"Minors seen violating curfew hours, loitering near the plaza almost every night.",public_safety,low,synthetic,Jean,,
"Dispute over shared wall damage between two houses in Purok 5, owners blaming each other.",neighbor_dispute,low,synthetic,Jean,,
Paano po mag-apply ng ayuda para sa mga senior citizen sa Zone 2?,social_welfare,low,synthetic,Jean,,
"Sidewalk pavement cracked and uneven on A. Fojas Street, tripping hazard for elderly pedestrians.",road_infrastructure,medium,synthetic,Jean,,
Cockroach infestation spreading from an abandoned lot on D. Cesa Street to nearby houses.,public_health_sanitation,medium,synthetic,Jean,,
"Open manhole cover near the school on Mindanao Street, a child almost fell in.",public_safety,high,synthetic,Jean,unsure,
Landlord threatening to evict a tenant without proper notice in Purok 4.,neighbor_dispute,medium,synthetic,Jean,,
"Illegal firecracker selling reported near a residential area in Purok 6, fire hazard.",public_safety,medium,synthetic,Jean,,
"Dispute over shared wall damage between two houses in Purok 2, owners blaming each other.",neighbor_dispute,low,synthetic,Jean,,
Flooding sa Penguin Street tuwing umuulan dahil sa clogged drainage.,utilities,high,synthetic,Jean,unsure,
Illegal gambling activity reported behind a store on Captain E-Bocalan Street.,public_safety,medium,synthetic,Jean,,
Requesting ayuda dahil apektado ng power outage sa Purok 7 at nasira ang mga pagkain sa refrigerator.,social_welfare,medium,synthetic,Jean,,
General inquiry about the upcoming barangay assembly schedule in Zone 2.,other,low,synthetic,Jean,,
Family displaced by flood in Purok 4 needs relief goods and temporary shelter.,social_welfare,high,synthetic,Jean,unsure,
Cracked road surface on D. Cesa Street causing motorcycle accidents during rainy season.,road_infrastructure,high,synthetic,Jean,unsure,
Persistent shouting matches between roommates disturbing the whole apartment building on Balite Street.,neighbor_dispute,medium,synthetic,Jean,,
Just asking for directions to the nearest satellite barangay office from Amaya Drive.,other,low,synthetic,Jean,,
Persistent shouting matches between roommates disturbing the whole apartment building on Basilan Street.,neighbor_dispute,medium,synthetic,Jean,,
Paano po mag-apply ng ayuda para sa mga senior citizen sa Purok 2?,social_welfare,low,synthetic,Jean,,
"Report of dengue cases rising in Zone 2, need fogging operation.",public_health_sanitation,high,synthetic,Jean,unsure,
"Low water pressure buong linggo na, barely enough for daily use.",utilities,low,synthetic,Jean,,
Neighbor's dog keeps barking almost every night and the owner refuses to do anything about it.,neighbor_dispute,low,synthetic,Jean,,
Family displaced by flood in Purok 5 needs relief goods and temporary shelter.,social_welfare,high,synthetic,Jean,unsure,
Reklamo tungkol sa alagang manok ng kapitbahay na gumagala sa bakuran namin sa Tramo Road.,neighbor_dispute,low,synthetic,Jean,,
Cockroach infestation spreading from an abandoned lot on Leyte Street to nearby houses.,public_health_sanitation,medium,synthetic,Jean,,
"Stray cats multiplying in a vacant lot on D. Cesa Street, some appear aggressive toward passersby.",public_safety,low,synthetic,Jean,,
"Hindi na po kinukuha ang basura sa Lieutenant Cerrado Street for almost a month, umaamoy na.",public_health_sanitation,medium,synthetic,Jean,,
"Open manhole cover near the school on Callejon-8, a child almost fell in.",public_safety,high,synthetic,Jean,unsure,
Want to know the process for registering a new business permit in Purok 4.,other,low,synthetic,Jean,,
"Open manhole cover near the school on Penguin Street, a child almost fell in.",public_safety,high,synthetic,Jean,unsure,
"Report of dengue cases rising in Purok 6, need fogging operation.",public_health_sanitation,high,synthetic,Jean,unsure,
"Brownout every afternoon buong linggo na, affecting small businesses on Cebu Street.",utilities,medium,synthetic,Jean,,
"Walang tubig sa Cebu Street buong araw na, hindi na po ito unang beses mangyari.",utilities,medium,synthetic,Jean,,
Just want to confirm if the barangay office on Mindanao Street is open on Saturdays.,other,low,synthetic,Jean,,
"Stray dogs biting garbage bags and scattering trash all over Captain E-Bocalan Street, unsanitary mess.",public_health_sanitation,medium,synthetic,Jean,,
Want to know the process for registering a new business permit in Purok 1.,other,low,synthetic,Jean,,
"Low water pressure for two days now, barely enough for daily use.",utilities,low,synthetic,Jean,,
Neighbor's dog keeps barking tuwing Sabado ng gabi and the owner refuses to do anything about it.,neighbor_dispute,low,synthetic,Jean,,
No electricity restored for five days after the last storm in Purok 4.,utilities,high,synthetic,Jean,unsure,
"Electric post leaning dangerously after the storm on Amaya Drive, may cause a power line outage.",utilities,medium,synthetic,Jean,,
Barangay tanod reports an increase in snatching incidents along Balite Street tuwing Sabado ng gabi.,public_safety,high,synthetic,Jean,unsure,
Garbage collection truck skipped Leyte Street ilang araw na na.,public_health_sanitation,low,synthetic,Jean,,
"Financial assistance needed, nasunugan ang bahay namin sa Purok 1 kahapon.",social_welfare,high,synthetic,Jean,unsure,
"Health center walang available doctor tuwing Lunes, sobrang daming pasyente.",public_health_sanitation,medium,synthetic,Jean,,
Requesting ayuda dahil apektado ng power outage sa Purok 4 at nasira ang mga pagkain sa refrigerator.,social_welfare,medium,synthetic,Jean,,
Request for an indigency certificate for a medical assistance application.,social_welfare,medium,synthetic,Jean,,
"Elderly resident living alone in Zone 3 needs medical assistance, walang tumutulong na kamag-anak.",social_welfare,high,synthetic,Jean,unsure,
"Footbridge railing broken in Purok 5, students use it daily to cross the creek.",road_infrastructure,high,synthetic,Jean,unsure,
"Brownout every afternoon for several hours already, affecting small businesses on Catanduanes Street.",utilities,medium,synthetic,Jean,,
"Dispute over shared wall damage between two houses in Purok 7, owners blaming each other.",neighbor_dispute,low,synthetic,Jean,,
Streetlight not working ilang araw na na along Leyte Street.,road_infrastructure,low,synthetic,Jean,,
"Brownout every afternoon for five days, affecting small businesses on Captain E-Bocalan Street.",utilities,medium,synthetic,Jean,,
"Broken drainage canal cover along Penguin Street, patag na at may sira ang laman, pero walang baha na naganap.",road_infrastructure,low,synthetic,Jean,,
"Kapitbahay namin sa Mindanao Street ay maingay early in the morning, hindi kami makatulog.",neighbor_dispute,medium,synthetic,Jean,,
"Stray dogs biting garbage bags and scattering trash all over Catanduanes Street, unsanitary mess.",public_health_sanitation,medium,synthetic,Jean,,
Just asking for directions to the nearest satellite barangay office from Mindanao Street.,other,low,synthetic,Jean,,
Family displaced by flood in Purok 2 needs relief goods and temporary shelter.,social_welfare,high,synthetic,Jean,unsure,
Collapsed section of retaining wall along Antero Soriano Highway after heavy rain.,road_infrastructure,high,synthetic,Jean,unsure,
Persistent shouting matches between roommates disturbing the whole apartment building on Callejon-8.,neighbor_dispute,medium,synthetic,Jean,,
Neighbor's dog keeps barking during rush hour and the owner refuses to do anything about it.,neighbor_dispute,low,synthetic,Jean,,
"Eroding road shoulder near the creek in Purok 3, getting worse after each storm.",road_infrastructure,medium,synthetic,Jean,,
"Malnourished children reported in Purok 4, requesting feeding program support.",social_welfare,high,synthetic,Jean,unsure,
Just want to confirm if the barangay office on Callejon-8 is open on Saturdays.,other,low,synthetic,Jean,,
"Open manhole cover near the school on Balite Street, a child almost fell in.",public_safety,high,synthetic,Jean,unsure,
"Financial assistance needed, nasunugan ang bahay namin sa Zone 1 kahapon.",social_welfare,high,synthetic,Jean,unsure,
Ano po ang operating hours ng barangay hall sa Purok 3?,other,low,synthetic,Jean,,
Tenant complaint: co-tenant playing loud music almost every night in a shared apartment.,neighbor_dispute,medium,synthetic,Jean,,
Just want to confirm if the barangay office on Turtle Street is open on Saturdays.,other,low,synthetic,Jean,,
Family feud next door has escalated to shouting matches tuwing Sabado ng gabi.,neighbor_dispute,high,synthetic,Jean,unsure,
Just want to confirm if the barangay office on Bohol Street is open on Saturdays.,other,low,synthetic,Jean,,
"Fallen electric wire near Leyte Street after the typhoon, exposed and unrepaired.",utilities,high,synthetic,Jean,unsure,
Want to know the process for registering a new business permit in Purok 6.,other,low,synthetic,Jean,,
Multiple potholes on Masbate Street unrepaired for almost a month.,road_infrastructure,low,synthetic,Jean,,
"Malaking pothole sa Callejon-8, nakakasira ng gulong ng mga sasakyan.",road_infrastructure,medium,synthetic,Jean,,
Clogged drainage causing water to back up into houses in Purok 6 during heavy rain.,utilities,high,synthetic,Jean,unsure,
Cockroach infestation spreading from an abandoned lot on Callejon-8 to nearby houses.,public_health_sanitation,medium,synthetic,Jean,,
Reklamo tungkol sa alagang manok ng kapitbahay na gumagala sa bakuran namin sa Captain E-Bocalan Street.,neighbor_dispute,low,synthetic,Jean,,
Want to know the process for registering a new business permit in Purok 2.,other,low,synthetic,Jean,,
Unsecured vacant house on Leyte Street being used as a hangout by unknown individuals at night.,public_safety,medium,synthetic,Jean,,
Rat infestation reported near the public market in Purok 6.,public_health_sanitation,medium,synthetic,Jean,,
"Manhole cover missing for weeks near Amaya Drive, needs replacement.",road_infrastructure,low,synthetic,Jean,,
Just want to confirm if the barangay office on Balite Street is open on Saturdays.,other,low,synthetic,Jean,,
"Minors seen violating curfew hours, loitering near the plaza during rush hour.",public_safety,low,synthetic,Jean,,
"Sidewalk pavement cracked and uneven on Masbate Street, tripping hazard for elderly pedestrians.",road_infrastructure,medium,synthetic,Jean,,
"Manhole cover missing for weeks near Lieutenant Cerrado Street, needs replacement.",road_infrastructure,low,synthetic,Jean,,
"Sidewalk pavement cracked and uneven on Catanduanes Street, tripping hazard for elderly pedestrians.",road_infrastructure,medium,synthetic,Jean,,
"Illegal dumping of construction debris along Antero Soriano Highway, blocking the waterway.",public_health_sanitation,medium,synthetic,Jean,,
"May mga taong nakababad sa labas ng bahay sa Tramo Road during rush hour, kahina-hinala.",public_safety,high,synthetic,Jean,unsure,
Clogged drainage causing water to back up into houses in Purok 4 during heavy rain.,utilities,high,synthetic,Jean,unsure,
Asking for a copy of the barangay ordinance on curfew hours.,other,low,synthetic,Jean,,
Paano po mag-request ng barangay clearance online?,other,low,synthetic,Jean,,
Requesting ayuda dahil apektado ng power outage sa Zone 1 at nasira ang mga pagkain sa refrigerator.,social_welfare,medium,synthetic,Jean,,
Multiple potholes on Basilan Street unrepaired for over two weeks.,road_infrastructure,low,synthetic,Jean,,
"Low water pressure for three days straight, barely enough for daily use.",utilities,low,synthetic,Jean,,
"Malnourished children reported in Zone 2, requesting feeding program support.",social_welfare,high,synthetic,Jean,unsure,
Paano po mag-apply ng ayuda para sa mga senior citizen sa Zone 1?,social_welfare,low,synthetic,Jean,,
Unsecured vacant house on Mindanao Street being used as a hangout by unknown individuals at night.,public_safety,medium,synthetic,Jean,,
Garbage collection truck skipped Catanduanes Street for almost a week.,public_health_sanitation,low,synthetic,Jean,,
Discolored tap water reported by several households in Purok 6.,utilities,medium,synthetic,Jean,,
"Power outage sa buong Purok 7 simula kagabi, ilang oras na.",utilities,high,synthetic,Jean,unsure,
"Pack of stray dogs chasing pedestrians and acting aggressively near Antero Soriano Highway, safety concern.",public_safety,high,synthetic,Jean,unsure,
Garbage collection truck skipped Masbate Street buong linggo na.,public_health_sanitation,low,synthetic,Jean,,
Rat infestation reported near the public market in Zone 2.,public_health_sanitation,medium,synthetic,Jean,,
Paano po mag-apply ng ayuda para sa mga senior citizen sa Purok 5?,social_welfare,low,synthetic,Jean,,
General inquiry about the upcoming barangay assembly schedule in Purok 6.,other,low,synthetic,Jean,,
Paano po mag-apply ng ayuda para sa mga senior citizen sa Zone 3?,social_welfare,low,synthetic,Jean,,
"Power outage sa buong Purok 4 simula kagabi, ilang oras na.",utilities,high,synthetic,Jean,unsure,
No electricity restored for almost a week after the last storm in Purok 4.,utilities,high,synthetic,Jean,unsure,
"May mga taong nakababad sa labas ng bahay sa Basilan Street early in the morning, kahina-hinala.",public_safety,high,synthetic,Jean,unsure,
Requesting ayuda dahil apektado ng power outage sa Purok 2 at nasira ang mga pagkain sa refrigerator.,social_welfare,medium,synthetic,Jean,,
Continuous verbal harassment from a next-door neighbor over parking space on Leyte Street.,neighbor_dispute,medium,synthetic,Jean,,
Reklamo tungkol sa alagang manok ng kapitbahay na gumagala sa bakuran namin sa Cebu Street.,neighbor_dispute,low,synthetic,Jean,,
Clogged drainage causing water to back up into houses in Zone 3 during heavy rain.,utilities,high,synthetic,Jean,unsure,
Paano po mag-apply ng ayuda para sa mga senior citizen sa Purok 4?,social_welfare,low,synthetic,Jean,,
Tenant complaint: co-tenant playing loud music during rush hour in a shared apartment.,neighbor_dispute,medium,synthetic,Jean,,
"Stagnant water sa likod ng mga bahay sa Zone 2, posibleng lugar ng lamok, dengue risk.",public_health_sanitation,high,synthetic,Jean,unsure,
"Malnourished children reported in Purok 3, requesting feeding program support.",social_welfare,high,synthetic,Jean,unsure,
"Illegal firecracker selling reported near a residential area in Purok 2, fire hazard.",public_safety,medium,synthetic,Jean,,
Threats exchanged between two households in Purok 3 over a right-of-way disagreement.,neighbor_dispute,high,synthetic,Jean,unsure,
"Fireworks being set off illegally near residential homes in Zone 1, fire risk.",public_safety,high,synthetic,Jean,unsure,
"Noise complaint: loud videoke from a neighboring house tuwing madaling araw, residents can't rest.",neighbor_dispute,high,synthetic,Jean,unsure,
"Suspicious van parked outside the school on Penguin Street for several hours already, possible casing for theft.",public_safety,high,synthetic,Jean,unsure,
"Pack of stray dogs chasing pedestrians and acting aggressively near Masbate Street, safety concern.",public_safety,high,synthetic,Jean,unsure,
Garbage collection truck skipped Bohol Street for two days now.,public_health_sanitation,low,synthetic,Jean,,
Garbage collection truck skipped Tramo Road for two days now.,public_health_sanitation,low,synthetic,Jean,,
Nagkaaway ang mga kapitbahay sa Purok 5 dahil sa basura na itinatapon sa harap ng bahay ng isa.,neighbor_dispute,medium,synthetic,Jean,,
Garbage collection truck skipped Antero Soriano Highway for over two weeks.,public_health_sanitation,low,synthetic,Jean,,
"Suspicious van parked outside the school on Leyte Street for several hours already, possible casing for theft.",public_safety,high,synthetic,Jean,unsure,
Boundary dispute with a neighbor over a fence line on Masbate Street that has gone on since last night.,neighbor_dispute,medium,synthetic,Jean,,
"Elderly resident living alone in Purok 1 needs medical assistance, walang tumutulong na kamag-anak.",social_welfare,high,synthetic,Jean,unsure,
Streetlights along the basketball court in Purok 3 have been out since last night.,road_infrastructure,low,synthetic,Jean,,
Family displaced by flood in Purok 1 needs relief goods and temporary shelter.,social_welfare,high,synthetic,Jean,unsure,
"Kapitbahay namin sa Tramo Road ay maingay tuwing Sabado ng gabi, hindi kami makatulog.",neighbor_dispute,medium,synthetic,Jean,,
Overflowing communal trash bin attracting flies and stray dogs in Zone 2.,public_health_sanitation,medium,synthetic,Jean,,
Just want to confirm if the barangay office on D. Cesa Street is open on Saturdays.,other,low,synthetic,Jean,,
Foul smell coming from a clogged septic tank shared by several households in Purok 7.,public_health_sanitation,medium,synthetic,Jean,,
Rat infestation reported near the public market in Purok 7.,public_health_sanitation,medium,synthetic,Jean,,
"Stagnant floodwater has not receded since last night, smells and breeding mosquitoes.",public_health_sanitation,high,synthetic,Jean,unsure,
"Walang tubig sa Bohol Street buong araw na, hindi na po ito unang beses mangyari.",utilities,medium,synthetic,Jean,,
"Hindi na po kinukuha ang basura sa Balite Street buong linggo na, umaamoy na.",public_health_sanitation,medium,synthetic,Jean,,
"Stagnant floodwater has not receded for almost a week, smells and breeding mosquitoes.",public_health_sanitation,high,synthetic,Jean,unsure,
"Hindi na po kinukuha ang basura sa Leyte Street buong linggo na, umaamoy na.",public_health_sanitation,medium,synthetic,Jean,,
"Fallen electric wire near Lieutenant Cerrado Street after the typhoon, exposed and unrepaired.",utilities,high,synthetic,Jean,unsure,
General inquiry about the upcoming barangay assembly schedule in Purok 1.,other,low,synthetic,Jean,,
"Stray dogs roaming in packs, chasing children near the school in Zone 3.",public_safety,medium,synthetic,Jean,,
Solo parent requesting information on the cash assistance program.,social_welfare,low,synthetic,Jean,,
Unfinished road widening project has left exposed rebar and debris on Captain E-Bocalan Street.,road_infrastructure,medium,synthetic,Jean,,
Tenant complaint: co-tenant playing loud music tuwing gabi in a shared apartment.,neighbor_dispute,medium,synthetic,Jean,,
"Stray dogs biting garbage bags and scattering trash all over Bohol Street, unsanitary mess.",public_health_sanitation,medium,synthetic,Jean,,
"Power outage sa buong Purok 6 simula kagabi, ilang oras na.",utilities,high,synthetic,Jean,unsure,
Recurring flash flood at the intersection of Basilan Street whenever it rains for more than an hour.,utilities,high,synthetic,Jean,unsure,
"Fireworks being set off illegally near residential homes in Purok 3, fire risk.",public_safety,high,synthetic,Jean,unsure,
Nagkaaway ang mga kapitbahay sa Purok 4 dahil sa basura na itinatapon sa harap ng bahay ng isa.,neighbor_dispute,medium,synthetic,Jean,,
Family displaced by flood in Purok 7 needs relief goods and temporary shelter.,social_welfare,high,synthetic,Jean,unsure,
Continuous verbal harassment from a next-door neighbor over parking space on D. Cesa Street.,neighbor_dispute,medium,synthetic,Jean,,
"Power outage sa buong Purok 1 simula kagabi, ilang oras na.",utilities,high,synthetic,Jean,unsure,
Drainage blockage near the market causing bad odor and flooding risk.,utilities,medium,synthetic,Jean,,
"Stray dogs biting garbage bags and scattering trash all over Masbate Street, unsanitary mess.",public_health_sanitation,medium,synthetic,Jean,,
Barangay tanod reports an increase in snatching incidents along Basilan Street tuwing madaling araw.,public_safety,high,synthetic,Jean,unsure,
Rat infestation reported near the public market in Zone 1.,public_health_sanitation,medium,synthetic,Jean,,
Just asking for directions to the nearest satellite barangay office from Turtle Street.,other,low,synthetic,Jean,,
Flooding sa D. Cesa Street tuwing umuulan dahil sa clogged drainage.,utilities,high,synthetic,Jean,unsure,
Ano po ang operating hours ng barangay hall sa Purok 4?,other,low,synthetic,Jean,,
"Hindi na po kinukuha ang basura sa Penguin Street for over two weeks, umaamoy na.",public_health_sanitation,medium,synthetic,Jean,,
Continuous verbal harassment from a next-door neighbor over parking space on Penguin Street.,neighbor_dispute,medium,synthetic,Jean,,
Paano po mag-apply ng ayuda para sa mga senior citizen sa Purok 3?,social_welfare,low,synthetic,Jean,,
Just asking for directions to the nearest satellite barangay office from Basilan Street.,other,low,synthetic,Jean,,
"Suspicious van parked outside the school on Balite Street for three days straight, possible casing for theft.",public_safety,high,synthetic,Jean,unsure,
"Stray dogs roaming in packs, chasing children near the school in Purok 5.",public_safety,medium,synthetic,Jean,,
"Electric post leaning dangerously after the storm on Turtle Street, may cause a power line outage.",utilities,medium,synthetic,Jean,,
Persistent shouting matches between roommates disturbing the whole apartment building on Leyte Street.,neighbor_dispute,medium,synthetic,Jean,,
Family feud next door has escalated to shouting matches tuwing gabi.,neighbor_dispute,high,synthetic,Jean,unsure,
"May mga taong nakababad sa labas ng bahay sa Antero Soriano Highway tuwing Sabado ng gabi, kahina-hinala.",public_safety,high,synthetic,Jean,unsure,
"Minors seen violating curfew hours, loitering near the plaza tuwing Sabado ng gabi.",public_safety,low,synthetic,Jean,,
Family displaced by flood in Zone 3 needs relief goods and temporary shelter.,social_welfare,high,synthetic,Jean,unsure,
"Malaking pothole sa Turtle Street, nakakasira ng gulong ng mga sasakyan.",road_infrastructure,medium,synthetic,Jean,,
"Manhole cover missing for weeks near Balite Street, needs replacement.",road_infrastructure,low,synthetic,Jean,,
"Stray cats multiplying in a vacant lot on Lieutenant Cerrado Street, some appear aggressive toward passersby.",public_safety,low,synthetic,Jean,,
"May mga taong nakababad sa labas ng bahay sa Antero Soriano Highway tuwing weekend, kahina-hinala.",public_safety,high,synthetic,Jean,unsure,
"Stagnant floodwater has not receded buong linggo na, smells and breeding mosquitoes.",public_health_sanitation,high,synthetic,Jean,unsure,
"Concrete lamp post leaning after roadworks on Antero Soriano Highway, needs to be re-anchored.",road_infrastructure,medium,synthetic,Jean,,
"Water meter reading dispute, billed amount doesn't match actual usage.",utilities,low,synthetic,Jean,,
Missing road signage at a dangerous intersection near Captain E-Bocalan Street.,road_infrastructure,medium,synthetic,Jean,,
Family feud next door has escalated to shouting matches early in the morning.,neighbor_dispute,high,synthetic,Jean,unsure,
Clogged drainage causing water to back up into houses in Purok 1 during heavy rain.,utilities,high,synthetic,Jean,unsure,
"Report of an armed altercation near D. Cesa Street, residents scared to go outside.",public_safety,high,synthetic,Jean,unsure,
"May mga taong nakababad sa labas ng bahay sa Masbate Street tuwing Sabado ng gabi, kahina-hinala.",public_safety,high,synthetic,Jean,unsure,
Ano po ang operating hours ng barangay hall sa Purok 1?,other,low,synthetic,Jean,,
Threats exchanged between two households in Purok 4 over a right-of-way disagreement.,neighbor_dispute,high,synthetic,Jean,unsure,
Public toilet near the market is unsanitary and has no running water.,public_health_sanitation,medium,synthetic,Jean,,
Unsecured vacant house on Basilan Street being used as a hangout by unknown individuals at night.,public_safety,medium,synthetic,Jean,,
"Walang tubig sa Turtle Street buong araw na, hindi na po ito unang beses mangyari.",utilities,medium,synthetic,Jean,,
Just want to confirm if the barangay office on Cebu Street is open on Saturdays.,other,low,synthetic,Jean,,
"Request for repair of a damaged road railing near the bridge on Leyte Street, risk of falling.",road_infrastructure,high,synthetic,Jean,unsure,
Requesting ayuda dahil apektado ng power outage sa Zone 2 at nasira ang mga pagkain sa refrigerator.,social_welfare,medium,synthetic,Jean,,
Cracked road surface on Antero Soriano Highway causing motorcycle accidents during rainy season.,road_infrastructure,high,synthetic,Jean,unsure,
"Brownout every afternoon for five days, affecting small businesses on A. Fojas Street.",utilities,medium,synthetic,Jean,,
"Malnourished children reported in Purok 2, requesting feeding program support.",social_welfare,high,synthetic,Jean,unsure,
"Report of an armed altercation near Catanduanes Street, residents scared to go outside.",public_safety,high,synthetic,Jean,unsure,
Missing road signage at a dangerous intersection near Cebu Street.,road_infrastructure,medium,synthetic,Jean,,
Paano po mag-apply ng ayuda para sa mga senior citizen sa Purok 7?,social_welfare,low,synthetic,Jean,,
Multiple potholes on Cebu Street unrepaired for five days.,road_infrastructure,low,synthetic,Jean,,
"Dispute over shared wall damage between two houses in Purok 1, owners blaming each other.",neighbor_dispute,low,synthetic,Jean,,
"Malaking pothole sa Basilan Street, nakakasira ng gulong ng mga sasakyan.",road_infrastructure,medium,synthetic,Jean,,
Neighbor's dog keeps barking tuwing gabi and the owner refuses to do anything about it.,neighbor_dispute,low,synthetic,Jean,,
"Financial assistance needed, nasunugan ang bahay namin sa Zone 2 kahapon.",social_welfare,high,synthetic,Jean,unsure,
"Manhole cover missing for weeks near Basilan Street, needs replacement.",road_infrastructure,low,synthetic,Jean,,
Discolored tap water reported by several households in Purok 4.,utilities,medium,synthetic,Jean,,
"Elderly resident living alone in Purok 7 needs medical assistance, walang tumutulong na kamag-anak.",social_welfare,high,synthetic,Jean,unsure,
Just asking for directions to the nearest satellite barangay office from D. Cesa Street.,other,low,synthetic,Jean,,
Just want to confirm if the barangay office on Lieutenant Cerrado Street is open on Saturdays.,other,low,synthetic,Jean,,
Foul smell coming from a clogged septic tank shared by several households in Purok 6.,public_health_sanitation,medium,synthetic,Jean,,
"Kapitbahay namin sa Captain E-Bocalan Street ay maingay almost every night, hindi kami makatulog.",neighbor_dispute,medium,synthetic,Jean,,
"Brownout every afternoon for three days straight, affecting small businesses on Callejon-8.",utilities,medium,synthetic,Jean,,
Just want to confirm if the barangay office on A. Fojas Street is open on Saturdays.,other,low,synthetic,Jean,,
Want to know the process for registering a new business permit in Purok 3.,other,low,synthetic,Jean,,
"Stagnant water sa likod ng mga bahay sa Purok 5, posibleng lugar ng lamok, dengue risk.",public_health_sanitation,high,synthetic,Jean,unsure,
"Brownout every afternoon for five days, affecting small businesses on Tramo Road.",utilities,medium,synthetic,Jean,,
Collapsed section of retaining wall along Penguin Street after heavy rain.,road_infrastructure,high,synthetic,Jean,unsure,
"Elderly resident living alone in Zone 1 needs medical assistance, walang tumutulong na kamag-anak.",social_welfare,high,synthetic,Jean,unsure,
Just want to confirm if the barangay office on Amaya Drive is open on Saturdays.,other,low,synthetic,Jean,,
"Minors seen violating curfew hours, loitering near the plaza early in the morning.",public_safety,low,synthetic,Jean,,
"Manhole cover missing for weeks near Penguin Street, needs replacement.",road_infrastructure,low,synthetic,Jean,,
"Illegal dumping of construction debris along A. Fojas Street, blocking the waterway.",public_health_sanitation,medium,synthetic,Jean,,
Streetlights along the basketball court in Zone 2 have been out since last night.,road_infrastructure,low,synthetic,Jean,,
Application status for the educational assistance program for indigent students.,social_welfare,low,synthetic,Jean,,
Unsecured vacant house on Catanduanes Street being used as a hangout by unknown individuals at night.,public_safety,medium,synthetic,Jean,,
"Suspicious van parked outside the school on Masbate Street for two days now, possible casing for theft.",public_safety,high,synthetic,Jean,unsure,
"Open manhole cover near the school on Bohol Street, a child almost fell in.",public_safety,high,synthetic,Jean,unsure,
Rat infestation reported near the public market in Purok 3.,public_health_sanitation,medium,synthetic,Jean,,
"Malnourished children reported in Purok 7, requesting feeding program support.",social_welfare,high,synthetic,Jean,unsure,
Multiple potholes on Captain E-Bocalan Street unrepaired for several hours already.,road_infrastructure,low,synthetic,Jean,,
Just asking for directions to the nearest satellite barangay office from Balite Street.,other,low,synthetic,Jean,,
"Hindi na po kinukuha ang basura sa D. Cesa Street for several hours already, umaamoy na.",public_health_sanitation,medium,synthetic,Jean,,
Collapsed section of retaining wall along Basilan Street after heavy rain.,road_infrastructure,high,synthetic,Jean,unsure,
Landlord threatening to evict a tenant without proper notice in Zone 2.,neighbor_dispute,medium,synthetic,Jean,,
Reklamo tungkol sa alagang manok ng kapitbahay na gumagala sa bakuran namin sa D. Cesa Street.,neighbor_dispute,low,synthetic,Jean,,
Threats exchanged between two households in Zone 2 over a right-of-way disagreement.,neighbor_dispute,high,synthetic,Jean,unsure,
"Brownout every afternoon for three days straight, affecting small businesses on Tramo Road.",utilities,medium,synthetic,Jean,,
Paano po mag-apply ng ayuda para sa mga senior citizen sa Purok 1?,social_welfare,low,synthetic,Jean,,
General inquiry about the upcoming barangay assembly schedule in Purok 2.,other,low,synthetic,Jean,,
Persistent shouting matches between roommates disturbing the whole apartment building on Bohol Street.,neighbor_dispute,medium,synthetic,Jean,,
"Nag-aaway ang magkapitbahay sa Purok 6 tungkol sa hangganan ng lupa, umaabot na sa banggaan.",neighbor_dispute,high,synthetic,Jean,unsure,
Rat infestation reported near the public market in Purok 5.,public_health_sanitation,medium,synthetic,Jean,,
"Property line encroachment complaint, neighbor built a wall past the agreed boundary in Purok 6.",neighbor_dispute,medium,synthetic,Jean,,
Garbage collection truck skipped Lieutenant Cerrado Street buong linggo na.,public_health_sanitation,low,synthetic,Jean,,
"Hindi na po kinukuha ang basura sa A. Fojas Street buong linggo na, umaamoy na.",public_health_sanitation,medium,synthetic,Jean,,
"Concrete lamp post leaning after roadworks on Leyte Street, needs to be re-anchored.",road_infrastructure,medium,synthetic,Jean,,
No electricity restored for almost a week after the last storm in Purok 2.,utilities,high,synthetic,Jean,unsure,
Multiple potholes on Antero Soriano Highway unrepaired since yesterday.,road_infrastructure,low,synthetic,Jean,,
"Concrete lamp post leaning after roadworks on Cebu Street, needs to be re-anchored.",road_infrastructure,medium,synthetic,Jean,,
"Financial assistance needed, nasunugan ang bahay namin sa Purok 7 kahapon.",social_welfare,high,synthetic,Jean,unsure,
Barangay tanod reports an increase in snatching incidents along Basilan Street during rush hour.,public_safety,high,synthetic,Jean,unsure,
Ano po ang operating hours ng barangay hall sa Zone 1?,other,low,synthetic,Jean,,
"Pack of stray dogs chasing pedestrians and acting aggressively near Bohol Street, safety concern.",public_safety,high,synthetic,Jean,unsure,
"Minors seen violating curfew hours, loitering near the plaza tuwing gabi.",public_safety,low,synthetic,Jean,,
"Eroding road shoulder near the creek in Purok 7, getting worse after each storm.",road_infrastructure,medium,synthetic,Jean,,
Unfinished road widening project has left exposed rebar and debris on Amaya Drive.,road_infrastructure,medium,synthetic,Jean,,
Discolored tap water reported by several households in Purok 1.,utilities,medium,synthetic,Jean,,
"Report of an armed altercation near Penguin Street, residents scared to go outside.",public_safety,high,synthetic,Jean,unsure,
Landlord threatening to evict a tenant without proper notice in Purok 7.,neighbor_dispute,medium,synthetic,Jean,,
Just want to confirm if the barangay office on Leyte Street is open on Saturdays.,other,low,synthetic,Jean,,
Unsecured vacant house on Lieutenant Cerrado Street being used as a hangout by unknown individuals at night.,public_safety,medium,synthetic,Jean,,
"Property line encroachment complaint, neighbor built a wall past the agreed boundary in Purok 3.",neighbor_dispute,medium,synthetic,Jean,,
Illegal gambling activity reported behind a store on Bohol Street.,public_safety,medium,synthetic,Jean,,
PWD requesting assistance for a wheelchair ramp access at the barangay hall.,social_welfare,medium,synthetic,Jean,,
Requesting ayuda dahil apektado ng power outage sa Zone 3 at nasira ang mga pagkain sa refrigerator.,social_welfare,medium,synthetic,Jean,,
Landlord threatening to evict a tenant without proper notice in Purok 2.,neighbor_dispute,medium,synthetic,Jean,,
"Report of dengue cases rising in Purok 5, need fogging operation.",public_health_sanitation,high,synthetic,Jean,unsure,
"Illegal dumping of construction debris along Catanduanes Street, blocking the waterway.",public_health_sanitation,medium,synthetic,Jean,,
"Suspicious van parked outside the school on Lieutenant Cerrado Street for almost a month, possible casing for theft.",public_safety,high,synthetic,Jean,unsure,
"Open manhole cover near the school on Lieutenant Cerrado Street, a child almost fell in.",public_safety,high,synthetic,Jean,unsure,
No electricity restored since yesterday after the last storm in Zone 2.,utilities,high,synthetic,Jean,unsure,
"Open manhole cover near the school on Tramo Road, a child almost fell in.",public_safety,high,synthetic,Jean,unsure,
Want to know the process for registering a new business permit in Purok 7.,other,low,synthetic,Jean,,
"Report of an armed altercation near Tramo Road, residents scared to go outside.",public_safety,high,synthetic,Jean,unsure,
"Kapitbahay namin sa Lieutenant Cerrado Street ay maingay tuwing gabi, hindi kami makatulog.",neighbor_dispute,medium,synthetic,Jean,,
Recurring flash flood at the intersection of A. Fojas Street whenever it rains for more than an hour.,utilities,high,synthetic,Jean,unsure,
Barangay tanod reports an increase in snatching incidents along Balite Street sa hatinggabi.,public_safety,high,synthetic,Jean,unsure,
Collapsed section of retaining wall along Turtle Street after heavy rain.,road_infrastructure,high,synthetic,Jean,unsure,
"Walang tubig sa Penguin Street buong araw na, hindi na po ito unang beses mangyari.",utilities,medium,synthetic,Jean,,
"Financial assistance needed, nasunugan ang bahay namin sa Purok 4 kahapon.",social_welfare,high,synthetic,Jean,unsure,
Overflowing communal trash bin attracting flies and stray dogs in Purok 5.,public_health_sanitation,medium,synthetic,Jean,,
"Fallen electric wire near Callejon-8 after the typhoon, exposed and unrepaired.",utilities,high,synthetic,Jean,unsure,
Tenant complaint: co-tenant playing loud music tuwing weekend in a shared apartment.,neighbor_dispute,medium,synthetic,Jean,,
"Brownout every afternoon since yesterday, affecting small businesses on Basilan Street.",utilities,medium,synthetic,Jean,,
Cockroach infestation spreading from an abandoned lot on Penguin Street to nearby houses.,public_health_sanitation,medium,synthetic,Jean,,
"Minors seen violating curfew hours, loitering near the plaza late at night.",public_safety,low,synthetic,Jean,,
Foul smell coming from a clogged septic tank shared by several households in Purok 2.,public_health_sanitation,medium,synthetic,Jean,,
"Concrete lamp post leaning after roadworks on Turtle Street, needs to be re-anchored.",road_infrastructure,medium,synthetic,Jean,,
"Report of an armed altercation near Bohol Street, residents scared to go outside.",public_safety,high,synthetic,Jean,unsure,
Recurring flash flood at the intersection of Balite Street whenever it rains for more than an hour.,utilities,high,synthetic,Jean,unsure,
Missing road signage at a dangerous intersection near Catanduanes Street.,road_infrastructure,medium,synthetic,Jean,,
"Malnourished children reported in Zone 3, requesting feeding program support.",social_welfare,high,synthetic,Jean,unsure,
General inquiry about the upcoming barangay assembly schedule in Purok 7.,other,low,synthetic,Jean,,
Illegal gambling activity reported behind a store on Balite Street.,public_safety,medium,synthetic,Jean,,
Requesting burial assistance for an indigent family member who passed away.,social_welfare,high,synthetic,Jean,unsure,
Garbage collection truck skipped Bohol Street for almost a week.,public_health_sanitation,low,synthetic,Jean,,
"Report of dengue cases rising in Purok 4, need fogging operation.",public_health_sanitation,high,synthetic,Jean,unsure,
Unsecured vacant house on A. Fojas Street being used as a hangout by unknown individuals at night.,public_safety,medium,synthetic,Jean,,
"Hindi na po kinukuha ang basura sa Mindanao Street buong linggo na, umaamoy na.",public_health_sanitation,medium,synthetic,Jean,,
"Footbridge railing broken in Zone 3, students use it daily to cross the creek.",road_infrastructure,high,synthetic,Jean,unsure,
"Broken drainage canal cover along Catanduanes Street, patag na at may sira ang laman, pero walang baha na naganap.",road_infrastructure,low,synthetic,Jean,,
"Elderly resident living alone in Purok 6 needs medical assistance, walang tumutulong na kamag-anak.",social_welfare,high,synthetic,Jean,unsure,
Collapsed section of retaining wall along Balite Street after heavy rain.,road_infrastructure,high,synthetic,Jean,unsure,
Wondering how to update my registered address in the barangay records.,other,low,synthetic,Jean,,
Nagkaaway ang mga kapitbahay sa Purok 2 dahil sa basura na itinatapon sa harap ng bahay ng isa.,neighbor_dispute,medium,synthetic,Jean,,
Discolored tap water reported by several households in Purok 3.,utilities,medium,synthetic,Jean,,
"Property line encroachment complaint, neighbor built a wall past the agreed boundary in Zone 3.",neighbor_dispute,medium,synthetic,Jean,,
"Suspicious van parked outside the school on Cebu Street for two days now, possible casing for theft.",public_safety,high,synthetic,Jean,unsure,
Paano po makakakuha ng schedule ng libreng legal aid clinic?,other,low,synthetic,Jean,,
Family feud next door has escalated to shouting matches almost every night.,neighbor_dispute,high,synthetic,Jean,unsure,
"Malaking pothole sa Mindanao Street, nakakasira ng gulong ng mga sasakyan.",road_infrastructure,medium,synthetic,Jean,,
"Concrete lamp post leaning after roadworks on Balite Street, needs to be re-anchored.",road_infrastructure,medium,synthetic,Jean,,
Boundary dispute with a neighbor over a fence line on Mindanao Street that has gone on for three days straight.,neighbor_dispute,medium,synthetic,Jean,,
General inquiry about the upcoming barangay assembly schedule in Purok 3.,other,low,synthetic,Jean,,
Clogged drainage causing water to back up into houses in Purok 3 during heavy rain.,utilities,high,synthetic,Jean,unsure,
"May mga taong nakababad sa labas ng bahay sa Captain E-Bocalan Street late at night, kahina-hinala.",public_safety,high,synthetic,Jean,unsure,
Landlord threatening to evict a tenant without proper notice in Purok 1.,neighbor_dispute,medium,synthetic,Jean,,
Reklamo tungkol sa alagang manok ng kapitbahay na gumagala sa bakuran namin sa A. Fojas Street.,neighbor_dispute,low,synthetic,Jean,,
Nagkaaway ang mga kapitbahay sa Purok 1 dahil sa basura na itinatapon sa harap ng bahay ng isa.,neighbor_dispute,medium,synthetic,Jean,,
Ano po ang operating hours ng barangay hall sa Zone 2?,other,low,synthetic,Jean,,
"Noise complaint: loud videoke from a neighboring house tuwing gabi, residents can't rest.",neighbor_dispute,high,synthetic,Jean,unsure,
Missing road signage at a dangerous intersection near Bohol Street.,road_infrastructure,medium,synthetic,Jean,,
Streetlight not working since yesterday along Masbate Street.,road_infrastructure,low,synthetic,Jean,,
"Illegal dumping of construction debris along Mindanao Street, blocking the waterway.",public_health_sanitation,medium,synthetic,Jean,,
Unsecured vacant house on Callejon-8 being used as a hangout by unknown individuals at night.,public_safety,medium,synthetic,Jean,,
"Brownout every afternoon for almost a week, affecting small businesses on Catanduanes Street.",utilities,medium,synthetic,Jean,,
"Malaking pothole sa Balite Street, nakakasira ng gulong ng mga sasakyan.",road_infrastructure,medium,synthetic,Jean,,
"Fireworks being set off illegally near residential homes in Purok 4, fire risk.",public_safety,high,synthetic,Jean,unsure,
Question about how to file feedback about a barangay employee.,other,low,synthetic,Jean,,
"Stagnant floodwater has not receded for over two weeks, smells and breeding mosquitoes.",public_health_sanitation,high,synthetic,Jean,unsure,
"Financial assistance needed, nasunugan ang bahay namin sa Purok 2 kahapon.",social_welfare,high,synthetic,Jean,unsure,
"Broken drainage canal cover along Mindanao Street, patag na at may sira ang laman, pero walang baha na naganap.",road_infrastructure,low,synthetic,Jean,,
Illegal gambling activity reported behind a store on Basilan Street.,public_safety,medium,synthetic,Jean,,
"Fireworks being set off illegally near residential homes in Purok 7, fire risk.",public_safety,high,synthetic,Jean,unsure,
Just want to confirm if the barangay office on Captain E-Bocalan Street is open on Saturdays.,other,low,synthetic,Jean,,
"Brownout every afternoon since last night, affecting small businesses on Basilan Street.",utilities,medium,synthetic,Jean,,
"Elderly resident living alone in Purok 4 needs medical assistance, walang tumutulong na kamag-anak.",social_welfare,high,synthetic,Jean,unsure,
Just asking for directions to the nearest satellite barangay office from Captain E-Bocalan Street.,other,low,synthetic,Jean,,
Family displaced by flood in Zone 1 needs relief goods and temporary shelter.,social_welfare,high,synthetic,Jean,unsure,
Unsecured vacant house on Balite Street being used as a hangout by unknown individuals at night.,public_safety,medium,synthetic,Jean,,
"Financial assistance needed, nasunugan ang bahay namin sa Purok 3 kahapon.",social_welfare,high,synthetic,Jean,unsure,
Just asking for directions to the nearest satellite barangay office from Bohol Street.,other,low,synthetic,Jean,,
"Stray dogs biting garbage bags and scattering trash all over Antero Soriano Highway, unsanitary mess.",public_health_sanitation,medium,synthetic,Jean,,
Family displaced by flood in Purok 3 needs relief goods and temporary shelter.,social_welfare,high,synthetic,Jean,unsure,
Cockroach infestation spreading from an abandoned lot on Cebu Street to nearby houses.,public_health_sanitation,medium,synthetic,Jean,,
Flooding sa Bohol Street tuwing umuulan dahil sa clogged drainage.,utilities,high,synthetic,Jean,unsure,
"Malnourished children reported in Purok 5, requesting feeding program support.",social_welfare,high,synthetic,Jean,unsure,
No electricity restored for several hours already after the last storm in Purok 5.,utilities,high,synthetic,Jean,unsure,
Unfinished road widening project has left exposed rebar and debris on Balite Street.,road_infrastructure,medium,synthetic,Jean,,
"Fallen electric wire near Catanduanes Street after the typhoon, exposed and unrepaired.",utilities,high,synthetic,Jean,unsure,
"Low water pressure ilang araw na na, barely enough for daily use.",utilities,low,synthetic,Jean,,
"Sidewalk pavement cracked and uneven on Callejon-8, tripping hazard for elderly pedestrians.",road_infrastructure,medium,synthetic,Jean,,
Just want to confirm if the barangay office on Masbate Street is open on Saturdays.,other,low,synthetic,Jean,,
"Minors seen violating curfew hours, loitering near the plaza tuwing madaling araw.",public_safety,low,synthetic,Jean,,
Rat infestation reported near the public market in Purok 4.,public_health_sanitation,medium,synthetic,Jean,,
Landlord threatening to evict a tenant without proper notice in Purok 6.,neighbor_dispute,medium,synthetic,Jean,,
"Financial assistance needed, nasunugan ang bahay namin sa Purok 6 kahapon.",social_welfare,high,synthetic,Jean,unsure,
Requesting general information on how to volunteer for barangay programs.,other,low,synthetic,Jean,,
Inquiry about requirements for a solo parent ID application.,other,low,synthetic,Jean,,
Ano po ang operating hours ng barangay hall sa Zone 3?,other,low,synthetic,Jean,,
"Electric post leaning dangerously after the storm on Balite Street, may cause a power line outage.",utilities,medium,synthetic,Jean,,
"Suspicious van parked outside the school on Bohol Street for five days, possible casing for theft.",public_safety,high,synthetic,Jean,unsure,
Foul smell coming from a clogged septic tank shared by several households in Purok 5.,public_health_sanitation,medium,synthetic,Jean,,
"Concrete lamp post leaning after roadworks on Masbate Street, needs to be re-anchored.",road_infrastructure,medium,synthetic,Jean,,
"Footbridge railing broken in Purok 6, students use it daily to cross the creek.",road_infrastructure,high,synthetic,Jean,unsure,
Flooding sa Lieutenant Cerrado Street tuwing umuulan dahil sa clogged drainage.,utilities,high,synthetic,Jean,unsure,
"Power outage sa buong Purok 5 simula kagabi, ilang oras na.",utilities,high,synthetic,Jean,unsure,
Paano po mag-apply ng ayuda para sa mga senior citizen sa Purok 6?,social_welfare,low,synthetic,Jean,,
"Malnourished children reported in Zone 1, requesting feeding program support.",social_welfare,high,synthetic,Jean,unsure,
"Elderly resident living alone in Purok 2 needs medical assistance, walang tumutulong na kamag-anak.",social_welfare,high,synthetic,Jean,unsure,
Just asking for directions to the nearest satellite barangay office from Callejon-8.,other,low,synthetic,Jean,,
"Suspicious van parked outside the school on Antero Soriano Highway for two days now, possible casing for theft.",public_safety,high,synthetic,Jean,unsure,
Just asking for directions to the nearest satellite barangay office from Cebu Street.,other,low,synthetic,Jean,,
Want to know the process for registering a new business permit in Purok 5.,other,low,synthetic,Jean,,
Streetlights along the basketball court in Zone 1 have been out buong linggo na.,road_infrastructure,low,synthetic,Jean,,
"Malnourished children reported in Purok 1, requesting feeding program support.",social_welfare,high,synthetic,Jean,unsure,
Reklamo tungkol sa alagang manok ng kapitbahay na gumagala sa bakuran namin sa Masbate Street.,neighbor_dispute,low,synthetic,Jean,,
Asking where to get a certificate of residency for a job application.,other,low,synthetic,Jean,,
Neighbor's dog keeps barking late at night and the owner refuses to do anything about it.,neighbor_dispute,low,synthetic,Jean,,
Persistent shouting matches between roommates disturbing the whole apartment building on Masbate Street.,neighbor_dispute,medium,synthetic,Jean,,
Ano po ang operating hours ng barangay hall sa Purok 6?,other,low,synthetic,Jean,,
Group of men drinking and shouting in public past curfew hours almost every night.,public_safety,medium,synthetic,Jean,,
"Walang tubig sa Mindanao Street buong araw na, hindi na po ito unang beses mangyari.",utilities,medium,synthetic,Jean,,
Neighbor's dog keeps barking tuwing madaling araw and the owner refuses to do anything about it.,neighbor_dispute,low,synthetic,Jean,,
Streetlights along the basketball court in Purok 5 have been out for two days now.,road_infrastructure,low,synthetic,Jean,,
"Noise complaint: loud videoke from a neighboring house early in the morning, residents can't rest.",neighbor_dispute,high,synthetic,Jean,unsure,
Flooding sa Cebu Street tuwing umuulan dahil sa clogged drainage.,utilities,high,synthetic,Jean,unsure,
"Sidewalk pavement cracked and uneven on Leyte Street, tripping hazard for elderly pedestrians.",road_infrastructure,medium,synthetic,Jean,,
"Senior citizen pension hindi pa naibibigay this month, ilang beses na kaming bumalik.",social_welfare,medium,synthetic,Jean,,
Foul smell coming from a clogged septic tank shared by several households in Zone 3.,public_health_sanitation,medium,synthetic,Jean,,
"Hindi na po kinukuha ang basura sa Mindanao Street for almost a month, umaamoy na.",public_health_sanitation,medium,synthetic,Jean,,
Barangay tanod reports an increase in snatching incidents along Catanduanes Street tuwing gabi.,public_safety,high,synthetic,Jean,unsure,
Ano po ang operating hours ng barangay hall sa Purok 5?,other,low,synthetic,Jean,,
Unfinished road widening project has left exposed rebar and debris on D. Cesa Street.,road_infrastructure,medium,synthetic,Jean,,
Boundary dispute with a neighbor over a fence line on Leyte Street that has gone on for three days straight.,neighbor_dispute,medium,synthetic,Jean,,
Recurring flash flood at the intersection of Tramo Road whenever it rains for more than an hour.,utilities,high,synthetic,Jean,unsure,
Unlit dark alley near the basketball court in Purok 4 has become a spot for loitering and harassment reports.,public_safety,medium,synthetic,Jean,,
"Report of an armed altercation near Basilan Street, residents scared to go outside.",public_safety,high,synthetic,Jean,unsure,
"Low water pressure since yesterday, barely enough for daily use.",utilities,low,synthetic,Jean,,
Overflowing communal trash bin attracting flies and stray dogs in Purok 6.,public_health_sanitation,medium,synthetic,Jean,,
"PWD ID application requirements, saan po kukunin?",social_welfare,low,synthetic,Jean,,
"Power outage sa buong Zone 1 simula kagabi, ilang oras na.",utilities,high,synthetic,Jean,unsure,
Cockroach infestation spreading from an abandoned lot on Amaya Drive to nearby houses.,public_health_sanitation,medium,synthetic,Jean,,
Overflowing communal trash bin attracting flies and stray dogs in Purok 7.,public_health_sanitation,medium,synthetic,Jean,,
Requesting ayuda dahil apektado ng power outage sa Purok 3 at nasira ang mga pagkain sa refrigerator.,social_welfare,medium,synthetic,Jean,,
"Low water pressure since last night, barely enough for daily use.",utilities,low,synthetic,Jean,,
"Stray dogs biting garbage bags and scattering trash all over Turtle Street, unsanitary mess.",public_health_sanitation,medium,synthetic,Jean,,
"Damaged wooden bridge connecting Zone 3, unsafe for daily crossing.",road_infrastructure,high,synthetic,Jean,unsure,
"Senior citizen requesting home visit for medicine delivery, cannot walk to the health center.",social_welfare,medium,synthetic,Jean,,
Discolored tap water reported by several households in Purok 7.,utilities,medium,synthetic,Jean,,
"Walang tubig sa A. Fojas Street buong araw na, hindi na po ito unang beses mangyari.",utilities,medium,synthetic,Jean,,
Just asking for directions to the nearest satellite barangay office from Penguin Street.,other,low,synthetic,Jean,,
"Stray cats multiplying in a vacant lot on Antero Soriano Highway, some appear aggressive toward passersby.",public_safety,low,synthetic,Jean,,
Clogged drainage causing the street to flood every time it rains in Purok 3.,utilities,medium,synthetic,Jean,,
Recurring flash flood at the intersection of Catanduanes Street whenever it rains for more than an hour.,utilities,high,synthetic,Jean,unsure,
Rat infestation reported near the public market in Zone 3.,public_health_sanitation,medium,synthetic,Jean,,
Missing road signage at a dangerous intersection near Balite Street.,road_infrastructure,medium,synthetic,Jean,,
"Nag-aaway ang magkapitbahay sa Purok 2 tungkol sa hangganan ng lupa, umaabot na sa banggaan.",neighbor_dispute,high,synthetic,Jean,unsure,
"Manhole cover missing for weeks near Leyte Street, needs replacement.",road_infrastructure,low,synthetic,Jean,,
"Malaking pothole sa Captain E-Bocalan Street, nakakasira ng gulong ng mga sasakyan.",road_infrastructure,medium,synthetic,Jean,,
General inquiry about the upcoming barangay assembly schedule in Zone 3.,other,low,synthetic,Jean,,
"Financial assistance needed, nasunugan ang bahay namin sa Purok 5 kahapon.",social_welfare,high,synthetic,Jean,unsure,
Want to know the process for registering a new business permit in Zone 3.,other,low,synthetic,Jean,,
Group of men drinking and shouting in public past curfew hours during rush hour.,public_safety,medium,synthetic,Jean,,
Reklamo tungkol sa alagang manok ng kapitbahay na gumagala sa bakuran namin sa Leyte Street.,neighbor_dispute,low,synthetic,Jean,,
"Walang tubig sa Antero Soriano Highway buong araw na, hindi na po ito unang beses mangyari.",utilities,medium,synthetic,Jean,,
"Dispute over shared wall damage between two houses in Purok 6, owners blaming each other.",neighbor_dispute,low,synthetic,Jean,,
"Power outage sa buong Purok 3 simula kagabi, ilang oras na.",utilities,high,synthetic,Jean,unsure,
"Suspected food poisoning cases traced to a stall near the market, needs sanitation inspection.",public_health_sanitation,high,synthetic,Jean,unsure,
"Eroding road shoulder near the creek in Purok 1, getting worse after each storm.",road_infrastructure,medium,synthetic,Jean,,
"Malaking pothole sa Antero Soriano Highway, nakakasira ng gulong ng mga sasakyan.",road_infrastructure,medium,synthetic,Jean,,
"Malaking pothole sa Catanduanes Street, nakakasira ng gulong ng mga sasakyan.",road_infrastructure,medium,synthetic,Jean,,
"Elderly resident living alone in Purok 3 needs medical assistance, walang tumutulong na kamag-anak.",social_welfare,high,synthetic,Jean,unsure,
Garbage collection truck skipped A. Fojas Street for two days now.,public_health_sanitation,low,synthetic,Jean,,
"Hindi na po kinukuha ang basura sa A. Fojas Street since last night, umaamoy na.",public_health_sanitation,medium,synthetic,Jean,,
Tenant complaint: co-tenant playing loud music late at night in a shared apartment.,neighbor_dispute,medium,synthetic,Jean,,
"Broken drainage canal cover along Antero Soriano Highway, patag na at may sira ang laman, pero walang baha na naganap.",road_infrastructure,low,synthetic,Jean,,
"Kapitbahay namin sa Captain E-Bocalan Street ay maingay late at night, hindi kami makatulog.",neighbor_dispute,medium,synthetic,Jean,,
Requesting ayuda dahil apektado ng power outage sa Purok 5 at nasira ang mga pagkain sa refrigerator.,social_welfare,medium,synthetic,Jean,,
"Nag-aaway ang magkapitbahay sa Zone 1 tungkol sa hangganan ng lupa, umaabot na sa banggaan.",neighbor_dispute,high,synthetic,Jean,unsure,
Streetlight not working buong linggo na along Antero Soriano Highway.,road_infrastructure,low,synthetic,Jean,,
"Eroding road shoulder near the creek in Purok 2, getting worse after each storm.",road_infrastructure,medium,synthetic,Jean,,
"Malnourished children reported in Purok 6, requesting feeding program support.",social_welfare,high,synthetic,Jean,unsure,
"Nag-aaway ang magkapitbahay sa Purok 7 tungkol sa hangganan ng lupa, umaabot na sa banggaan.",neighbor_dispute,high,synthetic,Jean,unsure,
"Minors seen violating curfew hours, loitering near the plaza tuwing weekend.",public_safety,low,synthetic,Jean,,
Ano po ang operating hours ng barangay hall sa Purok 2?,other,low,synthetic,Jean,,
"Stray dogs roaming in packs, chasing children near the school in Zone 2.",public_safety,medium,synthetic,Jean,,
"Stray dogs roaming in packs, chasing children near the school in Purok 6.",public_safety,medium,synthetic,Jean,,
Tenant complaint: co-tenant playing loud music sa hatinggabi in a shared apartment.,neighbor_dispute,medium,synthetic,Jean,,
"Stagnant water sa likod ng mga bahay sa Purok 6, posibleng lugar ng lamok, dengue risk.",public_health_sanitation,high,synthetic,Jean,unsure,
Threats exchanged between two households in Purok 6 over a right-of-way disagreement.,neighbor_dispute,high,synthetic,Jean,unsure,
Just asking for directions to the nearest satellite barangay office from Catanduanes Street.,other,low,synthetic,Jean,,
"Elderly resident living alone in Zone 2 needs medical assistance, walang tumutulong na kamag-anak.",social_welfare,high,synthetic,Jean,unsure,
Just want to confirm if the barangay office on Basilan Street is open on Saturdays.,other,low,synthetic,Jean,,
"Broken drainage canal cover along Captain E-Bocalan Street, patag na at may sira ang laman, pero walang baha na naganap.",road_infrastructure,low,synthetic,Jean,,
Health center out of stock ng gamot para sa mga senior citizen.,public_health_sanitation,medium,synthetic,Jean,,
Illegal gambling activity reported behind a store on Lieutenant Cerrado Street.,public_safety,medium,synthetic,Jean,,
Flooding sa Amaya Drive tuwing umuulan dahil sa clogged drainage.,utilities,high,synthetic,Jean,unsure,
Just want to confirm if the barangay office on Antero Soriano Highway is open on Saturdays.,other,low,synthetic,Jean,,
Clogged drainage causing water to back up into houses in Purok 2 during heavy rain.,utilities,high,synthetic,Jean,unsure,
"Kapitbahay namin sa Cebu Street ay maingay tuwing madaling araw, hindi kami makatulog.",neighbor_dispute,medium,synthetic,Jean,,
"Broken drainage canal cover along Masbate Street, patag na at may sira ang laman, pero walang baha na naganap.",road_infrastructure,low,synthetic,Jean,,
Family displaced by flood in Purok 6 needs relief goods and temporary shelter.,social_welfare,high,synthetic,Jean,unsure,
"Noise complaint: loud videoke from a neighboring house almost every night, residents can't rest.",neighbor_dispute,high,synthetic,Jean,unsure,
Ano po ang operating hours ng barangay hall sa Purok 7?,other,low,synthetic,Jean,,
"Report of dengue cases rising in Zone 1, need fogging operation.",public_health_sanitation,high,synthetic,Jean,unsure,
Requesting ayuda dahil apektado ng power outage sa Purok 6 at nasira ang mga pagkain sa refrigerator.,social_welfare,medium,synthetic,Jean,,
Gusto lang malaman kung sino ang kasalukuyang barangay captain.,other,low,synthetic,Jean,,
"Report of dengue cases rising in Purok 3, need fogging operation.",public_health_sanitation,high,synthetic,Jean,unsure,
General inquiry about the upcoming barangay assembly schedule in Purok 5.,other,low,synthetic,Jean,,
"Stagnant floodwater has not receded since yesterday, smells and breeding mosquitoes.",public_health_sanitation,high,synthetic,Jean,unsure,
Discolored tap water reported by several households in Purok 2.,utilities,medium,synthetic,Jean,,
"Damaged wooden bridge connecting Zone 1, unsafe for daily crossing.",road_infrastructure,high,synthetic,Jean,unsure,
"May mga taong nakababad sa labas ng bahay sa Captain E-Bocalan Street tuwing Sabado ng gabi, kahina-hinala.",public_safety,high,synthetic,Jean,unsure,
General inquiry about the upcoming barangay assembly schedule in Purok 4.,other,low,synthetic,Jean,,
"Stray dogs roaming in packs, chasing children near the school in Purok 3.",public_safety,medium,synthetic,Jean,,
Report of possible drug activity happening in an alley tuwing gabi.,public_safety,high,synthetic,Jean,unsure,
Neighbor's dog keeps barking sa hatinggabi and the owner refuses to do anything about it.,neighbor_dispute,low,synthetic,Jean,,
Unfinished road widening project has left exposed rebar and debris on Tramo Road.,road_infrastructure,medium,synthetic,Jean,,
"Water service disconnected without prior notice, hindi po kami nakautang.",utilities,medium,synthetic,Jean,,
"Fallen electric wire near A. Fojas Street after the typhoon, exposed and unrepaired.",utilities,high,synthetic,Jean,unsure,
Just asking for directions to the nearest satellite barangay office from Antero Soriano Highway.,other,low,synthetic,Jean,,
Just asking for directions to the nearest satellite barangay office from Leyte Street.,other,low,synthetic,Jean,,
Garbage collection truck skipped Tramo Road for almost a week.,public_health_sanitation,low,synthetic,Jean,,
"Concrete lamp post leaning after roadworks on A. Fojas Street, needs to be re-anchored.",road_infrastructure,medium,synthetic,Jean,,
No electricity restored for five days after the last storm in Purok 6.,utilities,high,synthetic,Jean,unsure,
Cracked road surface on A. Fojas Street causing motorcycle accidents during rainy season.,road_infrastructure,high,synthetic,Jean,unsure,
"Illegal dumping of construction debris along D. Cesa Street, blocking the waterway.",public_health_sanitation,medium,synthetic,Jean,,
may malaking butas sa kalsada malapit sa barangay hall delikado na lalo pag gabi wala pang ilaw,road_infrastructure,high,synthetic,Daniel,,
PAKI AYOS NAMAN PO YUNG STREETLIGHT SA CORNER MADILIM SOBRA TAKOT KAMI DUMAAN PAG GABI,road_infrastructure,high,synthetic,Daniel,,
yung poste ng kuryente sa harap ng bahay namin nakahilig na parang matutumba na po,road_infrastructure,high,synthetic,Daniel,,
may sirang bahagi ng bakod sa may plaza matulis yung bakal baka may masugatan na bata,road_infrastructure,medium,synthetic,Daniel,,
sobrang lubak lubak na po yung daan papasok sa purok 7 hirap dumaan ang tricycle,road_infrastructure,medium,synthetic,Daniel,,
baradong kanal sa likod ng school tuwing umuulan binabaha agad hanggang tuhod,road_infrastructure,medium,synthetic,Daniel,,
nasira po yung footbridge papuntang market medyo mahirap tawirin ngayon,road_infrastructure,medium,synthetic,Daniel,,
"good morning po, pwede po ba magtanong kelan matatapos yung construction sa may kanto",road_infrastructure,low,synthetic,Daniel,,
"just wondering when the road repair near the covered court will resume, been paused for weeks",road_infrastructure,low,synthetic,Daniel,,
"yung signage po sa tapat ng chapel medyo pahiwatig lang, pwede po kaya palitan paminsan lang naman",road_infrastructure,low,synthetic,Daniel,,
may naninirang tubig sa kanal sa likod namin dalawang linggo na hindi nakokolekta ang basura amoy na amoy at may lumalabas na daga,public_health_sanitation,high,synthetic,Daniel,,
sobrang daming langaw sa paligid ng bahay namin dahil sa basurang hindi kinokolekta baka magkasakit yung mga bata,public_health_sanitation,high,synthetic,Daniel,,
PATULONG PO MAY BUMABAHANG MADUMING TUBIG SA LIKOD NG BAHAY NAMIN SOBRANG BAHO NA,public_health_sanitation,high,synthetic,Daniel,,
matagal na hindi dumadaan yung garbage truck sa amin sa purok 4 puno na yung mga plastic bag sa kalye,public_health_sanitation,medium,synthetic,Daniel,,
"may stagnant water sa likod ng barangay hall baka pugad ng lamok, sana po ma check",public_health_sanitation,medium,synthetic,Daniel,,
hindi na po gumagana yung ilang water pump sa health center pwede po ba paayusin,public_health_sanitation,medium,synthetic,Daniel,,
"yung health center po namin sira na yung aircon matagal na, mainit sobra pag maraming pasyente",public_health_sanitation,medium,synthetic,Daniel,,
just want to ask what time po ba nagsasara yung health center on weekdays,public_health_sanitation,low,synthetic,Daniel,,
pwede po ba malaman kung meron pang available na vaccine sa health center,public_health_sanitation,low,synthetic,Daniel,,
sana po dagdagan yung schedule ng garbage collection sa amin minsan lang isang beses isang linggo,public_health_sanitation,low,synthetic,Daniel,,
"may mga estranghero po na paikot ikot sa aming subdivision mukhang naninira ng bahay, delikado po",public_safety,high,synthetic,Daniel,,
MAY NAKASAKSAK PO NA TAO KANINA MALAPIT SA BASKETBALL COURT KAILANGAN PO NG TULONG AGAD,public_safety,high,synthetic,Daniel,,
"aso namin nakagat ng palaboy na aso kanina, marami na pong palaboy dito lalo na sa gabi",public_safety,high,synthetic,Daniel,,
may curfew po ba talaga dito kasi maraming batang gabi gabi pa naglalaro sa kalye,public_safety,medium,synthetic,Daniel,,
may nakikita po kaming mga tambay sa kanto na parang nagbebenta ng bawal na gamot,public_safety,medium,synthetic,Daniel,,
medyo madilim na daanan papuntang chapel kaya nakakatakot lalo na sa mga senior,public_safety,medium,synthetic,Daniel,,
puppy litter po ng stray dogs sa may plaza medyo marami na po sila ngayon,public_safety,medium,synthetic,Daniel,,
just curious lang po kung meron bang tanod duty sa gabi sa amin,public_safety,low,synthetic,Daniel,,
pwede po ba magtanong paano mag report ng lost pet sa barangay,public_safety,low,synthetic,Daniel,,
"walang kuryente na po kami mula kagabi buong purok apektado, may mga may sakit dito na umaasa sa oxygen machine",utilities,high,synthetic,Daniel,,
NO WATER AND ELECTRICITY FOR TWO DAYS NA PO SA AMIN PAKI CHECK NAMAN PO AGAD,utilities,high,synthetic,Daniel,,
sobrang lakas ng baha dito ngayon delikado na para sa mga bata at matatanda,utilities,high,synthetic,Daniel,,
wala pong tubig sa amin mula kaninang umaga hindi namin alam kung anong nangyari,utilities,medium,synthetic,Daniel,,
yung ilaw ng kalye namin sunod sunod na nagbliblink parang may problema sa wiring,utilities,medium,synthetic,Daniel,,
matagal na hindi na maayos yung baradong drainage malapit sa aming bahay,utilities,medium,synthetic,Daniel,,
"yung poste ng kuryente malapit samin naninigas parang matutumba, sana ma check",utilities,medium,synthetic,Daniel,,
regular lang po ba yung water interruption sa amin tuwing tuesday,utilities,low,synthetic,Daniel,,
pwede po ba itanong kung kelan magkakaroon ng eskedyul ang muling pagconnect ng kuryente,utilities,low,synthetic,Daniel,,
gaano po katagal bago maayos yung streetlight na sira sa amin,utilities,low,synthetic,Daniel,,
"kailangan po namin ng tulong agad, nasunugan po kami ng bahay kagabi walang matirhan",social_welfare,high,synthetic,Daniel,,
kailan po ba ang next distribution ng ayuda para sa mga senior citizen dito sa amin,social_welfare,medium,synthetic,Daniel,,
"yung lolo ko po PWD hindi na makakuha ng ID kasi wala daw available slot, sana matulungan",social_welfare,medium,synthetic,Daniel,,
matagal na po hindi nakakuha ng financial assistance yung pamilya namin kahit indigent kami,social_welfare,medium,synthetic,Daniel,,
"yung ate ko po buntis at walang matirhan, meron po bang tulong pwede ibigay ng barangay",social_welfare,medium,synthetic,Daniel,,
"sobrang tagal na po ng hintayan para sa senior citizen pension, sana mapabilis",social_welfare,medium,synthetic,Daniel,,
"paano po mag apply ng indigency certificate, ano po ba mga requirements",social_welfare,low,synthetic,Daniel,,
meron po bang scholarship program ang barangay para sa mga estudyante,social_welfare,low,synthetic,Daniel,,
just asking lang po what time po ba open ang social welfare office dito,social_welfare,low,synthetic,Daniel,,
pwede po ba malaman schedule ng feeding program para sa mga bata,social_welfare,low,synthetic,Daniel,,
URGENT PO MAY NANG-AABUSO SA ASAWA NIYA KATABI NAMIN NARIRINIG NAMIN ANG SIGAWAN,neighbor_dispute,high,synthetic,Daniel,,
"may nag-aaway na malakas sa kapitbahay namin, parang marahas na po at may sumisigaw",neighbor_dispute,high,synthetic,Daniel,,
sobrang lakas po ng videoke ng kapitbahay namin gabi gabi hanggang madaling araw hindi na kami makatulog,neighbor_dispute,medium,synthetic,Daniel,,
"may problema po kami sa hangganan ng lote namin at ng kapitbahay, gusto po sana ma mediate",neighbor_dispute,medium,synthetic,Daniel,,
"yung tenant po namin ayaw umalis kahit tapos na ang kontrata, ano po dapat gawin",neighbor_dispute,medium,synthetic,Daniel,,
sunod sunod na nag iiwan ng basura yung kapitbahay namin sa gilid ng bakod namin,neighbor_dispute,medium,synthetic,Daniel,,
yung sasakyan po ng kapitbahay lagi nakaharang sa garahe namin,neighbor_dispute,medium,synthetic,Daniel,,
tanong lang po kung paano mag file ng blotter dito sa barangay,neighbor_dispute,low,synthetic,Daniel,,
gustong magpatawag ng usapan yung kapitbahay namin tungkol sa aso nila na palaging tumatahol,neighbor_dispute,low,synthetic,Daniel,,
just want to ask kung libre ba yung mediation dito sa barangay,neighbor_dispute,low,synthetic,Daniel,,
sana po dagdagan yung info drive tungkol sa mga bagong ordinansa ng barangay,other,medium,synthetic,Daniel,,
"matagal na po hindi na update yung barangay bulletin board, luma na yung mga info",other,medium,synthetic,Daniel,,
pwede po ba malaman kung kelan magkakaroon ng susunod na barangay assembly,other,low,synthetic,Daniel,,
paano po mag rehistro bilang bagong residente dito sa barangay,other,low,synthetic,Daniel,,
ano po ang requirements para sa barangay clearance,other,low,synthetic,Daniel,,
just asking lang po what time po nagbubukas ang barangay hall tuwing sabado,other,low,synthetic,Daniel,,
pwede po bang magtanong kung meron bang libreng legal consultation dito,other,low,synthetic,Daniel,,
gusto ko lang po magbigay ng suggestion na dagdagan ang mga waiting chairs sa barangay hall,other,low,synthetic,Daniel,,
may malaking bitak po sa daan malapit sa waiting shed baka lumala kapag tuloy tuloy ang ulan,road_infrastructure,medium,synthetic,Daniel,,
yung hagdan sa footpath papuntang palengke may nawawalang baitang delikado po sa matatanda,road_infrastructure,high,synthetic,Daniel,,
may nakalaylay na bahagi ng bubong ng waiting shed sa tapat ng elementary school,road_infrastructure,medium,synthetic,Daniel,,
sira po ang traffic mirror sa blind corner kaya hirap makita ang mga paparating na sasakyan,road_infrastructure,high,synthetic,Daniel,,
may malalim na uka sa gilid ng kalsada malapit sa purok 3,road_infrastructure,medium,synthetic,Daniel,,
nabura na halos yung pedestrian crossing sa tapat ng paaralan sana po mapinturahan ulit,road_infrastructure,low,synthetic,Daniel,,
yung waiting shed po sa may highway wala nang ilaw at sira na rin ang isang upuan,road_infrastructure,low,synthetic,Daniel,,
may nakaharang na construction materials sa kalahati ng sidewalk hindi na madaanan ng mga tao,road_infrastructure,medium,synthetic,Daniel,,
bumigay po yung takip ng drainage sa may eskinita baka mahulog ang dumadaan,road_infrastructure,high,synthetic,Daniel,,
pwede po ba malaman kung kailan ipapagawa yung sirang kalsada sa may purok 2,road_infrastructure,low,synthetic,Daniel,,
may natumbang sanga ng malaking puno na nakaharang sa daanan papuntang barangay hall,road_infrastructure,high,synthetic,Daniel,,
yung sidewalk po sa tapat ng mga tindahan hindi na pantay at madalas nadadapa ang mga bata,road_infrastructure,medium,synthetic,Daniel,,
may kalawang na bakal na nakausli sa gilid ng daan sana po matanggal bago may masaktan,road_infrastructure,medium,synthetic,Daniel,,
sana po malagyan ng pangalan ang mga street sign sa bagong bahagi ng subdivision,road_infrastructure,low,synthetic,Daniel,,
may bahagi ng kalsada na lumulubog kapag umuulan kaya nagiging malaking puddle,road_infrastructure,medium,synthetic,Daniel,,
pakitingnan po yung drainage cover sa tapat ng bakery maluwag at umaalog kapag may dumadaan,road_infrastructure,medium,synthetic,Daniel,,
mahina po yung ilaw sa waiting shed kahit naka-on naman buong gabi,road_infrastructure,low,synthetic,Daniel,,
kelan po kaya matatapos yung pagpapagawa ng sidewalk sa may covered court,road_infrastructure,low,synthetic,Daniel,,
may mga basura na nakabara sa drainage sa tabi ng daycare center kaya hindi umaagos ang tubig,public_health_sanitation,medium,synthetic,Daniel,,
marumi po yung paligid ng communal water area at maraming putik pagkatapos gamitin,public_health_sanitation,medium,synthetic,Daniel,,
may mabahong amoy na nanggagaling sa kanal malapit sa mga bahay namin,public_health_sanitation,medium,synthetic,Daniel,,
ilang araw na pong hindi nalilinis yung pampublikong palikuran sa terminal,public_health_sanitation,medium,synthetic,Daniel,,
MAY PATAY NA HAYOP PO SA GILID NG KALSADA SOBRANG BAHO NA AT MADAMING LANGAW,public_health_sanitation,high,synthetic,Daniel,,
may tambak na nabubulok na basura sa likod ng tindahan at nagiging pugad ng ipis,public_health_sanitation,medium,synthetic,Daniel,,
may mga basag na bote na nakakalat malapit sa playground baka makatapak ang mga bata,public_health_sanitation,high,synthetic,Daniel,,
yung basurahan po sa waiting area umaapaw na at kalat na sa paligid,public_health_sanitation,medium,synthetic,Daniel,,
pwede po bang magkaroon ng regular na paglilinis sa creek namin,public_health_sanitation,low,synthetic,Daniel,,
may putik at maruming tubig na pumapasok sa bakuran namin tuwing malakas ang ulan,public_health_sanitation,medium,synthetic,Daniel,,
PAKI CHECK PO YUNG TUBIG SA PUBLIC FAUCET MAY KAKAIBANG AMOY AT KULAY,public_health_sanitation,high,synthetic,Daniel,,
marami pong lamok sa paligid ng daycare dahil sa mga lalagyan na naiipunan ng tubig,public_health_sanitation,medium,synthetic,Daniel,,
matagal na pong puno ang communal trash bin sa may purok 6,public_health_sanitation,medium,synthetic,Daniel,,
may nagtatapon po ng maruming tubig diretso sa kalsada kaya madulas at mabaho,public_health_sanitation,medium,synthetic,Daniel,,
sana po magkaroon ng schedule para sa paglilinis ng creek bago magsimula ang tag-ulan,public_health_sanitation,low,synthetic,Daniel,,
pwede po malaman kung saan dapat dalhin ang mga sirang appliances para hindi basta itapon,public_health_sanitation,low,synthetic,Daniel,,
may batang nawawala po sa may palengke hindi makita ng magulang niya kailangan ng tulong,public_safety,high,synthetic,Daniel,,
may kahina-hinalang tao pong sumusubok pumasok sa mga bakanteng bahay ngayong gabi,public_safety,high,synthetic,Daniel,,
MAY SUNOG PO SA ISANG BAHAY SA PUROK 5 PAKI RESPONDE AGAD,public_safety,high,synthetic,Daniel,,
may aksidente po sa kalsada malapit sa tindahan at mukhang may nasaktan,public_safety,high,synthetic,Daniel,,
may mga batang naglalaro sa gitna ng kalsada sa gabi baka mabangga ng sasakyan,public_safety,medium,synthetic,Daniel,,
may lasing na tao pong nanggugulo sa labas ng tindahan at nananakot ng dumadaan,public_safety,high,synthetic,Daniel,,
madalas po may nag-iwan ng motorsiklo sa madilim na eskinita at hindi namin kilala,public_safety,medium,synthetic,Daniel,,
may nakita pong bukas na electrical box sa gilid ng kalsada baka makuryente ang bata,public_safety,high,synthetic,Daniel,,
pwede po bang magkaroon ng dagdag na ronda sa lugar namin tuwing madaling araw,public_safety,medium,synthetic,Daniel,,
may mga kabataan pong nagmomotor nang mabilis sa makitid na street namin,public_safety,medium,synthetic,Daniel,,
may taong nagbabanta sa kapitbahay namin at may hawak na hindi namin makilala kung ano,public_safety,high,synthetic,Daniel,,
naiwan po yung bag ng isang pasahero sa waiting shed baka pwede ipaabot sa may-ari,public_safety,low,synthetic,Daniel,,
may mga asong gala na humahabol sa mga nagbibisikleta sa umaga,public_safety,medium,synthetic,Daniel,,
pwede po ba magtanong kung saan magrereport ng nawawalang cellphone,public_safety,low,synthetic,Daniel,,
may biglang pagtaas ng tubig sa creek at mabilis na pumapasok sa ilang bahay,utilities,high,synthetic,Daniel,,
WALA PO KAMING KURYENTE SA BUONG STREET AT MAY MGA SENIOR NA KAILANGAN NG MEDICAL EQUIPMENT,utilities,high,synthetic,Daniel,,
mahina po ang tubig namin simula kahapon at halos patak lang lumalabas sa gripo,utilities,medium,synthetic,Daniel,,
may tumutulong tubig mula sa sirang linya sa harap ng bahay at nababasa ang buong kalsada,utilities,medium,synthetic,Daniel,,
nagfi-flicker po ang kuryente namin simula kaninang hapon baka may problema sa linya,utilities,medium,synthetic,Daniel,,
may tubig po na umaagos mula sa sirang tubo malapit sa waiting shed,utilities,medium,synthetic,Daniel,,
bigla pong nawalan ng internet sa barangay office kaya hindi ma-access ang online services,utilities,low,synthetic,Daniel,,
pwede po malaman kung may scheduled power interruption bukas sa lugar namin,utilities,low,synthetic,Daniel,,
hanggang ngayon po wala pa ring supply ng tubig kahit sabi kahapon maaayos na,utilities,medium,synthetic,Daniel,,
may malakas na tunog sa transformer tuwing gabi sana po ma-check para safe,utilities,high,synthetic,Daniel,,
mahina ang boltahe namin at namamatay minsan ang mga appliances,utilities,medium,synthetic,Daniel,,
may sirang gripo sa public water station kaya tuloy tuloy ang tulo,utilities,low,synthetic,Daniel,,
pwede po ba malaman kung saan magrereport ng sirang water meter,utilities,low,synthetic,Daniel,,
may pamilya pong nawalan ng bahay dahil sa bagyo at kailangan nila ng pansamantalang matutuluyan,social_welfare,high,synthetic,Daniel,,
may senior citizen po dito na mag-isa at kailangan ng assistance para sa pagkain,social_welfare,medium,synthetic,Daniel,,
wala po kaming pambili ng gamot at gusto sana naming malaman kung may assistance program,social_welfare,medium,synthetic,Daniel,,
may estudyante pong kailangan ng school supplies pero kapos talaga ang pamilya,social_welfare,medium,synthetic,Daniel,,
pwede po bang humingi ng tulong para sa pamilyang nawalan ng kabuhayan dahil sa sunog,social_welfare,high,synthetic,Daniel,,
may feeding program po ba para sa mga batang undernourished sa aming purok,social_welfare,low,synthetic,Daniel,,
paano po kumuha ng certificate para sa scholarship application,social_welfare,low,synthetic,Daniel,,
may ayuda po ba para sa mga pamilyang naapektuhan ng bagyo,social_welfare,medium,synthetic,Daniel,,
"yung kapitbahay po namin ay matanda na at walang kasama sa bahay, may barangay assistance po ba",social_welfare,medium,synthetic,Daniel,,
pwede po ba magtanong tungkol sa livelihood program para sa mga walang trabaho,social_welfare,low,synthetic,Daniel,,
"may senior po dito na hindi makalakad papunta sa barangay office, may paraan po ba para ma-assist siya",social_welfare,medium,synthetic,Daniel,,
ano po ang requirements para makasali sa livelihood training ng barangay,social_welfare,low,synthetic,Daniel,,
gusto po sana naming malaman kung may emergency assistance para sa mga nasalanta ng bagyo,social_welfare,medium,synthetic,Daniel,,
pwede po ba humingi ng schedule ng distribution ng school supplies,social_welfare,low,synthetic,Daniel,,
"magandang araw po, may program po ba para sa solo parents dito sa barangay",social_welfare,low,synthetic,Daniel,,
halos gabi gabi po nagkakantahan at malakas ang speaker ng kapitbahay namin,neighbor_dispute,medium,synthetic,Daniel,,
may kapitbahay po kaming paulit ulit nagpa-park sa tapat ng gate namin kahit pinakiusapan na,neighbor_dispute,medium,synthetic,Daniel,,
nagkakaroon po kami ng pagtatalo tungkol sa puno na nasa boundary ng dalawang lote,neighbor_dispute,medium,synthetic,Daniel,,
yung kapitbahay po namin nagtatapon ng pinagtabasan ng halaman sa harap ng bahay namin,neighbor_dispute,medium,synthetic,Daniel,,
MAY MALAKAS NA SIGAWAN PO SA BAHAY SA TABI NAMIN AT PARANG MAY NAGBABANTA,neighbor_dispute,high,synthetic,Daniel,,
may alagang manok ang kapitbahay namin na pumapasok sa bakuran at sinisira ang mga halaman,neighbor_dispute,low,synthetic,Daniel,,
may hindi pagkakaunawaan po kami tungkol sa utang at gusto namin sana ng barangay mediation,neighbor_dispute,medium,synthetic,Daniel,,
palaging may nagsisigawan sa kabilang bahay tuwing madaling araw nakakagambala na,neighbor_dispute,medium,synthetic,Daniel,,
may kapitbahay pong gumagamit ng bahagi ng common pathway para sa kanilang gamit,neighbor_dispute,medium,synthetic,Daniel,,
gusto ko po sanang malaman kung pwede humingi ng tulong sa barangay para maresolba ang away namin sa boundary,neighbor_dispute,low,synthetic,Daniel,,
yung aso ng kapitbahay po ay laging nakakalabas at hinahabol ang mga dumadaan,neighbor_dispute,medium,synthetic,Daniel,,
"may nagrereklamo po tungkol sa puno namin na nakatakip daw sa kanilang bintana, pwede po ba magpa-assist sa barangay",neighbor_dispute,low,synthetic,Daniel,,
pwede po ba magpa-schedule ng mediation tungkol sa problema namin sa shared driveway,neighbor_dispute,low,synthetic,Daniel,,
may kapitbahay po kaming nag-iingay gamit ang videoke tuwing may okasyon hanggang hatinggabi,neighbor_dispute,medium,synthetic,Daniel,,
ano po ang proseso kung gusto naming magreklamo tungkol sa paulit ulit na nuisance sa aming lugar,neighbor_dispute,low,synthetic,Daniel,,
pwede po ba malaman kung may online appointment para sa pagkuha ng barangay clearance,other,low,synthetic,Daniel,,
ano po ang oras ng barangay assembly ngayong buwan,other,low,synthetic,Daniel,,
paano po mag-update ng address sa barangay records,other,low,synthetic,Daniel,,
may online service po ba para humingi ng certificate of residency,other,low,synthetic,Daniel,,
pwede po bang malaman kung sino ang dapat kontakin para sa business permit concerns,other,low,synthetic,Daniel,,
matagal na pong walang bagong announcement sa official bulletin board sana po ma-update,other,medium,synthetic,Daniel,,
may schedule po ba ng libreng legal advice ngayong buwan,other,low,synthetic,Daniel,,
paano po magpa-schedule ng appointment sa barangay secretary,other,low,synthetic,Daniel,,
pwede po ba magbigay ng feedback tungkol sa pila sa barangay hall,other,low,synthetic,Daniel,,
may paraan po ba para ma-check online ang status ng request namin,other,low,synthetic,Daniel,,
gusto ko po sanang malaman kung anong mga dokumento ang kailangan para sa residency certificate,other,low,synthetic,Daniel,,
pwede po bang magkaroon ng mas malinaw na signage kung saan ang iba't ibang offices sa barangay hall,other,medium,synthetic,Daniel,,
may public consultation po ba bago ipatupad ang mga bagong barangay ordinansa,other,low,synthetic,Daniel,,
paano po mag-register para makatanggap ng barangay announcements online,other,low,synthetic,Daniel,,
sana po magkaroon ng feedback box o online form para mas madaling magsabi ng concerns ang mga residente,other,low,synthetic,Daniel,,
may bumagsak na malaking sanga sa gitna ng kalsada at hindi makadaan ang mga sasakyan,road_infrastructure,high,synthetic,Daniel,,
may nawawalang manhole cover sa tapat ng mga bahay namin delikado lalo na sa gabi,road_infrastructure,high,synthetic,Daniel,,
yung kalsada po sa may elementary school sobrang dulas dahil sa putik,road_infrastructure,medium,synthetic,Daniel,,
may bahagi ng sidewalk na natatakpan ng damo kaya napipilitan kaming maglakad sa kalsada,road_infrastructure,medium,synthetic,Daniel,,
may poste ng street sign na halos matumba na dahil maluwag ang pundasyon,road_infrastructure,medium,synthetic,Daniel,,
may sirang railings sa gilid ng tulay baka mahulog ang mga dumadaan,road_infrastructure,high,synthetic,Daniel,,
may malaking bato at debris sa kalsada pagkatapos ng ulan,road_infrastructure,medium,synthetic,Daniel,,
may nakaharang na lumang kariton sa sidewalk ilang araw na po,road_infrastructure,low,synthetic,Daniel,,
yung waiting shed sa may terminal may butas sa bubong kaya nababasa ang naghihintay,road_infrastructure,medium,synthetic,Daniel,,
may sirang poste ng pedestrian sign sa tapat ng daycare,road_infrastructure,medium,synthetic,Daniel,,
may bahagi ng pavement na umangat at baka matisod ang mga naglalakad,road_infrastructure,medium,synthetic,Daniel,,
pwede po bang ma-check yung drainage sa gilid ng kalsada kasi wala nang takip,road_infrastructure,high,synthetic,Daniel,,
may malaking puno na nakaharang sa visibility ng mga sasakyan sa intersection,road_infrastructure,medium,synthetic,Daniel,,
sobrang kupas na po ng road markings sa may intersection baka malito ang drivers,road_infrastructure,low,synthetic,Daniel,,
yung hagdan sa public walkway madulas na dahil sa lumot,road_infrastructure,medium,synthetic,Daniel,,
may bahagi ng kalsada na nagkakaron ng bitak pagkatapos ng road project,road_infrastructure,medium,synthetic,Daniel,,
pwede po kaya malagyan ng speed bump yung street namin kasi mabilis ang mga sasakyan,road_infrastructure,low,synthetic,Daniel,,
may harang na bakal sa sidewalk na hindi na ginagamit at nakakasikip sa daanan,road_infrastructure,low,synthetic,Daniel,,
yung drainage grate po sa may tindahan nakataas at maaaring matapakan ng bata,road_infrastructure,high,synthetic,Daniel,,
may poste ng street sign na natanggal pagkatapos ng malakas na hangin,road_infrastructure,low,synthetic,Daniel,,
maraming daga sa paligid ng palengke dahil sa mga basurang naiwan pagkatapos ng market day,public_health_sanitation,high,synthetic,Daniel,,
may maruming tubig na naiipon sa tabi ng public restroom at mabaho na,public_health_sanitation,medium,synthetic,Daniel,,
puno na po ang mga basurahan sa paligid ng plaza pagkatapos ng event,public_health_sanitation,medium,synthetic,Daniel,,
may nagtatapon ng used diapers sa bakanteng lote malapit sa amin,public_health_sanitation,high,synthetic,Daniel,,
may basura na inanod papunta sa creek at nakabara sa daluyan ng tubig,public_health_sanitation,medium,synthetic,Daniel,,
sobrang daming ipis sa communal garbage area sana po malinis agad,public_health_sanitation,medium,synthetic,Daniel,,
may mga sirang lalagyan ng basura na wala nang takip kaya kumakalat ang basura,public_health_sanitation,medium,synthetic,Daniel,,
may maruming tubig na galing sa isang establishment at dumadaloy sa sidewalk,public_health_sanitation,medium,synthetic,Daniel,,
may mga basurang naiwan sa playground mula kahapon,public_health_sanitation,low,synthetic,Daniel,,
may amoy kemikal na nanggagaling sa kanal malapit sa mga bahay,public_health_sanitation,high,synthetic,Daniel,,
maraming lamok sa bakanteng lote dahil sa mga lumang gulong na may tubig,public_health_sanitation,medium,synthetic,Daniel,,
may nagtatapon ng construction debris sa tabi ng creek,public_health_sanitation,medium,synthetic,Daniel,,
pwede po bang magkaroon ng clean-up drive sa paligid ng covered court,public_health_sanitation,low,synthetic,Daniel,,
may mga basag na ilaw at basura sa loob ng pampublikong palikuran,public_health_sanitation,medium,synthetic,Daniel,,
may nakatambak na basura sa gilid ng daycare na ilang araw nang hindi nakokolekta,public_health_sanitation,medium,synthetic,Daniel,,
may maruming drainage water na umaabot sa pedestrian area,public_health_sanitation,high,synthetic,Daniel,,
pwede po bang malaman kung saan maaaring i-report ang illegal dumping,public_health_sanitation,low,synthetic,Daniel,,
may nagtatapon ng food waste sa bakanteng lote kaya dumadami ang daga,public_health_sanitation,medium,synthetic,Daniel,,
may sirang faucet sa public restroom at tuloy tuloy ang pag-agos ng tubig,public_health_sanitation,low,synthetic,Daniel,,
sana po magkaroon ng pest control sa paligid ng barangay market,public_health_sanitation,low,synthetic,Daniel,,
may taong paikot ikot sa parking area ng barangay hall at sinusubukang buksan ang mga nakaparadang sasakyan,public_safety,high,synthetic,Daniel,,
MAY NAKITA PO KAMING BATA NA MAG-ISA SA TABI NG HIGHWAY AT PARANG NAWAWALA,public_safety,high,synthetic,Daniel,,
may nagmamaneho po nang sobrang bilis sa loob ng residential street namin,public_safety,medium,synthetic,Daniel,,
may mga taong nag-iinuman sa madilim na bahagi ng plaza gabi gabi,public_safety,medium,synthetic,Daniel,,
may bukas na gate sa abandoned property at may mga taong pumapasok doon,public_safety,medium,synthetic,Daniel,,
may nahulog na malaking bagay mula sa building papunta sa walkway,public_safety,high,synthetic,Daniel,,
may mga batang umaakyat sa bubong ng lumang waiting shed baka mahulog,public_safety,medium,synthetic,Daniel,,
may nakita pong wallet sa harap ng barangay hall baka may naghahanap,public_safety,low,synthetic,Daniel,,
may group po ng riders na nagra-racing sa street namin tuwing gabi,public_safety,high,synthetic,Daniel,,
may sirang CCTV camera sa entrance ng subdivision sana po ma-check,public_safety,medium,synthetic,Daniel,,
may nagkalat na pako sa kalsada na maaaring makatusok sa mga dumadaan,public_safety,high,synthetic,Daniel,,
may mga taong naglalaro ng basketball hanggang sobrang gabi at may mga reklamo na sa ingay,public_safety,low,synthetic,Daniel,,
may batang umaakyat sa poste malapit sa playground kailangan po mapagsabihan,public_safety,high,synthetic,Daniel,,
may mga stray cats na nag-aagawan ng pagkain sa may market at nagiging magulo,public_safety,low,synthetic,Daniel,,
pwede po bang magkaroon ng safety patrol malapit sa school tuwing uwian,public_safety,medium,synthetic,Daniel,,
may motor na matagal nang nakaparada sa eskinita at hindi alam kung kanino,public_safety,medium,synthetic,Daniel,,
may tao pong nanunukso at humaharang sa mga estudyanteng pauwi galing school,public_safety,high,synthetic,Daniel,,
may natagpuang susi sa waiting area pwede po bang i-turn over sa barangay,public_safety,low,synthetic,Daniel,,
may mga bata pong naglalaro malapit sa construction site kahit may warning signs,public_safety,medium,synthetic,Daniel,,
pwede po bang magtanong kung saan isusuko ang mga gamit na napulot sa pampublikong lugar,public_safety,low,synthetic,Daniel,,
bigla pong nawalan ng tubig sa health center habang may mga pasyente,utilities,high,synthetic,Daniel,,
may tumutulong tubig mula sa main pipe at mabilis na binabaha ang gilid ng street,utilities,high,synthetic,Daniel,,
nagkaroon po ng power surge kanina at ilang appliances namin hindi gumagana,utilities,high,synthetic,Daniel,,
mahina po ang signal ng tubig sa public faucet kapag umaga,utilities,low,synthetic,Daniel,,
may sirang electrical wire na nakalaylay malapit sa waiting area,utilities,high,synthetic,Daniel,,
paulit ulit pong namamatay ang kuryente sa street namin nitong mga nakaraang araw,utilities,medium,synthetic,Daniel,,
may water leak sa tabi ng barangay facility at lumalaki na yung basang bahagi ng lupa,utilities,medium,synthetic,Daniel,,
pwede po bang malaman kung may maintenance sa water supply ngayong linggo,utilities,low,synthetic,Daniel,,
may kuryente naman po pero sobrang hina at kumikislap ang mga ilaw,utilities,high,synthetic,Daniel,,
yung streetlight po ay biglang namamatay kapag umuulan,utilities,medium,synthetic,Daniel,,
may sirang circuit box sa labas ng community facility sana ma-check agad,utilities,high,synthetic,Daniel,,
pwede po bang malaman kung paano magreport ng water leak sa public line,utilities,low,synthetic,Daniel,,
may bahagi ng street namin na walang supply ng tubig pero meron sa kabilang block,utilities,medium,synthetic,Daniel,,
bigla pong tumaas ang tubig sa drainage kahit hindi naman malakas ang ulan,utilities,medium,synthetic,Daniel,,
may exposed wire po sa tabi ng utility pole delikado sa mga bata,utilities,high,synthetic,Daniel,,
pwede po bang mag-request ng additional street lighting sa madilim na bahagi ng residential area,utilities,low,synthetic,Daniel,,
may power interruption na po ulit kahit kakabalik lang ng kuryente kanina,utilities,medium,synthetic,Daniel,,
may kakaibang vibration at ingay sa water pump tuwing ginagamit,utilities,medium,synthetic,Daniel,,
may sirang electrical outlet sa barangay facility na ginagamit ng mga residente,utilities,high,synthetic,Daniel,,
paano po magreport ng utility problem kung weekend at sarado ang office,utilities,low,synthetic,Daniel,,
may pamilya pong nawalan ng gamit dahil sa biglaang pagbaha at kailangan ng relief assistance,social_welfare,high,synthetic,Daniel,,
may senior citizen po na kailangan ng wheelchair para makapunta sa medical appointment,social_welfare,medium,synthetic,Daniel,,
may pamilya po na may bagong panganak at nahihirapan sa gastusin,social_welfare,medium,synthetic,Daniel,,
may estudyante po na gustong mag-apply sa educational assistance program,social_welfare,low,synthetic,Daniel,,
may solo parent po na naghahanap ng livelihood assistance,social_welfare,medium,synthetic,Daniel,,
paano po mag-apply para sa assistance ng persons with disability,social_welfare,low,synthetic,Daniel,,
may pamilyang nawalan ng trabaho at wala nang pambayad sa pagkain,social_welfare,high,synthetic,Daniel,,
may scholarship renewal assistance po ba para sa continuing students,social_welfare,low,synthetic,Daniel,,
may elderly resident po na walang kamag-anak dito at kailangan ng regular na welfare check,social_welfare,medium,synthetic,Daniel,,
pwede po bang humingi ng tulong para sa school transportation ng isang estudyante,social_welfare,low,synthetic,Daniel,,
may pamilya po na nasiraan ng bahay dahil sa malakas na hangin at kailangan ng materyales,social_welfare,high,synthetic,Daniel,,
ano po ang proseso para sa emergency financial assistance,social_welfare,low,synthetic,Daniel,,
may available po bang program para sa mga bagong nanay at sanggol,social_welfare,low,synthetic,Daniel,,
pwede po bang mag-request ng assistive device para sa isang PWD resident,social_welfare,medium,synthetic,Daniel,,
may resident po na hindi makapaghanapbuhay dahil sa pagkawala ng kanilang kagamitan,social_welfare,medium,synthetic,Daniel,,
paano po magpa-enroll sa barangay livelihood seminar,social_welfare,low,synthetic,Daniel,,
may food assistance po ba para sa pamilyang pansamantalang walang income,social_welfare,medium,synthetic,Daniel,,
pwede po bang malaman kung may program para sa out-of-school youth,social_welfare,low,synthetic,Daniel,,
may senior citizen po na hindi nakatanggap ng kanilang benefit at gusto sanang mag-follow up,social_welfare,medium,synthetic,Daniel,,
may assistance po ba para sa burial expenses ng low-income families,social_welfare,high,synthetic,Daniel,,
may kapitbahay po kaming naglalagay ng gamit sa shared pathway at nahihirapan kaming dumaan,neighbor_dispute,medium,synthetic,Daniel,,
nagkakaroon po kami ng problema sa tubig na ginagamit naming magkapitbahay at gusto sana naming maayos sa mediation,neighbor_dispute,medium,synthetic,Daniel,,
may kapitbahay po na laging nagsusunog ng basura malapit sa bahay namin,neighbor_dispute,high,synthetic,Daniel,,
yung kapitbahay namin ay naglalagay ng harang sa daanan na ginagamit ng maraming residente,neighbor_dispute,medium,synthetic,Daniel,,
may hindi pagkakaunawaan po kami tungkol sa ingay ng pets namin at gusto namin ng maayos na usapan,neighbor_dispute,low,synthetic,Daniel,,
may kapitbahay pong nagrereklamo dahil sa puno namin pero gusto sana naming pag-usapan muna sa barangay,neighbor_dispute,low,synthetic,Daniel,,
may problema po sa paggamit ng shared parking space namin at hindi kami magkasundo,neighbor_dispute,medium,synthetic,Daniel,,
paulit ulit pong may nag-iiwan ng gamit sa tapat ng bahay namin kahit pinagsasabihan na,neighbor_dispute,medium,synthetic,Daniel,,
may away po tungkol sa pag-aari ng isang bahagi ng bakanteng lote,neighbor_dispute,medium,synthetic,Daniel,,
gusto po sana naming mag-request ng barangay mediation tungkol sa problema sa drainage na pinagtatalunan namin ng kapitbahay,neighbor_dispute,low,synthetic,Daniel,,
may kapitbahay po kaming naglalabas ng alagang hayop sa common area at nag-iiwan ng dumi,neighbor_dispute,medium,synthetic,Daniel,,
paano po mag-request ng mediation kung parehong parties ay hindi magkasundo,neighbor_dispute,low,synthetic,Daniel,,
may reklamo po kami sa paulit ulit na pagparada ng delivery vehicle sa harap ng bahay namin,neighbor_dispute,medium,synthetic,Daniel,,
may disagreement po kami ng kapitbahay tungkol sa location ng bakod,neighbor_dispute,medium,synthetic,Daniel,,
pwede po bang malaman kung kailangan parehong present ang dalawang panig sa mediation,neighbor_dispute,low,synthetic,Daniel,,
may kapitbahay pong gumagamit ng loud machinery tuwing madaling araw,neighbor_dispute,medium,synthetic,Daniel,,
may nagrereklamo po tungkol sa puno namin na lumalampas ang mga sanga sa kanilang property,neighbor_dispute,low,synthetic,Daniel,,
gusto po namin magpa-assist sa barangay dahil hindi namin maayos na napag-uusapan ang shared driveway,neighbor_dispute,medium,synthetic,Daniel,,
may hindi pagkakaunawaan po tungkol sa pagtatapon ng tubig mula sa isang bahay papunta sa kabilang property,neighbor_dispute,medium,synthetic,Daniel,,
ano po ang requirements para makapag-request ng barangay mediation,neighbor_dispute,low,synthetic,Daniel,,
pwede po bang online mag-submit ng request para sa certificate of indigency,other,low,synthetic,Daniel,,
paano po mag-follow up kung matagal nang pending ang barangay request namin,other,low,synthetic,Daniel,,
may online tracking number po ba para sa mga submitted complaints,other,low,synthetic,Daniel,,
pwede po bang mag-request ng barangay document kahit hindi makapunta personally,other,low,synthetic,Daniel,,
ano po ang payment options para sa mga documents na may processing fee,other,low,synthetic,Daniel,,
paano po malalaman kung approved na ang request na sinubmit online,other,low,synthetic,Daniel,,
pwede po bang baguhin ang details ng application pagkatapos ma-submit,other,low,synthetic,Daniel,,
may maximum file size po ba para sa attachments sa online complaint form,other,low,synthetic,Daniel,,
paano po kung mali ang nailagay kong address sa submitted request,other,low,synthetic,Daniel,,
may notification po ba kapag may update sa complaint na nireport online,other,low,synthetic,Daniel,,
pwede po bang mag-submit ng complaint anonymously,other,low,synthetic,Daniel,,
paano po i-cancel ang request na na-submit ko na,other,low,synthetic,Daniel,,
may paraan po ba para mag-download ng completed certificate online,other,low,synthetic,Daniel,,
pwede po bang gumamit ng mobile phone para mag-submit ng barangay request,other,low,synthetic,Daniel,,
paano po gumawa ng account sa online barangay services,other,low,synthetic,Daniel,,
may password reset option po ba kung nakalimutan ko ang account password,other,low,synthetic,Daniel,,
pwede po bang mag-upload ng larawan bilang evidence sa complaint,other,low,synthetic,Daniel,,
paano po kung walang response sa complaint na na-submit online,other,medium,synthetic,Daniel,,
pwede po bang makita ang history ng mga requests na na-submit ko,other,low,synthetic,Daniel,,
sana po magkaroon ng estimated processing time sa bawat type ng barangay request,other,low,synthetic,Daniel,,
may maruming tubig po na umaagos mula sa drainage papunta sa harap ng mga bahay namin at sobrang baho na,public_health_sanitation,high,synthetic,Daniel,,
PAKI TULONG PO MAY MARAMING DAGA SA PALIGID NG PALENGKE AT PUMAPASOK NA SA MGA BAHAY,public_health_sanitation,high,synthetic,Daniel,,
may batang nagsuka po matapos uminom sa public faucet baka may problema sa tubig kailangan po ma-check agad,public_health_sanitation,high,synthetic,Daniel,,
may tumagas na maruming sewage sa tapat ng mga bahay namin at dumadaloy sa kalsada,public_health_sanitation,high,synthetic,Daniel,,
may tambak pong basura na nabubulok na at sobrang dami nang langaw at daga sa paligid,public_health_sanitation,high,synthetic,Daniel,,
may kakaibang kulay at amoy ang tubig sa communal faucet namin simula kaninang umaga,public_health_sanitation,high,synthetic,Daniel,,
may umaapaw na septic waste sa likod ng bahay namin at malapit ito sa mga bata,public_health_sanitation,high,synthetic,Daniel,,
may patay na hayop po sa tabi ng drainage ilang araw na at kumakalat na ang mabahong amoy,public_health_sanitation,high,synthetic,Daniel,,
sobrang daming lamok sa evacuation area dahil may nakatigil na maruming tubig sa paligid,public_health_sanitation,high,synthetic,Daniel,,
MAY NAKALAT NA BASAG NA SALAMIN SA PALIGID NG DAYCARE BAKA MASUGATAN ANG MGA BATA,public_health_sanitation,high,synthetic,Daniel,,
may chemical-like na amoy po sa tubig namin at natatakot kaming gamitin sa pagluluto,public_health_sanitation,high,synthetic,Daniel,,
may maruming wastewater na diretso sa creek at malapit lang ang mga bahay at daycare,public_health_sanitation,high,synthetic,Daniel,,
may malaking tambak ng nabubulok na pagkain sa likod ng market at dumami ang peste,public_health_sanitation,high,synthetic,Daniel,,
may basura pong nakabara sa kanal kaya umaapaw ang maruming tubig papunta sa mga bahay,public_health_sanitation,high,synthetic,Daniel,,
may sewage leak po sa gilid ng kalsada at madalas dumadaan ang mga bata doon,public_health_sanitation,high,synthetic,Daniel,,
PAKI CHECK AGAD YUNG PUBLIC WATER TANK MAY LUMOT AT MABAHONG AMOY SA LOOB,public_health_sanitation,high,synthetic,Daniel,,
may mga daga na po sa loob ng barangay facility dahil sa matagal nang nakatambak na basura,public_health_sanitation,high,synthetic,Daniel,,
may maruming tubig na bumabalik mula sa kanal papunta sa public restroom,public_health_sanitation,high,synthetic,Daniel,,
may malaking infestation ng ipis sa communal garbage area at kumakalat na sa mga katabing bahay,public_health_sanitation,high,synthetic,Daniel,,
may mga used medical materials po na nakakalat malapit sa health center kailangan ma-clear agad,public_health_sanitation,high,synthetic,Daniel,,
marumi at mabaho po ang paligid ng evacuation center at wala nang maayos na lugar para magtapon ng basura,public_health_sanitation,high,synthetic,Daniel,,
may umaapaw na basura sa tabi ng food stall at dumadami ang langaw sa lugar,public_health_sanitation,high,synthetic,Daniel,,
may naiipong maruming tubig sa entrance ng school at madulas na po para sa mga estudyante,public_health_sanitation,medium,synthetic,Daniel,,
may basura pong nakakalat sa gilid ng creek pagkatapos ng weekend,public_health_sanitation,medium,synthetic,Daniel,,
hindi po nalilinis ang public restroom nang maayos at mabilis bumaho pagkatapos gamitin,public_health_sanitation,medium,synthetic,Daniel,,
may mga plastic at bote na naiipon sa drainage malapit sa basketball court,public_health_sanitation,medium,synthetic,Daniel,,
marami pong lamok sa paligid ng covered court dahil may mga lalagyan na may tubig,public_health_sanitation,medium,synthetic,Daniel,,
may mabahong amoy po mula sa drainage tuwing hapon at umaabot sa mga bahay,public_health_sanitation,medium,synthetic,Daniel,,
may mga basurang nakakalat sa palengke pagkatapos ng market day at hindi agad nalilinis,public_health_sanitation,medium,synthetic,Daniel,,
may nagtatapon po ng kitchen waste sa gilid ng creek kaya nagkakaroon ng mabahong amoy,public_health_sanitation,medium,synthetic,Daniel,,
may naiwan na maraming food containers sa plaza matapos ang event at nagsisimula nang pamugaran ng langaw,public_health_sanitation,medium,synthetic,Daniel,,
may baradong drainage sa tabi ng health center at hindi umaagos ang tubig,public_health_sanitation,medium,synthetic,Daniel,,
may mga lumang gulong na puno ng tubig sa bakanteng lote at maraming lamok,public_health_sanitation,medium,synthetic,Daniel,,
may nagtatapon ng basura sa likod ng multipurpose hall kahit may designated bins naman,public_health_sanitation,medium,synthetic,Daniel,,
may mabahong kanal malapit sa school at nagrereklamo na ang mga estudyante,public_health_sanitation,medium,synthetic,Daniel,,
umaapaw po ang trash bins tuwing weekend sa plaza sana madagdagan ang collection,public_health_sanitation,medium,synthetic,Daniel,,
may putik at maruming tubig sa paligid ng communal washing area,public_health_sanitation,medium,synthetic,Daniel,,
may mga basurang inanod papunta sa drainage pagkatapos ng ulan,public_health_sanitation,medium,synthetic,Daniel,,
marami pong ipis sa paligid ng public restroom lalo na kapag gabi,public_health_sanitation,medium,synthetic,Daniel,,
may illegal dumping po sa bakanteng lote at halos araw araw nadadagdagan ang basura,public_health_sanitation,medium,synthetic,Daniel,,
pwede po bang malinis yung creek malapit sa amin dahil marami nang plastic at bote,public_health_sanitation,low,synthetic,Daniel,,
may schedule po ba para sa fumigation o pest control sa barangay,public_health_sanitation,low,synthetic,Daniel,,
saan po ba maaaring magreport kung may nagtatapon ng basura sa hindi tamang lugar,public_health_sanitation,low,synthetic,Daniel,,
pwede po ba humingi ng schedule ng regular garbage collection sa street namin,public_health_sanitation,low,synthetic,Daniel,,
sana po magkaroon ng additional trash bins sa paligid ng playground,public_health_sanitation,low,synthetic,Daniel,,
may program po ba ang barangay para sa paglilinis ng mga drainage bago tag-ulan,public_health_sanitation,low,synthetic,Daniel,,
paano po magreport ng maruming public restroom,public_health_sanitation,low,synthetic,Daniel,,
pwede po ba malaman kung saan itinatapon ang household hazardous waste,public_health_sanitation,low,synthetic,Daniel,,
sana po magkaroon ng regular inspection sa mga lugar na maraming stagnant water,public_health_sanitation,low,synthetic,Daniel,,
may schedule po ba ng community clean-up drive ngayong buwan,public_health_sanitation,low,synthetic,Daniel,,
MAY NAKITA PO KAMING TAONG NAGTUTURO NG BARIL SA MGA TAO SA LABAS NG TINDAHAN KAILANGAN NG TULONG AGAD,public_safety,high,synthetic,Daniel,,
may nanghahabol po na lasing na lalaki sa mga dumadaan sa kanto,public_safety,high,synthetic,Daniel,,
may taong pilit na pumapasok sa bahay ng kapitbahay namin kahit ayaw siyang papasukin,public_safety,high,synthetic,Daniel,,
may sunog po sa maliit na tindahan malapit sa residential area pakiresponde agad,public_safety,high,synthetic,Daniel,,
may aksidente po sa intersection at may taong nakahandusay sa kalsada,public_safety,high,synthetic,Daniel,,
may batang muntik nang masagasaan dahil may mabilis na motor na nagra-racing sa street,public_safety,high,synthetic,Daniel,,
may grupo po ng mga lalaki na nag-aaway at may nagsasabing may dalang armas,public_safety,high,synthetic,Daniel,,
may taong nananakot sa mga residente gamit ang matalim na bagay,public_safety,high,synthetic,Daniel,,
may nahulog na tao mula sa second floor ng isang building at kailangan ng emergency assistance,public_safety,high,synthetic,Daniel,,
may malaking apoy po na kumakalat mula sa bakanteng lote papunta sa mga bahay,public_safety,high,synthetic,Daniel,,
MAY BATANG NAWAWALA PO SA PAMILIHAN AT HINDI MAKITA NG MAGULANG,public_safety,high,synthetic,Daniel,,
may lalaki pong sumusubok buksan ang mga gate ng bahay namin ngayong gabi,public_safety,high,synthetic,Daniel,,
may taong nanggugulo at nananakit ng mga dumadaan sa labas ng terminal,public_safety,high,synthetic,Daniel,,
may aksidente sa kalsada at may mga taong nagsisiksikan sa paligid na baka lalo pang maging delikado,public_safety,high,synthetic,Daniel,,
may electrical equipment na nasusunog sa public facility at may usok na kumakalat,public_safety,high,synthetic,Daniel,,
may grupo ng motorsiklo na sobrang bilis magpatakbo sa residential street at muntik nang makabangga ng pedestrian,public_safety,high,synthetic,Daniel,,
may taong nagbabanta sa isang residente at patuloy siyang sinusundan sa kalsada,public_safety,high,synthetic,Daniel,,
may malaking puno pong bumagsak sa playground habang may mga batang naglalaro,public_safety,high,synthetic,Daniel,,
may taong pinipilit buksan ang pinto ng barangay facility kahit sarado na,public_safety,high,synthetic,Daniel,,
may nakitang kahina-hinalang package sa tabi ng entrance ng public building,public_safety,high,synthetic,Daniel,,
may matandang naligaw po at hindi niya maalala kung saan siya nakatira,public_safety,high,synthetic,Daniel,,
may batang naiwan mag-isa sa kalsada at mukhang hindi alam kung saan pupunta,public_safety,high,synthetic,Daniel,,
may gulo po sa labas ng school at may mga taong nagtutulakan,public_safety,high,synthetic,Daniel,,
may asong gala na agresibo at ilang beses nang sumusugod sa mga taong dumadaan,public_safety,high,synthetic,Daniel,,
may tao pong nagtatangkang pasukin ang mga parked vehicles sa barangay parking area,public_safety,high,synthetic,Daniel,,
may bumagsak na debris mula sa isang lumang building papunta sa sidewalk,public_safety,high,synthetic,Daniel,,
may taong nangha-harass sa mga estudyante pauwi at ayaw silang tantanan,public_safety,high,synthetic,Daniel,,
may malakas na pagsabog po na narinig malapit sa residential area at hindi namin alam ang pinagmulan,public_safety,high,synthetic,Daniel,,
may tao pong unconscious sa gilid ng kalsada at kailangan ng agarang tulong,public_safety,high,synthetic,Daniel,,
may lalaki na nagwawala sa plaza at naghahagis ng mga bagay sa mga tao,public_safety,high,synthetic,Daniel,,
may bukas na manhole sa gitna ng daanan at may mga batang dumadaan doon,public_safety,high,synthetic,Daniel,,
may mga taong nag-iinuman at nag-aaway sa kalsada tuwing gabi,public_safety,medium,synthetic,Daniel,,
may motorsiklong mabilis magpatakbo sa makitid na street namin,public_safety,medium,synthetic,Daniel,,
may mga kabataan pong umaakyat sa isang dangerous construction area,public_safety,medium,synthetic,Daniel,,
may madilim na bahagi sa likod ng school kung saan madalas may hindi kilalang tao,public_safety,medium,synthetic,Daniel,,
may abandonadong sasakyan na matagal nang nakaparada malapit sa playground,public_safety,medium,synthetic,Daniel,,
may mga batang tumatawid sa highway nang walang pedestrian crossing,public_safety,medium,synthetic,Daniel,,
may mga stray dogs na madalas humabol sa mga jogger tuwing umaga,public_safety,medium,synthetic,Daniel,,
may grupo ng riders na nag-iingay at mabilis magpatakbo tuwing madaling araw,public_safety,medium,synthetic,Daniel,,
may sirang security light sa entrance ng barangay facility kaya madilim sa gabi,public_safety,medium,synthetic,Daniel,,
may mga taong palaging nagtatambay sa madilim na eskinita at hindi namin kilala,public_safety,medium,synthetic,Daniel,,
pwede po bang dagdagan ang barangay patrol sa lugar namin tuwing gabi,public_safety,low,synthetic,Daniel,,
paano po magreport ng nawawalang gamit na nakita sa public area,public_safety,low,synthetic,Daniel,,
may lost and found service po ba ang barangay,public_safety,low,synthetic,Daniel,,
pwede po ba malaman kung saan magsumbong tungkol sa stray animals,public_safety,low,synthetic,Daniel,,
may schedule po ba ng barangay tanod patrol sa gabi,public_safety,low,synthetic,Daniel,,
sana po magkaroon ng safety orientation para sa mga bata sa school zone,public_safety,low,synthetic,Daniel,,
paano po magreport ng abandoned vehicle sa aming street,public_safety,low,synthetic,Daniel,,
pwede po bang mag-request ng additional CCTV sa entrance ng subdivision,public_safety,low,synthetic,Daniel,,
may hotline po ba para sa urgent safety concerns sa barangay,public_safety,low,synthetic,Daniel,,
pwede po ba malaman kung saan magsusurrender ng napulot na identification card,public_safety,low,synthetic,Daniel,,
may malaking bitak sa bubong ng covered court at posibleng bumagsak kapag malakas ang ulan,road_infrastructure,high,synthetic,Daniel,,
may natanggal na concrete barrier sa gilid ng tulay at walang harang para sa mga dumadaan,road_infrastructure,high,synthetic,Daniel,,
may malaking debris na nakaharang sa kalsada at hindi makadaan ang ambulansya,road_infrastructure,high,synthetic,Daniel,,
may poste pong nakasandal na sa kalsada at may posibilidad na matumba sa mga dumadaan,road_infrastructure,high,synthetic,Daniel,,
may malaking butas sa sidewalk malapit sa school at ilang bata na ang muntik matisod,road_infrastructure,high,synthetic,Daniel,,
may sirang drainage cover sa main road at malalim ang butas sa ilalim,road_infrastructure,high,synthetic,Daniel,,
may bumagsak na bahagi ng lumang waiting shed at may mga exposed na bakal,road_infrastructure,high,synthetic,Daniel,,
may kalsadang gumuho sa gilid dahil sa ulan at paliit nang paliit ang daanan,road_infrastructure,high,synthetic,Daniel,,
may malaking puno na halos bumagsak na sa kalsada at may mga sasakyang dumadaan,road_infrastructure,high,synthetic,Daniel,,
may sirang traffic barrier sa intersection kaya walang malinaw na separation ng mga sasakyan at pedestrian,road_infrastructure,high,synthetic,Daniel,,
may bahagi po ng kalsada na lubog na at hirap dumaan ang mga sasakyan lalo na kapag umuulan,road_infrastructure,medium,synthetic,Daniel,,
may nakatagilid na concrete post sa gilid ng sidewalk baka tuluyang bumagsak,road_infrastructure,high,synthetic,Daniel,,
may malaking bato po sa gitna ng residential road at muntik nang bumangga ang isang motor,road_infrastructure,high,synthetic,Daniel,,
yung pedestrian lane po malapit sa school halos hindi na makita dahil sa kupas na pintura,road_infrastructure,low,synthetic,Daniel,,
may bahagi ng sidewalk na nabaklas at may nakausling semento na maaaring ikatisod,road_infrastructure,medium,synthetic,Daniel,,
may sirang drainage sa gilid ng barangay road at bumabagsak ang lupa sa daanan,road_infrastructure,high,synthetic,Daniel,,
pwede po bang malagyan ng street name sign yung bagong kalsada sa aming subdivision,road_infrastructure,low,synthetic,Daniel,,
may nakaharang na malaking sanga sa isang lane at hindi makadaan nang maayos ang mga sasakyan,road_infrastructure,high,synthetic,Daniel,,
yung waiting shed po sa may sakayan ay luma na at may bahagi ng sahig na sira,road_infrastructure,medium,synthetic,Daniel,,
may mga tile na natanggal sa public walkway kaya hindi pantay ang daanan,road_infrastructure,medium,synthetic,Daniel,,
pwede po bang ayusin ang curb sa tapat ng barangay hall dahil may bahagi nang gumuho,road_infrastructure,medium,synthetic,Daniel,,
may maliit na butas sa kalsada malapit sa tindahan sana po mapansin bago lumaki,road_infrastructure,low,synthetic,Daniel,,
may nakaharang na lumang signage sa sidewalk at kailangan itong alisin para maluwag ang daanan,road_infrastructure,low,synthetic,Daniel,,
pwede po bang malaman kung kailan scheduled ang repair ng kalsada sa aming lugar,road_infrastructure,low,synthetic,Daniel,,
may tubig na hindi umaagos sa drainage at nagsisimula nang bumaho malapit sa mga bahay,public_health_sanitation,medium,synthetic,Daniel,,
may mga basurang nabubulok na naiwan sa likod ng public market at dumami ang langaw,public_health_sanitation,high,synthetic,Daniel,,
may maruming tubig po na ginagamit pa rin sa public washing area at may kakaibang amoy,public_health_sanitation,high,synthetic,Daniel,,
may mga plastic bag na nakasabit sa puno sa tabi ng creek at nakaharang sa daluyan,public_health_sanitation,medium,synthetic,Daniel,,
paki-check po ang garbage collection sa amin dahil dalawang scheduled pickup na ang hindi dumating,public_health_sanitation,medium,synthetic,Daniel,,
may mga ipis at daga na po sa paligid ng communal trash area,public_health_sanitation,high,synthetic,Daniel,,
may naiipong tubig sa mga lumang container sa tabi ng basketball court,public_health_sanitation,medium,synthetic,Daniel,,
pwede po bang linisin ang kanal sa harap ng health center dahil maraming basura,public_health_sanitation,medium,synthetic,Daniel,,
may mabahong amoy po sa paligid ng public toilet at parang hindi nalilinis araw araw,public_health_sanitation,medium,synthetic,Daniel,,
saan po ba maaaring dalhin ang mga lumang gamit na hindi na maaaring itapon sa regular garbage collection,public_health_sanitation,low,synthetic,Daniel,,
may nagtatapon po ng basura sa bakanteng lote tuwing gabi,public_health_sanitation,medium,synthetic,Daniel,,
sana po magkaroon ng basurahan sa bagong waiting area,public_health_sanitation,low,synthetic,Daniel,,
pwede po bang magkaroon ng regular na disinfection sa public restroom,public_health_sanitation,low,synthetic,Daniel,,
may napakalaking tambak ng basura sa tabi ng creek at umaabot na sa daanan,public_health_sanitation,high,synthetic,Daniel,,
may taong nagtatangkang pumasok sa compound ng barangay hall kahit sinabihan nang umalis,public_safety,high,synthetic,Daniel,,
may mga kabataang nagmamaneho ng motorsiklo nang walang ingat malapit sa elementary school,public_safety,medium,synthetic,Daniel,,
may taong sumusunod sa mga estudyante tuwing uwian at pinapansin na nila ito,public_safety,high,synthetic,Daniel,,
may nakita pong bukas na gate sa isang abandoned building at may mga taong pumapasok sa gabi,public_safety,medium,synthetic,Daniel,,
may malaking aso pong agresibo sa may eskinita at muntik nang makagat ang isang bata,public_safety,high,synthetic,Daniel,,
may mga taong nag-aaway sa labas ng tindahan at may naghahagis ng bote,public_safety,high,synthetic,Daniel,,
may sasakyang mabilis magpatakbo sa playground area kahit maraming batang naglalaro,public_safety,medium,synthetic,Daniel,,
may kahina-hinalang tao pong kumakatok sa mga bahay kapag gabi at umaalis kapag may lumalabas,public_safety,medium,synthetic,Daniel,,
pwede po bang dagdagan ang patrol malapit sa terminal dahil madilim doon kapag gabi,public_safety,low,synthetic,Daniel,,
may napulot pong bag sa waiting area at baka may may-ari na naghahanap,public_safety,low,synthetic,Daniel,,
paano po magreport kung may taong nang-iistorbo sa mga dumadaan sa plaza,public_safety,low,synthetic,Daniel,,
may sirang lock sa gate ng public playground kaya madaling makapasok kahit gabi,public_safety,medium,synthetic,Daniel,,
may batang naiwan po sa labas ng convenience store at umiiyak at hindi makita ang kasama,public_safety,high,synthetic,Daniel,,
bigla pong nawalan ng tubig sa health center habang may mga pasyenteng gumagamit ng pasilidad,utilities,high,synthetic,Daniel,,
may nakalaylay na linya malapit sa poste at halos abot na sa taong dumadaan,utilities,high,synthetic,Daniel,,
paulit ulit pong nawawala ang kuryente sa aming block nitong mga nakaraang gabi,utilities,medium,synthetic,Daniel,,
mahina po ang tubig namin tuwing umaga at hindi sapat para sa pang-araw-araw na gamit,utilities,medium,synthetic,Daniel,,
may tumutulong tubig sa public pipe at bumabaha ang maliit na bahagi ng sidewalk,utilities,medium,synthetic,Daniel,,
may electrical box po sa labas na hindi maayos ang pagkakasara,utilities,high,synthetic,Daniel,,
pwede po bang malaman kung may water maintenance sa aming lugar bukas,utilities,low,synthetic,Daniel,,
may streetlight na patay na simula pa noong nakaraang linggo,utilities,medium,synthetic,Daniel,,
may kakaibang amoy at tunog mula sa electrical transformer malapit sa mga bahay,utilities,high,synthetic,Daniel,,
may public faucet na mahina ang pressure at halos hindi magamit,utilities,low,synthetic,Daniel,,
paano po magreport ng sirang poste ng streetlight,utilities,low,synthetic,Daniel,,
may bahagi ng aming street na walang tubig pero may supply naman sa kabilang street,utilities,medium,synthetic,Daniel,,
may kuryente po pero bigla biglang namamatay ang mga ilaw sa bahay,utilities,medium,synthetic,Daniel,,
pwede po bang humingi ng schedule ng power restoration sa lugar namin,utilities,low,synthetic,Daniel,,
may pamilyang nawalan ng tirahan matapos masira ang kanilang bahay dahil sa malakas na ulan,social_welfare,high,synthetic,Daniel,,
may senior citizen po na walang sapat na pagkain at mag-isa lang sa bahay,social_welfare,high,synthetic,Daniel,,
may pamilya pong nangangailangan ng temporary assistance dahil nawalan sila ng income,social_welfare,medium,synthetic,Daniel,,
may PWD resident po na kailangan ng assistance para makapunta sa barangay office,social_welfare,medium,synthetic,Daniel,,
pwede po bang malaman kung may financial assistance para sa hospitalization expenses,social_welfare,low,synthetic,Daniel,,
may estudyante po na hindi makabili ng school uniform at naghahanap ng educational assistance,social_welfare,medium,synthetic,Daniel,,
may pamilya pong naapektuhan ng sunog at wala silang sapat na gamit para magsimula ulit,social_welfare,high,synthetic,Daniel,,
paano po mag-apply sa livelihood assistance program ng barangay,social_welfare,low,synthetic,Daniel,,
may solo parent po na gustong malaman kung may available na support program,social_welfare,low,synthetic,Daniel,,
may matandang residente po na nangangailangan ng regular na welfare visit,social_welfare,medium,synthetic,Daniel,,
pwede po bang malaman kung may assistance para sa mga bagong panganak na pamilya,social_welfare,low,synthetic,Daniel,,
may resident po na nawalan ng trabaho at kailangan ng tulong para sa basic needs,social_welfare,medium,synthetic,Daniel,,
may pamilya po na kailangang lumikas dahil hindi na ligtas ang kanilang bahay,social_welfare,high,synthetic,Daniel,,
ano po ang requirements para makakuha ng assistance bilang indigent resident,social_welfare,low,synthetic,Daniel,,
may kapitbahay po kaming naglalagay ng basura sa tapat ng gate namin kahit ilang beses nang pinagsabihan,neighbor_dispute,medium,synthetic,Daniel,,
nag-aaway po kami ng kapitbahay tungkol sa paggamit ng shared water connection,neighbor_dispute,medium,synthetic,Daniel,,
may kapitbahay pong paulit ulit nagpapalakas ng videoke kahit madaling araw na,neighbor_dispute,medium,synthetic,Daniel,,
may kapitbahay po kaming naglalagay ng mga gamit sa common pathway,neighbor_dispute,medium,synthetic,Daniel,,
may away po sa pagitan ng dalawang pamilya tungkol sa parking area,neighbor_dispute,medium,synthetic,Daniel,,
may kapitbahay pong nagbabanta sa amin dahil sa hindi pagkakaunawaan tungkol sa boundary,neighbor_dispute,high,synthetic,Daniel,,
pwede po bang humingi ng barangay mediation tungkol sa alagang hayop ng kapitbahay,neighbor_dispute,low,synthetic,Daniel,,
may problema po kami sa kapitbahay tungkol sa puno na lumalampas sa aming bakuran,neighbor_dispute,low,synthetic,Daniel,,
may kapitbahay pong gumagamit ng bahagi ng driveway namin nang walang pahintulot,neighbor_dispute,medium,synthetic,Daniel,,
paano po mag-request ng mediation para sa disagreement tungkol sa property,neighbor_dispute,low,synthetic,Daniel,,
may kapitbahay pong nagsusunog ng basura at pumapasok ang usok sa bahay namin,neighbor_dispute,high,synthetic,Daniel,,
may nagrereklamo po tungkol sa ingay ng alaga naming aso at gusto naming pag-usapan sa barangay,neighbor_dispute,low,synthetic,Daniel,,
may hindi pagkakaunawaan po kami sa paggamit ng common parking space,neighbor_dispute,medium,synthetic,Daniel,,
pwede po bang malaman kung ilang beses maaaring magpa-schedule ng barangay mediation,neighbor_dispute,low,synthetic,Daniel,,
pwede po bang malaman kung anong oras bukas ang barangay records office,other,low,synthetic,Daniel,,
paano po kumuha ng certificate of residency para sa school requirement,other,low,synthetic,Daniel,,
may online appointment po ba para sa barangay clearance,other,low,synthetic,Daniel,,
pwede po bang malaman kung saan magtatanong tungkol sa bagong barangay ordinance,other,low,synthetic,Daniel,,
"matagal na po ang request namin at wala pa ring update, paano po mag-follow up",other,medium,synthetic,Daniel,,
may online form po ba para magbigay ng suggestion sa barangay,other,low,synthetic,Daniel,,
paano po mag-update ng contact information sa barangay records,other,low,synthetic,Daniel,,
pwede po bang malaman kung kailan ang susunod na barangay assembly,other,low,synthetic,Daniel,,
saan po maaaring humingi ng copy ng barangay ordinance,other,low,synthetic,Daniel,,
may service po ba para makita ang status ng submitted request,other,low,synthetic,Daniel,,
pwede po bang magpa-schedule ng appointment sa barangay secretary online,other,low,synthetic,Daniel,,
paano po kung may mali akong nailagay na impormasyon sa online request,other,low,synthetic,Daniel,,
may processing fee po ba ang pagkuha ng barangay certificate,other,low,synthetic,Daniel,,
sana po magkaroon ng mas malinaw na information board tungkol sa barangay services,other,medium,synthetic,Daniel,,
may bahagi ng kalsada na parang lumulubog at nagiging malalim ang tubig kapag umuulan,road_infrastructure,medium,synthetic,Daniel,,
may sirang concrete step sa public walkway at wala nang isang baitang,road_infrastructure,medium,synthetic,Daniel,,
may malaking bakal na nakausli sa gilid ng footpath at maaaring makasugat sa dumadaan,road_infrastructure,high,synthetic,Daniel,,
may traffic sign po na natatakpan ng mga dahon kaya hindi na mabasa ng drivers,road_infrastructure,medium,synthetic,Daniel,,
may bumagsak na bahagi ng sidewalk malapit sa terminal at delikado sa mga pedestrian,road_infrastructure,high,synthetic,Daniel,,
pwede po bang ayusin yung curb sa corner dahil palaging naiipunan ng tubig,road_infrastructure,medium,synthetic,Daniel,,
may lumuwag na railing sa pedestrian bridge at gumagalaw kapag hinahawakan,road_infrastructure,high,synthetic,Daniel,,
yung pavement po sa tapat ng daycare ay hindi pantay at maraming bata ang dumadaan,road_infrastructure,medium,synthetic,Daniel,,
pwede po bang maglagay ng pedestrian sign sa street na maraming tumatawid na estudyante,road_infrastructure,low,synthetic,Daniel,,
may construction debris na naiwan sa gilid ng kalsada at sumisikip ang daanan,road_infrastructure,medium,synthetic,Daniel,,
may sirang bollard sa gilid ng public walkway na nakaharang sa mga naglalakad,road_infrastructure,low,synthetic,Daniel,,
yung hagdan papunta sa barangay facility wala nang ilaw at mahirap makita ang mga baitang,road_infrastructure,medium,synthetic,Daniel,,
sana po ma-repaint yung faded lane markings sa main road,road_infrastructure,low,synthetic,Daniel,,
may bahagi ng kalsada na biglang bumaba pagkatapos ng repair at parang hindi pantay ang pagkakagawa,road_infrastructure,medium,synthetic,Daniel,,
may maruming tubig na galing sa drainage at dumadaloy papunta sa lugar kung saan naglalaro ang mga bata,public_health_sanitation,high,synthetic,Daniel,,
may malaking infestation ng daga sa likod ng market at pumapasok na sa mga tindahan,public_health_sanitation,high,synthetic,Daniel,,
may mga basurang nabubulok na naiwan sa gilid ng school at sobrang lakas na ng amoy,public_health_sanitation,high,synthetic,Daniel,,
may stagnant water po sa bakanteng lote na halos isang linggo nang hindi natutuyo,public_health_sanitation,medium,synthetic,Daniel,,
may mga lalagyan na puno ng tubig sa paligid ng barangay facility at maraming lamok,public_health_sanitation,medium,synthetic,Daniel,,
may nagtatapon po ng household waste sa creek tuwing gabi,public_health_sanitation,medium,synthetic,Daniel,,
marumi na po ang paligid ng public drinking station at maraming basura,public_health_sanitation,medium,synthetic,Daniel,,
may basurang naiwan sa covered court pagkatapos ng event at hindi pa nakokolekta,public_health_sanitation,medium,synthetic,Daniel,,
may amoy kanal po sa loob ng public restroom at parang may problema sa drainage,public_health_sanitation,medium,synthetic,Daniel,,
pwede po bang magkaroon ng garbage collection point sa kabilang purok,public_health_sanitation,low,synthetic,Daniel,,
may mga lumang bote at lata na nakakalat sa bakanteng lote,public_health_sanitation,low,synthetic,Daniel,,
paano po magrequest ng barangay clean-up sa isang maruming vacant lot,public_health_sanitation,low,synthetic,Daniel,,
pwede po bang malaman kung may schedule ng community sanitation inspection,public_health_sanitation,low,synthetic,Daniel,,
sana po magkaroon ng information campaign tungkol sa tamang pagtatapon ng basura,public_health_sanitation,low,synthetic,Daniel,,
MAY TAO PO NA NAGBIBIRANG MAGPASOK SA MGA BAHAY AT MAY DALANG HINDI MALINAW KUNG ANO,public_safety,high,synthetic,Daniel,,
may nagkakagulo po sa terminal at may isang tao nang nananakit ng ibang pasahero,public_safety,high,synthetic,Daniel,,
may bata pong muntik mahulog sa creek dahil walang harang sa gilid,public_safety,high,synthetic,Daniel,,
may grupo ng tao na nag-aaway sa labas ng school at may mga estudyanteng natatakot,public_safety,high,synthetic,Daniel,,
may lalaking lasing na naninipa ng mga nakaparadang motorsiklo,public_safety,high,synthetic,Daniel,,
may aso pong nakawala at agresibong hinahabol ang mga taong dumadaan sa street,public_safety,high,synthetic,Daniel,,
may taong pilit na kumukuha ng gamit ng ibang tao sa public terminal,public_safety,high,synthetic,Daniel,,
may aksidente sa intersection at nakaharang ang mga sasakyan sa daanan,public_safety,high,synthetic,Daniel,,
may mga batang naglalaro sa tabi ng malalim na construction excavation,public_safety,medium,synthetic,Daniel,,
may mga hindi kilalang tao na madalas nagtitipon sa likod ng closed facility,public_safety,medium,synthetic,Daniel,,
may rider po na palaging nagrerev ng motor nang mabilis sa residential area,public_safety,medium,synthetic,Daniel,,
may sirang gate sa playground at bukas ito kahit walang bantay,public_safety,medium,synthetic,Daniel,,
may mga taong nag-iinuman sa madilim na waiting area gabi gabi,public_safety,medium,synthetic,Daniel,,
pwede po bang mag-request ng safety patrol kapag uwian ng mga estudyante,public_safety,low,synthetic,Daniel,,
may napulot po akong cellphone sa plaza saan ko po ito maaaring i-turn over,public_safety,low,synthetic,Daniel,,
bigla pong bumagsak ang isang linya ng kuryente malapit sa pedestrian area,utilities,high,synthetic,Daniel,,
may malakas na spark po mula sa utility box sa tabi ng kalsada,utilities,high,synthetic,Daniel,,
may water pipe na pumutok at mabilis kumalat ang tubig sa residential street,utilities,high,synthetic,Daniel,,
wala pong tubig sa public restroom at hindi magamit ng mga residente,utilities,medium,synthetic,Daniel,,
may intermittent power po sa aming area mula kahapon,utilities,medium,synthetic,Daniel,,
may streetlight na nag-o-on at off buong gabi,utilities,medium,synthetic,Daniel,,
may tumutulong tubig mula sa ilalim ng kalsada at lumalaki ang basang bahagi,utilities,medium,synthetic,Daniel,,
mahina po ang tubig sa public facility kapag peak hours,utilities,low,synthetic,Daniel,,
may maintenance notice po ba para sa water supply ngayong weekend,utilities,low,synthetic,Daniel,,
paano po magreport ng sirang public faucet,utilities,low,synthetic,Daniel,,
may ilang bahay sa street namin na walang kuryente pero gumagana naman sa kabilang block,utilities,medium,synthetic,Daniel,,
may malakas na buzzing sound po sa electrical panel ng community center,utilities,high,synthetic,Daniel,,
paulit ulit na nagdi-disconnect ang power sa barangay facility,utilities,medium,synthetic,Daniel,,
pwede po bang malaman kung saan magrereklamo tungkol sa mababang water pressure,utilities,low,synthetic,Daniel,,
may resident po na kailangang ilikas agad dahil nasira nang husto ang kanilang bahay,social_welfare,high,synthetic,Daniel,,
may pamilyang walang pagkain matapos mawalan ng trabaho ang parehong magulang,social_welfare,high,synthetic,Daniel,,
may senior citizen po na walang kasama at hindi makabili ng pagkain at gamot,social_welfare,high,synthetic,Daniel,,
may pamilya pong nangangailangan ng temporary shelter assistance,social_welfare,medium,synthetic,Daniel,,
may PWD po na nangangailangan ng transportation assistance papunta sa hospital,social_welfare,medium,synthetic,Daniel,,
may estudyante po na hindi makapagpatuloy sa school dahil kulang ang pambayad sa school expenses,social_welfare,medium,synthetic,Daniel,,
may pamilya pong nawalan ng kagamitan matapos pasukin ng baha ang bahay,social_welfare,high,synthetic,Daniel,,
pwede po bang malaman kung may food assistance para sa low-income families,social_welfare,low,synthetic,Daniel,,
paano po mag-register para sa senior citizen assistance program,social_welfare,low,synthetic,Daniel,,
may livelihood training po ba para sa mga residenteng gustong matutong maghanapbuhay,social_welfare,low,synthetic,Daniel,,
may bagong panganak po na pamilya na nangangailangan ng basic supplies,social_welfare,medium,synthetic,Daniel,,
pwede po bang humingi ng referral para sa social welfare assistance,social_welfare,low,synthetic,Daniel,,
may resident po na may disability at kailangan ng mobility assistance,social_welfare,medium,synthetic,Daniel,,
may pamilya pong nawalan ng tirahan dahil sa aksidente at kailangan ng emergency support,social_welfare,high,synthetic,Daniel,,
may kapitbahay po kaming naglalagay ng kanilang mga gamit sa harap ng shared gate namin,neighbor_dispute,medium,synthetic,Daniel,,
may hindi pagkakaunawaan po tungkol sa paggamit ng isang common pathway,neighbor_dispute,medium,synthetic,Daniel,,
lagi pong nagpa-park ang kapitbahay sa harap ng entrance namin kahit nakakaabala,neighbor_dispute,medium,synthetic,Daniel,,
may kapitbahay po kaming naglalabas ng maruming tubig papunta sa property namin,neighbor_dispute,medium,synthetic,Daniel,,
may away po tungkol sa kung sino ang may karapatang gumamit ng shared driveway,neighbor_dispute,medium,synthetic,Daniel,,
may kapitbahay pong nagbabanta sa amin dahil sa problema sa boundary,neighbor_dispute,high,synthetic,Daniel,,
may kapitbahay po kaming nagtatapon ng dahon at garden waste sa tapat ng bahay namin,neighbor_dispute,low,synthetic,Daniel,,
pwede po bang humingi ng mediation tungkol sa problema sa shared fence,neighbor_dispute,low,synthetic,Daniel,,
may reklamo po kami tungkol sa paulit ulit na ingay mula sa katabing bahay,neighbor_dispute,medium,synthetic,Daniel,,
may problema po sa pagitan namin ng kapitbahay tungkol sa isang puno sa property line,neighbor_dispute,low,synthetic,Daniel,,
may kapitbahay pong gumagamit ng aming parking slot nang walang paalam,neighbor_dispute,medium,synthetic,Daniel,,
paano po mag-file ng request para sa barangay conciliation,neighbor_dispute,low,synthetic,Daniel,,
may dispute po kami tungkol sa alagang hayop na pumapasok sa aming bakuran,neighbor_dispute,medium,synthetic,Daniel,,
pwede po bang magpa-assist sa barangay para mapag-usapan ang problema sa property boundary,neighbor_dispute,low,synthetic,Daniel,,
pwede po bang malaman kung anong oras available ang barangay secretary,other,low,synthetic,Daniel,,
paano po kumuha ng barangay certificate para sa employment requirement,other,low,synthetic,Daniel,,
may paraan po ba para mag-request ng document online,other,low,synthetic,Daniel,,
pwede po bang malaman kung saan makikita ang listahan ng barangay services,other,low,synthetic,Daniel,,
matagal na po ang application ko at gusto ko sanang malaman ang status,other,medium,synthetic,Daniel,,
paano po mag-submit ng suggestion tungkol sa serbisyo ng barangay,other,low,synthetic,Daniel,,
may schedule po ba ng consultation tungkol sa proposed barangay ordinance,other,low,synthetic,Daniel,,
pwede po bang humingi ng copy ng public notice na inilabas ng barangay,other,low,synthetic,Daniel,,
paano po mag-register para sa text notifications ng barangay,other,low,synthetic,Daniel,,
may online tracking po ba para sa documents na ni-request namin,other,low,synthetic,Daniel,,
pwede po bang mag-request ng appointment para hindi na matagal ang paghihintay,other,low,synthetic,Daniel,,
ano po ang kailangan para ma-update ang resident information,other,low,synthetic,Daniel,,
may paraan po ba para magbigay ng complaint tungkol sa mabagal na processing ng request,other,medium,synthetic,Daniel,,
sana po magkaroon ng mas madaling paraan para makita ang announcements ng barangay,other,low,synthetic,Daniel,,
may bahagi ng kalsada sa likod ng chapel na gumuho ang gilid at unti unti nang lumiit ang daanan,road_infrastructure,medium,synthetic,Daniel,,
yung pedestrian ramp sa health center sobrang taas ng sira kaya hirap umakyat ang naka-wheelchair,road_infrastructure,medium,synthetic,Daniel,,
may nakalabas na turnilyo sa kahoy na upuan ng waiting shed baka mapunit ang damit o magasgas ang bata,road_infrastructure,medium,synthetic,Daniel,,
may traffic barrier na naiwan sa gitna ng daan kahit tapos na ang road work,road_infrastructure,low,synthetic,Daniel,,
pakitanggal po yung mga lumang poste ng karatula na nakahandusay sa sidewalk,road_infrastructure,medium,synthetic,Daniel,,
may maluwag na bakal sa gilid ng tulay at gumagalaw kapag nasasagi,road_infrastructure,high,synthetic,Daniel,,
hirap po dumaan ang wheelchair sa sidewalk dahil may mataas na step sa entrance,road_infrastructure,medium,synthetic,Daniel,,
may bahagi ng pathway papunta sa barangay court na nawawala ang tiles at puro butas,road_infrastructure,medium,synthetic,Daniel,,
yung drainage channel sa tabi ng basketball court mababaw na dahil sa naipong lupa,road_infrastructure,low,synthetic,Daniel,,
may bumigay na bahagi ng kalsada sa may creek at malapit na sa linya ng mga bahay,road_infrastructure,high,synthetic,Daniel,,
pwede po bang ayusin yung handrail sa public stairs kasi maluwag na at gumagalaw,road_infrastructure,medium,synthetic,Daniel,,
may nakatagilid na concrete barrier sa intersection na posibleng bumagsak sa dumadaan,road_infrastructure,high,synthetic,Daniel,,
kulang po ang ramp markings sa pedestrian lane kaya hindi malinaw kung saan tatawid,road_infrastructure,low,synthetic,Daniel,,
may lumang tarpaulin frame na nakausli sa sidewalk at tumatama sa dumadaan,road_infrastructure,medium,synthetic,Daniel,,
may maruming yelo at tubig na tumutulo mula sa fish stalls papunta sa walkway,public_health_sanitation,medium,synthetic,Daniel,,
may mga lalagyan ng pagkain na naiwan sa tabi ng kanal at kinakalkal ng mga hayop,public_health_sanitation,medium,synthetic,Daniel,,
mabaho po yung communal washing area at may berdeng lumot sa sahig,public_health_sanitation,medium,synthetic,Daniel,,
may sewage na tila umaagos mula sa isang property papunta sa maliit na creek,public_health_sanitation,high,synthetic,Daniel,,
maraming lamok sa paligid ng covered court dahil may mga timba na puno ng tubig,public_health_sanitation,medium,synthetic,Daniel,,
may naiwan na panis na pagkain sa community kitchen at sobrang baho na,public_health_sanitation,high,synthetic,Daniel,,
yung handwashing station sa evacuation area walang sabon at halos wala nang tubig,public_health_sanitation,medium,synthetic,Daniel,,
may mga lumang gulong at lata sa bakanteng lote na naiipunan ng tubig,public_health_sanitation,medium,synthetic,Daniel,,
may dumi ng hayop sa paligid ng public playground at naaabot ng mga batang naglalaro,public_health_sanitation,high,synthetic,Daniel,,
pwede po bang ma-inspect yung maliit na food stall dahil may dumi at langaw sa paligid ng pagkain,public_health_sanitation,high,synthetic,Daniel,,
may mabahong wastewater na naiipon sa likod ng market stalls pagkatapos magsara,public_health_sanitation,medium,synthetic,Daniel,,
paki-schedule po sana ng disinfection sa multipurpose hall pagkatapos gamitin bilang evacuation area,public_health_sanitation,low,synthetic,Daniel,,
may mga plastic container na nakakalat sa creek at dumadami pagkatapos ng bawat ulan,public_health_sanitation,medium,synthetic,Daniel,,
ano po ang tamang lugar para magdala ng used cooking oil para hindi itapon sa kanal,public_health_sanitation,low,synthetic,Daniel,,
may lalaking pilit kumakatok sa mga bahay at ayaw umalis kahit pinapaalis na,public_safety,high,synthetic,Daniel,,
may nahulog na bata mula sa bisikleta sa plaza at mukhang malubha ang tama,public_safety,high,synthetic,Daniel,,
may mga motor na nag-uunahan sa makitid na daan malapit sa daycare,public_safety,high,synthetic,Daniel,,
may sirang lock sa gate ng evacuation center at hindi na maisara nang maayos,public_safety,medium,synthetic,Daniel,,
may taong nag-aalok ng kahina-hinalang produkto sa mga estudyante malapit sa school gate,public_safety,medium,synthetic,Daniel,,
may batang naiwan mag-isa sa terminal at umiiyak nang matagal,public_safety,high,synthetic,Daniel,,
may nagtatangkang pumasok sa barangay facility gamit ang likod na entrance,public_safety,high,synthetic,Daniel,,
may mga fireworks na pinapaputok malapit sa mga bahay kahit may mga bata sa paligid,public_safety,high,synthetic,Daniel,,
may lubid na nakatali sa poste at tumatawid sa walkway kaya puwedeng matisod ang tao,public_safety,medium,synthetic,Daniel,,
may nag-aaway na grupo ng kabataan sa labas ng convenience store at parang lalala ang sitwasyon,public_safety,high,synthetic,Daniel,,
may nakita pong matandang tila naliligaw sa may highway at hindi alam kung saan pupunta,public_safety,medium,synthetic,Daniel,,
pwede po bang magkaroon ng bantay sa pedestrian crossing tuwing uwian ng elementary students,public_safety,medium,synthetic,Daniel,,
may mga taong pumapasok sa madilim na construction area kahit sarado na ito,public_safety,medium,synthetic,Daniel,,
may batang muntik nang mahulog sa bukas na bahagi ng kanal habang naglalaro,public_safety,high,synthetic,Daniel,,
may nakita pong backpack na naiwan sa tabi ng covered court at walang may-ari,public_safety,low,synthetic,Daniel,,
biglang nawala ang tubig sa buong block habang may scheduled community activity,utilities,medium,synthetic,Daniel,,
may kumikislap na poste ng streetlight at may naririnig na buzzing sound,utilities,high,synthetic,Daniel,,
mahina ang pressure ng tubig sa public washing station kaya hindi magamit nang maayos,utilities,medium,synthetic,Daniel,,
may basag na water pipe sa tabi ng kalsada at patuloy na lumalaki ang tulo,utilities,medium,synthetic,Daniel,,
sunod sunod ang brownout nitong linggo at nasisira na ang ilang kagamitan namin,utilities,medium,synthetic,Daniel,,
may nakalaylay na telecom cable sa mababang bahagi ng alley baka masabit ang dumadaan,utilities,high,synthetic,Daniel,,
wala pong ilaw sa buong corridor ng barangay facility simula kagabi,utilities,medium,synthetic,Daniel,,
pwede po bang malaman kung bakit mahina ang tubig tuwing hapon sa area namin,utilities,low,synthetic,Daniel,,
may electrical panel na bukas sa likod ng community center at puwedeng maabot ng bata,utilities,high,synthetic,Daniel,,
may amoy sunog mula sa utility box pero wala pang nakikitang apoy,utilities,high,synthetic,Daniel,,
mahina po ang internet connection sa barangay office at naaantala ang pagproseso ng requests,utilities,low,synthetic,Daniel,,
may water meter na tuloy tuloy ang ikot kahit walang gumagamit ng gripo,utilities,medium,synthetic,Daniel,,
pwede po bang malaman kung kailan ibabalik ang street lighting sa kabilang purok,utilities,low,synthetic,Daniel,,
may sirang switch sa public facility kaya hindi ma-on ang ilaw sa isang room,utilities,medium,synthetic,Daniel,,
may pamilyang kailangang lumikas dahil gumuho ang bahagi ng kanilang bahay,social_welfare,high,synthetic,Daniel,,
may batang kailangan ng school uniform pero hindi kayang bumili ng pamilya,social_welfare,medium,synthetic,Daniel,,
may matandang residente na walang kasama at hirap kumuha ng pagkain sa labas,social_welfare,medium,synthetic,Daniel,,
may bagong nawalan ng trabaho at gustong malaman kung may emergency food support,social_welfare,medium,synthetic,Daniel,,
may residenteng may kapansanan na nangangailangan ng assistance para makapunta sa government office,social_welfare,medium,synthetic,Daniel,,
may pamilya pong nasira ang bubong dahil sa malakas na hangin at wala silang pambayad sa repair,social_welfare,high,synthetic,Daniel,,
may assistance po ba para sa mga estudyanteng kailangang bumili ng educational materials,social_welfare,low,synthetic,Daniel,,
paano po mag-request ng home visit para sa senior citizen na hindi na makalabas,social_welfare,low,synthetic,Daniel,,
may solo parent na nawalan ng trabaho at naghahanap ng temporary livelihood support,social_welfare,medium,synthetic,Daniel,,
may pamilyang nangangailangan ng pagkain matapos ma-confine ang pangunahing naghahanapbuhay,social_welfare,high,synthetic,Daniel,,
pwede po bang malaman kung may training para sa residents na gustong magsimula ng maliit na negosyo,social_welfare,low,synthetic,Daniel,,
may residenteng PWD na nangangailangan ng transportation assistance para sa regular na checkup,social_welfare,medium,synthetic,Daniel,,
ano po ang proseso para humingi ng assistance para sa isang batang hindi makapasok sa school dahil sa financial problem,social_welfare,medium,synthetic,Daniel,,
may pamilya po na pansamantalang nakikitira sa kamag-anak matapos masira ang kanilang bahay,social_welfare,medium,synthetic,Daniel,,
may kapitbahay po kaming naglalagay ng mga paso sa common walkway kaya kumikipot ang daanan,neighbor_dispute,medium,synthetic,Daniel,,
nagkaroon po kami ng hindi pagkakaunawaan tungkol sa paggamit ng shared water connection,neighbor_dispute,medium,synthetic,Daniel,,
may kapitbahay na paulit ulit nagtatapon ng cigarette butts sa harap ng bahay namin,neighbor_dispute,medium,synthetic,Daniel,,
yung alagang baboy ng kapitbahay namin maingay tuwing madaling araw at naaabala ang mga tao,neighbor_dispute,medium,synthetic,Daniel,,
may kapitbahay pong nagbabanta sa amin dahil sa hindi pagkakasundo sa parking space,neighbor_dispute,high,synthetic,Daniel,,
may puno sa pagitan ng dalawang bahay na parehong inaangkin ng magkabilang panig,neighbor_dispute,medium,synthetic,Daniel,,
gusto po naming humingi ng barangay assistance dahil hindi namin mapagkasunduan ang bayad sa shared repair,neighbor_dispute,low,synthetic,Daniel,,
may kapitbahay na nag-iimbak ng mga kahon sa common passage at ayaw alisin,neighbor_dispute,medium,synthetic,Daniel,,
palaging may nag-iiwan ng sapatos at gamit sa tapat ng pintuan namin,neighbor_dispute,low,synthetic,Daniel,,
may alitan po tungkol sa ingay ng generator ng kapitbahay tuwing gabi,neighbor_dispute,medium,synthetic,Daniel,,
may kapitbahay na nagsasabing kanila ang bahagi ng bakuran na matagal naming ginagamit,neighbor_dispute,medium,synthetic,Daniel,,
pwede po bang magpa-assist sa barangay tungkol sa reklamo sa usok na galing sa kapitbahay,neighbor_dispute,medium,synthetic,Daniel,,
may dalawang pamilya pong nagtatalo tungkol sa pagputol ng sanga ng punong nasa boundary,neighbor_dispute,low,synthetic,Daniel,,
ano po ang dapat gawin kung hindi dumadalo ang kabilang party sa napag-usapang mediation,neighbor_dispute,low,synthetic,Daniel,,
may suggestion po sana ako na maglagay ng mas malaking notice board para madaling makita ang announcements,other,low,synthetic,Daniel,,
pwede po bang malaman kung saan nagtatanong tungkol sa schedule ng barangay certification,other,low,synthetic,Daniel,,
may orientation po ba para sa bagong residents tungkol sa barangay rules and services,other,low,synthetic,Daniel,,
paano po mag-request ng copy ng isang public barangay resolution,other,low,synthetic,Daniel,,
may designated area po ba para sa residents na gustong mag-submit ng written feedback,other,low,synthetic,Daniel,,
sana po may malinaw na guide sa barangay hall kung anong window ang pupuntahan para sa bawat serbisyo,other,medium,synthetic,Daniel,,
pwede po bang malaman kung may fee ang pagkuha ng certified true copy ng barangay document,other,low,synthetic,Daniel,,
may schedule po ba para sa public consultation tungkol sa mga proposed community projects,other,low,synthetic,Daniel,,
paano po magpa-correct ng maling spelling ng pangalan sa barangay document,other,low,synthetic,Daniel,,
pwede po bang humingi ng listahan ng regular services na available sa barangay hall,other,low,synthetic,Daniel,,
may paraan po ba para magbigay ng suggestion tungkol sa improvement ng barangay website,other,low,synthetic,Daniel,,
gusto ko pong malaman kung saan makikita ang announcements tungkol sa upcoming community activities,other,low,synthetic,Daniel,,
pwede po bang mag-request ng assistance kung hindi ko alam kung aling barangay office ang dapat lapitan,other,low,synthetic,Daniel,,
may proseso po ba para mag-submit ng general concern na hindi pasok sa ibang complaint category,other,low,synthetic,Daniel,,
may malaking hukay sa gilid ng road papunta sa purok 8 at lumalaki pagkatapos ng ulan,road_infrastructure,medium,synthetic,Daniel,,
yung barrier sa tulay wala nang isang section kaya bukas ang gilid para sa dumadaan,road_infrastructure,high,synthetic,Daniel,,
may lumuwag na paving blocks sa harap ng barangay office at madalas matisod ang tao,road_infrastructure,medium,synthetic,Daniel,,
"pwede po bang ayusin ang access ramp sa covered court, mahirap gamitin ng senior citizens",road_infrastructure,medium,synthetic,Daniel,,
may nakasabit na sirang signboard sa ibabaw ng sidewalk at baka mahulog,road_infrastructure,high,synthetic,Daniel,,
yung kalsada papuntang cemetery maraming malalalim na crack pero madaanan pa naman,road_infrastructure,medium,synthetic,Daniel,,
may harang na concrete blocks sa pedestrian path kahit wala namang ginagawang construction,road_infrastructure,low,synthetic,Daniel,,
kulang ang ilaw sa pedestrian crossing malapit sa terminal kaya halos hindi makita ang tumatawid,road_infrastructure,high,synthetic,Daniel,,
may sira sa curb sa tapat ng school at nakausli ang bakal,road_infrastructure,high,synthetic,Daniel,,
yung footpath sa tabi ng creek makitid na dahil sa gumuho na bahagi ng lupa,road_infrastructure,medium,synthetic,Daniel,,
may lumang karatula na nakaharang sa entrance ng public walkway,road_infrastructure,low,synthetic,Daniel,,
may malalim na lubak sa mismong likuan papunta sa health center,road_infrastructure,medium,synthetic,Daniel,,
may nabaling railing sa hagdan ng plaza at hindi na ligtas hawakan,road_infrastructure,high,synthetic,Daniel,,
pwede po bang lagyan ng pedestrian warning sign yung kalsada malapit sa daycare,road_infrastructure,low,synthetic,Daniel,,
may putik at maruming tubig na naiwan sa covered court matapos gamitin bilang evacuation area,public_health_sanitation,medium,synthetic,Daniel,,
may mga langaw na dumadami sa likod ng wet market dahil sa nabubulok na fish waste,public_health_sanitation,high,synthetic,Daniel,,
may baradong sink sa public kitchen at bumabalik yung maruming tubig,public_health_sanitation,high,synthetic,Daniel,,
yung drinking water station po may sediment sa lalagyan at parang hindi malinis,public_health_sanitation,high,synthetic,Daniel,,
maraming disposable cups na naiwan sa plaza pagkatapos ng community event,public_health_sanitation,medium,synthetic,Daniel,,
may mabahong amoy sa paligid ng slaughter area at umaabot hanggang sa residential street,public_health_sanitation,high,synthetic,Daniel,,
may tambak na karton at food packaging sa likod ng market stalls,public_health_sanitation,medium,synthetic,Daniel,,
may algae na po sa communal water tank at kailangan sigurong linisin,public_health_sanitation,high,synthetic,Daniel,,
may mga bote at plastic na nakaharang sa maliit na drainage canal,public_health_sanitation,medium,synthetic,Daniel,,
may nag-iwan ng animal waste bags sa gilid ng playground,public_health_sanitation,medium,synthetic,Daniel,,
pwede po bang ipa-clean yung public handwashing area dahil madulas na at may lumot,public_health_sanitation,medium,synthetic,Daniel,,
may maruming tubig na bumabalik sa communal washing area tuwing ginagamit ang drain,public_health_sanitation,high,synthetic,Daniel,,
may sanitation inspection schedule po ba para sa mga food stalls sa barangay market,public_health_sanitation,low,synthetic,Daniel,,
paano po magreport ng establishment na nagtatapon ng wastewater sa drainage,public_health_sanitation,low,synthetic,Daniel,,
may taong pilit bumubukas ng gate ng bahay namin ngayon at hindi namin kilala,public_safety,high,synthetic,Daniel,,
may nagkasagutan na dalawang grupo sa terminal at nagsisimula nang magsuntukan,public_safety,high,synthetic,Daniel,,
may batang tumatakbo sa highway shoulder at muntik nang masagasaan,public_safety,high,synthetic,Daniel,,
may bukas na manhole sa loob ng pedestrian area at walang nakalagay na warning,public_safety,high,synthetic,Daniel,,
may suspicious na van na ilang oras nang nakaparada malapit sa school gate,public_safety,medium,synthetic,Daniel,,
may mga taong umaakyat sa bakod ng sports complex kapag gabi,public_safety,medium,synthetic,Daniel,,
may nagbabanta raw sa isang resident gamit ang social media at natatakot siyang umuwi,public_safety,high,synthetic,Daniel,,
may mga nagmomotor na walang helmet at mabilis dumaan sa alley,public_safety,medium,synthetic,Daniel,,
may nakitang matandang nakaupo mag-isa sa roadside at mukhang disoriented,public_safety,medium,synthetic,Daniel,,
may mga kabataan na pumapasok sa ilog kahit mataas ang tubig,public_safety,high,synthetic,Daniel,,
may nakitang kahina-hinalang package sa tabi ng barangay entrance,public_safety,high,synthetic,Daniel,,
pwede po bang dagdagan ang barangay patrol sa area malapit sa market tuwing closing time,public_safety,medium,synthetic,Daniel,,
"may nawawalang bata raw na huling nakita sa playground, naghahanap ang pamilya",public_safety,high,synthetic,Daniel,,
may mga nag-iwan ng bisikleta sa emergency exit ng community building,public_safety,medium,synthetic,Daniel,,
may tubig na tumatagas mula sa underground pipe at lumulubog ang bahagi ng sidewalk,utilities,medium,synthetic,Daniel,,
"may electrical sparks po sa poste sa tapat ng tindahan, pakicheck agad",utilities,high,synthetic,Daniel,,
wala pong tubig sa public restroom kahit may activity sa barangay hall,utilities,medium,synthetic,Daniel,,
nagbabago-bago ang lakas ng kuryente at namamatay ang mga ilaw sa bahay,utilities,medium,synthetic,Daniel,,
may nakalaylay na power cable sa alley at halos abot na ng tao,utilities,high,synthetic,Daniel,,
may leak sa water line malapit sa daycare at dumadaloy sa entrance,utilities,high,synthetic,Daniel,,
mahina ang water pressure sa second block for several days na,utilities,medium,synthetic,Daniel,,
pwede po bang malaman kung may scheduled maintenance sa electrical line namin,utilities,low,synthetic,Daniel,,
may sirang streetlight control box na nakabukas at exposed ang loob,utilities,high,synthetic,Daniel,,
bigla pong namamatay ang kuryente tuwing umuulan kahit saglit lang,utilities,medium,synthetic,Daniel,,
may tubig na lumalabas sa takip ng drainage pagkatapos gamitin ang pump,utilities,medium,synthetic,Daniel,,
ano po ang contact process kapag may sirang public water line,utilities,low,synthetic,Daniel,,
may bahagi ng purok namin na walang street lighting simula noong nakaraang linggo,utilities,medium,synthetic,Daniel,,
pwede po bang malaman kung kailan matatapos ang repair ng water facility,utilities,low,synthetic,Daniel,,
may pamilya pong lumikas matapos bahain ang loob ng kanilang bahay at wala silang matulugan ngayong gabi,social_welfare,high,synthetic,Daniel,,
may estudyanteng kailangan ng pamasahe para makapasok sa school pero wala nang budget ang pamilya,social_welfare,medium,synthetic,Daniel,,
may elderly resident na kailangan ng regular na pagkain dahil mag-isa lang siya,social_welfare,medium,synthetic,Daniel,,
may PWD po na naghahanap ng assistance para sa mobility equipment,social_welfare,medium,synthetic,Daniel,,
may pamilya na nawalan ng income matapos ma-aksidente ang kanilang breadwinner,social_welfare,high,synthetic,Daniel,,
pwede po bang malaman kung may scholarship assistance para sa college students,social_welfare,low,synthetic,Daniel,,
may bagong lipat na pamilya na nawalan ng gamit dahil sa sunog at nangangailangan ng basic necessities,social_welfare,high,synthetic,Daniel,,
paano po humingi ng assistance para sa senior citizen na walang caregiver,social_welfare,medium,synthetic,Daniel,,
may livelihood training po ba para sa mga residenteng gustong matutong magbake,social_welfare,low,synthetic,Daniel,,
may solo parent po na nangangailangan ng temporary food assistance,social_welfare,medium,synthetic,Daniel,,
may batang hindi makapasok sa school dahil walang pambili ng basic school materials,social_welfare,medium,synthetic,Daniel,,
may residenteng nangangailangan ng tulong para sa medical transportation,social_welfare,medium,synthetic,Daniel,,
pwede po bang magtanong tungkol sa assistance para sa pamilya ng namatayan,social_welfare,low,synthetic,Daniel,,
ano po ang requirements para sa barangay livelihood assistance,social_welfare,low,synthetic,Daniel,,
may kapitbahay po kaming naglalagay ng basura sa gilid ng property namin kahit may sariling basurahan sila,neighbor_dispute,medium,synthetic,Daniel,,
nag-aaway po kami ng kapitbahay tungkol sa paggamit ng drainage sa pagitan ng dalawang bahay,neighbor_dispute,medium,synthetic,Daniel,,
may kapitbahay na nagpapakawala ng aso sa common area at natatakot ang mga bata,neighbor_dispute,high,synthetic,Daniel,,
yung kapitbahay namin nag-iimbak ng kahoy sa harap ng shared pathway,neighbor_dispute,medium,synthetic,Daniel,,
may mainit na pagtatalo tungkol sa boundary at may pagbabanta na rin,neighbor_dispute,high,synthetic,Daniel,,
palaging nagbubukas ng malakas na music ang katabi naming bahay tuwing madaling araw,neighbor_dispute,medium,synthetic,Daniel,,
may disagreement tungkol sa kung sino ang dapat magbayad sa pagkumpuni ng shared fence,neighbor_dispute,low,synthetic,Daniel,,
may kapitbahay na gumagamit ng parking slot na hindi naman sa kanila,neighbor_dispute,medium,synthetic,Daniel,,
may nagrereklamo po tungkol sa tubig na tumutulo mula sa roof namin papunta sa property nila,neighbor_dispute,low,synthetic,Daniel,,
gusto po sana namin ng mediation dahil hindi kami magkasundo sa paggamit ng common gate,neighbor_dispute,low,synthetic,Daniel,,
may kapitbahay na nagkakabit ng extension sa common wall nang walang napagkasunduan,neighbor_dispute,medium,synthetic,Daniel,,
may reklamo tungkol sa alagang manok na pumapasok sa bakuran at naninira ng halaman,neighbor_dispute,medium,synthetic,Daniel,,
pwede po bang humingi ng barangay assistance sa dispute tungkol sa shared pathway,neighbor_dispute,low,synthetic,Daniel,,
may kapitbahay pong paulit ulit nag-iwan ng construction materials sa harap ng bahay namin,neighbor_dispute,medium,synthetic,Daniel,,
pwede po bang malaman kung saan makikita ang listahan ng barangay programs,other,low,synthetic,Daniel,,
may request po ako na maglagay ng mas malinaw na office directory sa barangay hall,other,low,synthetic,Daniel,,
paano po humingi ng certified copy ng barangay record,other,low,synthetic,Daniel,,
may schedule po ba ang consultation hours ng barangay officials,other,low,synthetic,Daniel,,
pwede po bang malaman kung saan ipapasa ang written complaint kung walang online access,other,low,synthetic,Daniel,,
may suggestion po sana na magkaroon ng queue number system sa barangay hall,other,low,synthetic,Daniel,,
ano po ang proseso para mag-request ng certificate para sa employment,other,low,synthetic,Daniel,,
may information desk po ba para sa residents na hindi alam kung anong service ang kailangan nila,other,low,synthetic,Daniel,,
paano po magpa-verify ng barangay residency information,other,low,synthetic,Daniel,,
pwede po bang malaman kung kailan ina-update ang public list ng barangay announcements,other,low,synthetic,Daniel,,
sana po magkaroon ng mas accessible na information para sa senior citizens sa barangay office,other,medium,synthetic,Daniel,,
may public record po ba ng mga upcoming barangay projects,other,low,synthetic,Daniel,,
pwede po bang mag-request ng printed copy ng community guidelines,other,low,synthetic,Daniel,,
paano po magbigay ng formal suggestion tungkol sa barangay services,other,low,synthetic,Daniel,,
may malaking butas sa C. Montano St. malapit sa simbahan delikado lalo pag umuulan,road_infrastructure,high,synthetic,Daniel,,
sirang bahagi ng kalsada papuntang Bocalan St. matagal na hindi inaayos,road_infrastructure,medium,synthetic,Daniel,,
walang streetlight sa may Captain E. Bocalan malapit sa basketball court madilim sobra,road_infrastructure,high,synthetic,Daniel,,
may crack na malaki sa sidewalk sa harap ng Alfamart baka may matisod,road_infrastructure,medium,synthetic,Daniel,,
yung tulay papuntang purok 3 medyo sira na yung gilid,road_infrastructure,medium,synthetic,Daniel,,
NASIRA PO ANG STREETLIGHT SA C MONTANO ST MADILIM NA PARIS NG DATING LUMANG KALYE,road_infrastructure,high,synthetic,Daniel,,
lubak lubak yung daan papunta sa Puremart hirap dumaan ang mga sasakyan,road_infrastructure,medium,synthetic,Daniel,,
may nakalusot na malaking bato sa kalsada malapit sa simbahan baka makasagasa,road_infrastructure,high,synthetic,Daniel,,
sana po ma pave na yung daan papuntang basketball court dumi at maputik kapag umuulan,road_infrastructure,low,synthetic,Daniel,,
yung guardrail sa tabi ng creek papuntang Bocalan medyo nakatagilid na,road_infrastructure,medium,synthetic,Daniel,,
tanong lang po kung kelan matatapos yung roadwork sa Montano street,road_infrastructure,low,synthetic,Daniel,,
may nabuwal na poste malapit sa Alfamart pakichek po agad delikado,road_infrastructure,high,synthetic,Daniel,,
sirang manhole cover sa may kanto ng simbahan baka may mahulog,road_infrastructure,high,synthetic,Daniel,,
medyo pahiwatig lang yung signage papuntang covered court pwede palitan paminsan,road_infrastructure,low,synthetic,Daniel,,
matagal na daang bakante lot papuntang Puremart puno ng damo at bato,road_infrastructure,low,synthetic,Daniel,,
yung footbridge papuntang palengke medyo kumakalog na paglalakad,road_infrastructure,medium,synthetic,Daniel,,
good morning po tanong ko lang kung meron bang schedule ng pag concrete sa Bocalan St,road_infrastructure,low,synthetic,Daniel,,
may butas sa gitna ng kalsada sa harap ng basketball court delikado sa mga naglalaro,road_infrastructure,medium,synthetic,Daniel,,
sobrang alikabok sa daan papuntang Montano dahil sa construction,road_infrastructure,low,synthetic,Daniel,,
may sirang bahagi ng bakod malapit sa simbahan matulis ang bakal,road_infrastructure,medium,synthetic,Daniel,,
PAKI AYOS PO AGAD YUNG DAAN MALAPIT SA ALFAMART SOBRANG DELIKADO NA,road_infrastructure,high,synthetic,Daniel,,
yung kalsada papuntang Puremart baha pag umuulan kasi mababa,road_infrastructure,medium,synthetic,Daniel,,
wala pong ilaw sa daan galing simbahan papuntang bahay namin,road_infrastructure,medium,synthetic,Daniel,,
may crack sa kalsada malapit sa court parang lumalaki na,road_infrastructure,low,synthetic,Daniel,,
sana po ayusin na yung sidewalk papuntang Bocalan mahirap dumaan ng wheelchair,road_infrastructure,medium,synthetic,Daniel,,
matagal na sirang overpass sign sa may kanto ng Montano street,road_infrastructure,low,synthetic,Daniel,,
may bumagsak na sanga ng puno sa daan papuntang simbahan nakaharang,road_infrastructure,high,synthetic,Daniel,,
tanong ko lang po kung libre ba magpa-report ng sirang daan,road_infrastructure,low,synthetic,Daniel,,
yung basketball court po sira na yung fencing baka may masaktan,road_infrastructure,medium,synthetic,Daniel,,
hindi na po nakokolekta ang basura namin dalawang linggo na malapit sa Puremart,public_health_sanitation,high,synthetic,Daniel,,
maraming langaw sa tapat ng Alfamart dahil sa basurang nakakalat,public_health_sanitation,medium,synthetic,Daniel,,
may de baho na tubig sa kanal malapit sa simbahan,public_health_sanitation,medium,synthetic,Daniel,,
sana dagdagan schedule ng garbage truck papuntang Bocalan St,public_health_sanitation,low,synthetic,Daniel,,
MAY DAGA PO SA PALIGID NG BASKETBALL COURT DAHIL SA BASURA,public_health_sanitation,high,synthetic,Daniel,,
matagal na hindi na dumadaan yung street sweeper sa Montano St,public_health_sanitation,low,synthetic,Daniel,,
may stagnant water malapit sa court baka lamukan,public_health_sanitation,medium,synthetic,Daniel,,
nagtatapon ng basura yung ibang residente sa tabi ng simbahan bawal naman dapat,public_health_sanitation,medium,synthetic,Daniel,,
sira na aircon ng health center matagal na hindi maayos,public_health_sanitation,medium,synthetic,Daniel,,
pwede po ba malaman kung meron pang bakanteng slot para sa bakuna,public_health_sanitation,low,synthetic,Daniel,,
amoy basura po sa buong kalye papuntang Puremart,public_health_sanitation,medium,synthetic,Daniel,,
URGENT PO MAY NAGKALAT NA MEDICAL WASTE MALAPIT SA SIMBAHAN,public_health_sanitation,high,synthetic,Daniel,,
yung health center po namin sira ang gripo matagal na,public_health_sanitation,low,synthetic,Daniel,,
puno na po ang basurahan sa may basketball court umaapaw na,public_health_sanitation,medium,synthetic,Daniel,,
may kuto raw sa mga bata sa eskwelahan malapit sa Bocalan,public_health_sanitation,medium,synthetic,Daniel,,
sana magkaroon ng fogging dito sa amin marami lamok ngayon,public_health_sanitation,medium,synthetic,Daniel,,
yung kanal sa likod ng Alfamart barado at maruming tubig lumalabas,public_health_sanitation,high,synthetic,Daniel,,
matagal na hindi kinukolekta yung basura sa may Montano street amoy na,public_health_sanitation,medium,synthetic,Daniel,,
just asking lang po what time nagbubukas health center weekdays,public_health_sanitation,low,synthetic,Daniel,,
may naninigas na tubig sa gutter papuntang simbahan mukhang barado,public_health_sanitation,low,synthetic,Daniel,,
yung comfort room sa court sira ang flush matagal na,public_health_sanitation,medium,synthetic,Daniel,,
may hayop na patay sa tabi ng daan papuntang Puremart amoy na amoy,public_health_sanitation,high,synthetic,Daniel,,
sana magkaroon ng regular disinfection dito sa amin lalo ngayon may sakit,public_health_sanitation,low,synthetic,Daniel,,
sobrang dumi ng paligid ng basketball court maraming pwet ng sigarilyo,public_health_sanitation,low,synthetic,Daniel,,
may bahang maduming tubig papasok sa bahay galing sa kanal malapit sa Bocalan,public_health_sanitation,high,synthetic,Daniel,,
pwede po ba dagdagan ang schedule ng pag disinfect ng health center,public_health_sanitation,low,synthetic,Daniel,,
amoy usok galing sa sunog na basura malapit sa simbahan,public_health_sanitation,medium,synthetic,Daniel,,
may sirang water dispenser sa health center matagal na daw,public_health_sanitation,low,synthetic,Daniel,,
sana ma-clean up na yung tambakan ng basura papuntang Alfamart delikado sa kalusugan,public_health_sanitation,medium,synthetic,Daniel,,
may mga estranghero na paikot ikot sa may basketball court gabi gabi kahina hina,public_safety,high,synthetic,Daniel,,
MAY NAKASAKSAK PO NG BATA MALAPIT SA SIMBAHAN KAILANGAN PO TULONG AGAD,public_safety,high,synthetic,Daniel,,
maraming tambay na naninigarilyo sa may Alfamart nakakatakot dumaan,public_safety,medium,synthetic,Daniel,,
may aso na palaboy sa Montano St. na parang may sakit baka mapanganib,public_safety,medium,synthetic,Daniel,,
hindi maganda yung ilaw sa daan papuntang Bocalan nakakatakot sa gabi,public_safety,medium,synthetic,Daniel,,
may curfew po ba talaga dito madalas may batang gabi gabi pa sa court,public_safety,low,synthetic,Daniel,,
nakita ko yung parehong lalaki paikot ikot sa harap ng Puremart mukhang case case,public_safety,medium,synthetic,Daniel,,
sana magkaroon ng tanod duty sa gabi malapit sa simbahan,public_safety,low,synthetic,Daniel,,
may away na malakas sa may basketball court kanina delikado na,public_safety,high,synthetic,Daniel,,
SUNOG PO SA MALAPIT SA C MONTANO STREET KAILANGAN PO NG BUMBERO AGAD,public_safety,high,synthetic,Daniel,,
may nagbebenta raw ng bawal na gamot malapit sa Bocalan St,public_safety,medium,synthetic,Daniel,,
tanong ko lang po meron bang cctv sa palibot ng simbahan,public_safety,low,synthetic,Daniel,,
delikado maglakad sa gabi papuntang Alfamart walang ilaw at maraming tambay,public_safety,medium,synthetic,Daniel,,
may nakikitang gumagala na aso na parang galit malapit sa court,public_safety,medium,synthetic,Daniel,,
sana palakasin patrol sa palibot ng Puremart madalas may nangyayaring away,public_safety,low,synthetic,Daniel,,
may nag iiwan ng sasakyan na nakaharang sa daan papuntang simbahan buong gabi,public_safety,low,synthetic,Daniel,,
kailangan po ng tulong may nangyayaring gulo malapit sa basketball court ngayon,public_safety,high,synthetic,Daniel,,
may batang nagliligawan sa gabi malapit sa Bocalan medyo delikado,public_safety,low,synthetic,Daniel,,
may naiwang bag sa may Alfamart baka delikado dapat i-check,public_safety,medium,synthetic,Daniel,,
maraming kabataan naglalasing sa court hanggang madaling araw,public_safety,medium,synthetic,Daniel,,
just curious lang po kung meron tanod na naka assign malapit sa simbahan,public_safety,low,synthetic,Daniel,,
may mga aso na palaboy grupo grupo sa may Montano street nakakatakot,public_safety,medium,synthetic,Daniel,,
may nakita akong taong duda duda sa palibot ng Puremart kanina,public_safety,medium,synthetic,Daniel,,
sana magkaroon ng streetlight patrol sa may basketball court tuwing gabi,public_safety,low,synthetic,Daniel,,
may nagnanakaw daw ng manok sa amin malapit sa Bocalan St,public_safety,medium,synthetic,Daniel,,
URGENT MAY SUMISIGAW NG SAKLOLO MALAPIT SA SIMBAHAN NGAYON,public_safety,high,synthetic,Daniel,,
medyo delikado maglakad papasok ng bahay galing sa court kung gabi na,public_safety,low,synthetic,Daniel,,
may nagtatapon ng bato sa mga sasakyan malapit sa Alfamart,public_safety,medium,synthetic,Daniel,,
paano po mag report ng lost pet malapit dito sa amin,public_safety,low,synthetic,Daniel,,
walang tubig kami mula kagabi malapit sa Montano street hindi alam kung bakit,utilities,high,synthetic,Daniel,,
NO ELECTRICITY SINCE MORNING PO MALAPIT SA SIMBAHAN PAKI CHECK NAMAN AGAD,utilities,high,synthetic,Daniel,,
sobrang baha sa may basketball court kapag umuulan delikado na,utilities,high,synthetic,Daniel,,
yung poste ng kuryente malapit sa Bocalan St nakahilig na parang matutumba,utilities,high,synthetic,Daniel,,
wala pong tubig mula umaga sa buong Puremart area,utilities,medium,synthetic,Daniel,,
yung ilaw sa daan papuntang Alfamart nagbliblink sunod sunod parang may problema,utilities,medium,synthetic,Daniel,,
matagal na hindi maayos yung baradong drainage sa may simbahan,utilities,medium,synthetic,Daniel,,
regular lang po ba yung water interruption sa amin tuwing weekends,utilities,low,synthetic,Daniel,,
yung streetlight sa may court sira matagal na,utilities,low,synthetic,Daniel,,
brownout na naman sa amin ilang beses na ngayong linggo malapit sa Montano,utilities,medium,synthetic,Daniel,,
may tumutulong tubig sa gilid ng poste malapit sa Bocalan baka delikado,utilities,medium,synthetic,Daniel,,
gaano po katagal bago maibalik yung koneksyon ng tubig namin,utilities,low,synthetic,Daniel,,
sobrang baba ng water pressure sa amin lalo pag umaga,utilities,low,synthetic,Daniel,,
may baradong kanal sa likod ng Alfamart kaya bumabaha agad,utilities,medium,synthetic,Daniel,,
yung streetlight papuntang simbahan ilang buwan nang sira,utilities,medium,synthetic,Daniel,,
kelan po ang next maintenance schedule ng kuryente dito sa amin,utilities,low,synthetic,Daniel,,
URGENT PO WALANG KURYENTE MALAPIT SA BASKETBALL COURT MAY MATANDANG UMAASA SA OXYGEN MACHINE,utilities,high,synthetic,Daniel,,
yung poste malapit sa Puremart may spark kanina medyo nakakatakot,utilities,high,synthetic,Daniel,,
matagal na hindi maayos yung drainage papuntang Montano street,utilities,medium,synthetic,Daniel,,
may mga kabute na tubig lumalabas sa lupa malapit sa simbahan baka bumang tubo,utilities,medium,synthetic,Daniel,,
sana ma prioritize na yung pag ayos ng streetlight papuntang court,utilities,low,synthetic,Daniel,,
umaapaw yung kanal sa may Bocalan St kapag malakas ang ulan,utilities,high,synthetic,Daniel,,
matagal ng walang kuryente sa amin mula kahapon sa may Alfamart,utilities,medium,synthetic,Daniel,,
yung ilaw ng kalye galing simbahan hanggang bahay namin patay lahat,utilities,medium,synthetic,Daniel,,
just asking lang po pwede ba magpatawag tungkol sa singil ng tubig,utilities,low,synthetic,Daniel,,
may kuryenteng tumutulo sa poste malapit sa court medyo delikado tignan,utilities,high,synthetic,Daniel,,
yung inaasahan naming schedule ng brownout hindi na sinusunod,utilities,low,synthetic,Daniel,,
sobrang lakas umapaw yung baha papuntang Puremart hindi makadaan sasakyan,utilities,high,synthetic,Daniel,,
tanong ko lang po kung libre ba yung water maintenance check,utilities,low,synthetic,Daniel,,
kailan po ba ang next distribution ng ayuda para sa senior citizen,social_welfare,medium,synthetic,Daniel,,
yung lolo ko PWD hindi makakuha ng ID matagal na po walang slot,social_welfare,medium,synthetic,Daniel,,
matagal na po hindi nakakuha ng financial assistance kahit indigent kami,social_welfare,medium,synthetic,Daniel,,
kailangan po namin ng tulong agad nasunugan po kami ng bahay malapit sa Bocalan,social_welfare,high,synthetic,Daniel,,
paano po mag apply ng indigency certificate ano requirements,social_welfare,low,synthetic,Daniel,,
meron po bang scholarship program para sa mga estudyante dito,social_welfare,low,synthetic,Daniel,,
sobrang tagal na po ng hintayan para sa senior citizen pension,social_welfare,medium,synthetic,Daniel,,
yung ate ko buntis walang matirhan meron po bang tulong ang barangay,social_welfare,medium,synthetic,Daniel,,
wala pong natanggap na relief goods ang pamilya namin sa huling distribution,social_welfare,medium,synthetic,Daniel,,
just asking lang po open ba ang social welfare office tuwing sabado,social_welfare,low,synthetic,Daniel,,
kailangan po ng tulong para sa burol ng kamag anak namin,social_welfare,medium,synthetic,Daniel,,
meron po bang tulong para sa mga nawalan ng trabaho ngayon,social_welfare,medium,synthetic,Daniel,,
sana po dagdagan yung schedule ng distribusyon ng ayuda dito sa amin,social_welfare,low,synthetic,Daniel,,
paano po mag rehistro bilang senior citizen sa barangay,social_welfare,low,synthetic,Daniel,,
URGENT PO KAILANGAN NG TULONG MEDICAL NA WALANG PANG GAMOT ANG LOLA KO,social_welfare,high,synthetic,Daniel,,
meron po bang libreng legal consultation dito sa barangay,social_welfare,low,synthetic,Daniel,,
gusto ko po sana magbigay ng suggestion na dagdagan ang katulong sa senior citizen desk,social_welfare,low,synthetic,Daniel,,
matagal na po naghihintay kami ng PWD booklet,social_welfare,medium,synthetic,Daniel,,
may tulong po ba para sa mga estudyanteng walang pang baon,social_welfare,low,synthetic,Daniel,,
kailangan po ng tulong pangkabuhayan dahil nawalan po kami ng trabaho pareho,social_welfare,medium,synthetic,Daniel,,
paano po makakakuha ng solo parent ID dito sa barangay,social_welfare,low,synthetic,Daniel,,
sana po bigyan ng priority yung matatanda pagdating sa pila ng ayuda,social_welfare,medium,synthetic,Daniel,,
meron po bang libreng gamot dito sa health center para sa matatanda,social_welfare,low,synthetic,Daniel,,
kailangan po namin ng tulong dahil binaha ang gamit namin malapit sa Bocalan,social_welfare,high,synthetic,Daniel,,
just want to ask po kung meron pang available na slot sa senior citizen program,social_welfare,low,synthetic,Daniel,,
pwede po ba mag apply ng burial assistance dito sa barangay,social_welfare,low,synthetic,Daniel,,
matagal na po hindi dumadaan yung social worker sa amin para sa follow up,social_welfare,medium,synthetic,Daniel,,
sobrang lakas ng videoke ng kapitbahay namin hanggang madaling araw hindi na kami makatulog,neighbor_dispute,medium,synthetic,Daniel,,
URGENT PO MAY NANG AABUSO SA ASAWA NIYA KATABI NAMIN NARIRINIG NAMIN ANG SIGAWAN,neighbor_dispute,high,synthetic,Daniel,,
may problema po kami sa hangganan ng lote namin at ng kapitbahay,neighbor_dispute,medium,synthetic,Daniel,,
yung tenant namin ayaw umalis kahit tapos na ang kontrata,neighbor_dispute,medium,synthetic,Daniel,,
sunod sunod na nag-iiwan ng basura yung kapitbahay namin sa gilid ng bakod,neighbor_dispute,medium,synthetic,Daniel,,
may nag-aaway na malakas sa kapitbahay namin parang marahas na po,neighbor_dispute,high,synthetic,Daniel,,
yung sasakyan ng kapitbahay lagi nakaharang sa garahe namin,neighbor_dispute,medium,synthetic,Daniel,,
tanong lang po paano mag file ng blotter dito sa barangay,neighbor_dispute,low,synthetic,Daniel,,
gustong magpatawag ng usapan kapitbahay namin tungkol sa aso nila palaging tumatahol,neighbor_dispute,low,synthetic,Daniel,,
may kapitbahay kaming palaging nanlalait sa amin walang dahilan,neighbor_dispute,medium,synthetic,Daniel,,
sobrang ingay ng bahay katabi namin tuwing may inuman sila,neighbor_dispute,medium,synthetic,Daniel,,
may umaagaw ng linya ng tubig galing sa amin papuntang bahay ng kapitbahay,neighbor_dispute,medium,synthetic,Daniel,,
matagal na hindi na kausap ang kapitbahay namin dahil sa away noon,neighbor_dispute,low,synthetic,Daniel,,
may naglalagay ng basura sa harap ng bahay namin galing sa kapitbahay,neighbor_dispute,low,synthetic,Daniel,,
sobrang lakas magsalita yung kapitbahay tuwing gabi hindi na kami makatulog,neighbor_dispute,low,synthetic,Daniel,,
may nagbabantang saktan kami yung kapitbahay namin kahapon,neighbor_dispute,high,synthetic,Daniel,,
yung kapitbahay namin nag co construct malapit sa bakod namin walang pahintulot,neighbor_dispute,medium,synthetic,Daniel,,
may hayop ang kapitbahay na palaging pumapasok sa bakuran namin,neighbor_dispute,low,synthetic,Daniel,,
sana po magkaroon ng dialogue kami ng kapitbahay tungkol sa poon ng puno,neighbor_dispute,low,synthetic,Daniel,,
matagal na hindi maayos ang gulo namin sa kapitbahay tungkol sa daanan,neighbor_dispute,medium,synthetic,Daniel,,
may sumisigaw nanakaw daw sa amin galing sa kapitbahay,neighbor_dispute,medium,synthetic,Daniel,,
sobrang malakas magsalita galit yung asawa ng kapitbahay namin kanina,neighbor_dispute,medium,synthetic,Daniel,,
yung anak ng kapitbahay namin palaging sumisigaw kahit walang dahilan,neighbor_dispute,low,synthetic,Daniel,,
may kapitbahay kaming palaging naninira ng pangalan namin sa paligid,neighbor_dispute,low,synthetic,Daniel,,
gusto po naming magsampa ng reklamo laban sa kapitbahay tungkol sa ingay,neighbor_dispute,medium,synthetic,Daniel,,
matagal na naming sinusubukan makipag usap sa kapitbahay pero ayaw makinig,neighbor_dispute,low,synthetic,Daniel,,
URGENT PO MAY BUMUBUGBOG SA ASAWA NIYA SA KATABING BAHAY,neighbor_dispute,high,synthetic,Daniel,,
magandang umaga po tanong ko lang anong oras nagbubukas ang barangay hall,other,low,synthetic,Daniel,,
just asking lang po what time nagbubukas ang barangay hall tuwing sabado,other,low,synthetic,Daniel,,
pwede po malaman kung kelan susunod na barangay assembly,other,low,synthetic,Daniel,,
sana po dagdagan yung info drive tungkol sa mga bagong ordinansa,other,low,synthetic,Daniel,,
matagal na po hindi na update yung bulletin board luma na yung info,other,low,synthetic,Daniel,,
salamat po sa mabilis na aksyon sa request ko last week,other,low,synthetic,Daniel,,
saan po nagfifile ng reklamo tungkol sa negosyong walang permit malapit sa Alfamart,other,medium,synthetic,Daniel,,
urgent po may naiwan akong bag sa barangay hall kanina,other,medium,synthetic,Daniel,,
gusto ko lang po magbigay ng suggestion dagdagan ang upuan sa waiting area,other,low,synthetic,Daniel,,
pwede po ba malaman kung meron bang libreng wifi sa barangay hall,other,low,synthetic,Daniel,,
paano po kumuha ng business permit dito sa barangay,other,low,synthetic,Daniel,,
ano po ang schedule ng fiesta ngayong taon malapit sa simbahan,other,low,synthetic,Daniel,,
meron po bang event ngayong linggo sa basketball court,other,low,synthetic,Daniel,,
just curious po kung may libreng seminar ang barangay ngayong buwan,other,low,synthetic,Daniel,,
paano po makakakuha ng certificate of residency,other,low,synthetic,Daniel,,
pwede po ba magtanong tungkol sa proseso ng pag rehistro ng negosyo malapit sa Puremart,other,low,synthetic,Daniel,,
salamat po sa pag ayos ng problema namin last month,other,low,synthetic,Daniel,,
gusto ko lang po sana magbigay ng feedback tungkol sa serbisyo ng barangay,other,low,synthetic,Daniel,,
paano po makakakuha ng senior citizen discount card,other,low,synthetic,Daniel,,
pwede po itanong kung meron bang libreng job fair dito,other,low,synthetic,Daniel,,
matagal na po hindi nagawang ayusin yung karatula ng barangay hall,other,low,synthetic,Daniel,,
ano po ba schedule ng basura collection sa buong linggo,other,low,synthetic,Daniel,,
meron po bang libreng training para sa mga out of school youth,other,low,synthetic,Daniel,,
gusto ko lang po sana magpasalamat sa mabilis na tulong noong nagreklamo ako,other,low,synthetic,Daniel,,
tanong ko lang po pwede ba magdaos ng maliit na event sa basketball court,other,low,synthetic,Daniel,,
paano po mag inquire tungkol sa environmental compliance ng negosyo malapit sa simbahan,other,low,synthetic,Daniel,,
