text,category,urgency,source,author,flag,lang
"Good morning po. May I know who to approach regarding a proposal to widen the walkway going to the chapel? No rush, thank you and God bless.",road_infrastructure,low,synthetic,a1,,en
may problema po kami sa hangganan ng lote namin at ng kapitbahay,neighbor_dispute,medium,synthetic,a3,,
Want to know the process for registering a new business permit in Purok 7.,other,low,synthetic,a2,,
may kapitbahay po kaming nagtatapon ng dahon at garden waste sa tapat ng bahay namin,neighbor_dispute,low,synthetic,a3,,
may elderly resident po na walang kamag-anak dito at kailangan ng regular na welfare check,social_welfare,medium,synthetic,a3,,
may kapitbahay po kaming naglalagay ng kanilang mga gamit sa harap ng shared gate namin,neighbor_dispute,medium,synthetic,a3,,
Paano po mag-apply ng ayuda para sa mga senior citizen sa Zone 1?,social_welfare,low,synthetic,a2,,
mahina ang boltahe namin at namamatay minsan ang mga appliances,utilities,medium,synthetic,a3,,
anong oras po ba kadalasan nagroronda ang mga tanod dito,public_safety,low,synthetic,a1,,tl
paano po kumuha ng barangay certificate para sa employment requirement,other,low,synthetic,a3,,
may bahagi po ng kalsada na lubog na at hirap dumaan ang mga sasakyan lalo na kapag umuulan,road_infrastructure,medium,synthetic,a3,,
may kuto raw sa mga bata sa eskwelahan malapit sa Bocalan,public_health_sanitation,medium,synthetic,a3,,
"Nag-aaway ang magkapitbahay sa Purok 6 tungkol sa hangganan ng lupa, umaabot na sa banggaan.",neighbor_dispute,high,synthetic,a2,unsure,
Recurring flash flood at the intersection of Balite Street whenever it rains for more than an hour.,utilities,high,synthetic,a2,unsure,
salamat po sa mabilis na pagkumpuni sa tubo ayos na po kami tanong ko lang kung kelan naman yung sa kabilang kalye,utilities,low,synthetic,a1,,tl
matagal na pong puno ang communal trash bin sa may purok 6,public_health_sanitation,medium,synthetic,a3,,
may mga taong pumapasok sa madilim na construction area kahit sarado na ito,public_safety,medium,synthetic,a3,,
may nakalusot na malaking bato sa kalsada malapit sa simbahan baka makasagasa,road_infrastructure,high,synthetic,a3,,
Overflowing communal trash bin attracting flies and stray dogs in Purok 7.,public_health_sanitation,medium,synthetic,a2,,
may nakitang kahina-hinalang package sa tabi ng entrance ng public building,public_safety,high,synthetic,a3,,
the argument between the two families is getting worse right now a crowd is forming outside kindly send someone to calm them down,neighbor_dispute,high,synthetic,a1,unsure,en
may nakalaylay na power cable sa alley at halos abot na ng tao,utilities,high,synthetic,a3,,
may diskwento po ba ang mga senior citizen sa singil ng kuryente at paano po ito naipapatala,utilities,low,synthetic,a1,,tl
"Eroding road shoulder near the creek in Purok 1, getting worse after each storm.",road_infrastructure,medium,synthetic,a2,,
kelan po ba yung schedule ng water interruption sa susunod na linggo,utilities,low,synthetic,a1,,tl
"Fallen electric wire near Leyte Street after the typhoon, exposed and unrepaired.",utilities,high,synthetic,a2,unsure,
lumala na po ang alitan namin kanina nagsigawan na sa labas at may mga kamag anak na dumarating sana po mapag usap kami ngayon din bago pa may masaktan,neighbor_dispute,high,synthetic,a1,,tl
ano po ang proseso kapag tungkol sa hangganan ng lupa ang reklamo,neighbor_dispute,low,synthetic,a1,,tl
pa check naman po yung ceiling ng lobby ng hall may bumagsak na maliit na piraso kanina buti walang tinamaan,road_infrastructure,medium,synthetic,a1,,taglish
sana ma-clean up na yung tambakan ng basura papuntang Alfamart delikado sa kalusugan,public_health_sanitation,medium,synthetic,a3,,
may maruming tubig po na ginagamit pa rin sa public washing area at may kakaibang amoy,public_health_sanitation,high,synthetic,a3,,
Multiple potholes on Basilan Street unrepaired for over two weeks.,road_infrastructure,low,synthetic,a2,,
paano po mag report ng lost pet malapit dito sa amin,public_safety,low,synthetic,a3,,
tuwing gabi may mga umiinom sa waiting shed maingay tapos nakakatakot dumaan lalo na yung mga babae,public_safety,medium,synthetic,a1,,tl
may ilang bahay sa street namin na walang kuryente pero gumagana naman sa kabilang block,utilities,medium,synthetic,a3,,
Paano po mag-apply ng ayuda para sa mga senior citizen sa Purok 7?,social_welfare,low,synthetic,a2,,
Just asking for directions to the nearest satellite barangay office from Cebu Street.,other,low,synthetic,a2,,
Garbage collection truck skipped Bohol Street for almost a week.,public_health_sanitation,low,synthetic,a2,,
may taong nagbabanta sa kapitbahay namin at may hawak na hindi namin makilala kung ano,public_safety,high,synthetic,a3,,
Rat infestation reported near the public market in Purok 7.,public_health_sanitation,medium,synthetic,a2,,
tanong lang po kung paano mag file ng blotter dito sa barangay,neighbor_dispute,low,synthetic,a3,,
sirang manhole cover sa may kanto ng simbahan baka may mahulog,road_infrastructure,high,synthetic,a3,,
may sirang poste ng pedestrian sign sa tapat ng daycare,road_infrastructure,medium,synthetic,a3,,
yung poste sa tapat namin nakahilig na tsaka sagging na yung mga wire baka po may ma-disgrasya dito,road_infrastructure,medium,synthetic,a1,,taglish
may disagreement po kami ng kapitbahay tungkol sa location ng bakod,neighbor_dispute,medium,synthetic,a3,,
may maintenance notice po ba para sa water supply ngayong weekend,utilities,low,synthetic,a3,,
nakapaskil po sa poste na may gawain sa linya sa huwebes anong oras po ba matatapos may gagamitin kasi kaming makina,utilities,low,synthetic,a1,,tl
nabangga po ng van ang bata sa tabi ng eskwelahan wala pa pong tumutulong dito paki rescue po,public_safety,high,synthetic,a1,,tl
grabe po ung staff nyo kanina ang sungit mag-assist sana po ma-remind sila kung pano makipag-usap,other,low,synthetic,a1,,taglish
pwede po ba mag-borrow ng sound system ng brgy para sa palaro ng mga bata sa purok 3,other,low,synthetic,a1,,taglish
magandang araw po tanong ko lang kung kelan matatapos yung pagkumpuni sa main road salamat,road_infrastructure,low,synthetic,a1,,tl
where can i get a copy of the entry i made last month i need it for my records,neighbor_dispute,low,synthetic,a1,,en
Flooding sa Cebu Street tuwing umuulan dahil sa clogged drainage.,utilities,high,synthetic,a2,unsure,
my father passed away this morning and we have no money for the funeral we need burial assistance as soon as possible,social_welfare,high,synthetic,a1,,en
I am requesting a copy of the evacuation plan for our purok if there is one available. Thank you for your assistance.,public_safety,low,synthetic,a1,,en
Good afternoon po. Is there any fee for filing a complaint against a resident of the same purok. Thank you and God bless.,neighbor_dispute,low,synthetic,a1,,en
"Water service disconnected without prior notice, hindi po kami nakautang.",utilities,medium,synthetic,a2,,
na-encroach po yung bakod nila sa lote namin mga kalahating metro pwede po ba kayong magpadala para ma-check,neighbor_dispute,medium,synthetic,a1,,taglish
Unfinished road widening project has left exposed rebar and debris on Captain E-Bocalan Street.,road_infrastructure,medium,synthetic,a2,,
yung construction po nila sa tabi na-crack yung pader namin pina-check ko na sila pero sabi luma na daw,neighbor_dispute,medium,synthetic,a1,,taglish
The voter registration cut off is at 5pm today and I still need a certification from your office. Is there any way to process it within the hour?,other,high,synthetic,a1,unsure,en
pwede po bang magpareserve ng covered court para sa binyag,other,low,synthetic,a1,,tl
"Dispute over shared wall damage between two houses in Purok 5, owners blaming each other.",neighbor_dispute,low,synthetic,a2,,
our hearing is set this afternoon but I was rushed to the clinic this morning. What should I do so it will not be counted against me.,neighbor_dispute,high,synthetic,a1,,en
pakitingnan po yung drainage cover sa tapat ng bakery maluwag at umaalog kapag may dumadaan,road_infrastructure,medium,synthetic,a3,,
may mga kabataan pong umaakyat sa isang dangerous construction area,public_safety,medium,synthetic,a3,,
marami pong lamok sa paligid ng covered court dahil may mga lalagyan na may tubig,public_health_sanitation,medium,synthetic,a3,,
hanggang ngayon po wala pa ring supply ng tubig kahit sabi kahapon maaayos na,utilities,medium,synthetic,a3,,
I need a certification from your office stating that my business has no pending complaints. My renewal is due next week.,other,medium,synthetic,a1,unsure,en
Family displaced by flood in Purok 2 needs relief goods and temporary shelter.,social_welfare,high,synthetic,a2,unsure,
may malaking puno pong bumagsak sa playground habang may mga batang naglalaro,public_safety,high,synthetic,a3,,
may bakante po ba kayong trabaho sa opisina kahit kontraktwal lang po handa po akong magsimula,other,low,synthetic,a1,unsure,tl
may taong paikot ikot sa parking area ng barangay hall at sinusubukang buksan ang mga nakaparadang sasakyan,public_safety,high,synthetic,a3,,
just want to ask kung libre ba yung mediation dito sa barangay,neighbor_dispute,low,synthetic,a3,,
medyo mabagal lang naman po yung internet namin kaya lang di na talaga kaya ng video call ni misis sino po ba i-report,utilities,medium,synthetic,a1,,taglish
paki-schedule po sana ng disinfection sa multipurpose hall pagkatapos gamitin bilang evacuation area,public_health_sanitation,low,synthetic,a3,,
may basag na water pipe sa tabi ng kalsada at patuloy na lumalaki ang tulo,utilities,medium,synthetic,a3,,
may bahagi ng kalsada na biglang bumaba pagkatapos ng repair at parang hindi pantay ang pagkakagawa,road_infrastructure,medium,synthetic,a3,,
may senior citizen po na kailangan ng wheelchair para makapunta sa medical appointment,social_welfare,medium,synthetic,a3,,
may food assistance po ba para sa pamilyang pansamantalang walang income,social_welfare,medium,synthetic,a3,,
po pwede po bang humingi ng tulong para sa gamit sa eskwela ng tatlong anak ko,social_welfare,medium,synthetic,a1,,tl
di po kami nakakain since kahapon tatlo pong bata dito baka po may natira pang relief ngayon lang po ako nakahingi ng tulong,social_welfare,high,synthetic,a1,,taglish
may taong pilit bumubukas ng gate ng bahay namin ngayon at hindi namin kilala,public_safety,high,synthetic,a3,,
Reklamo tungkol sa alagang manok ng kapitbahay na gumagala sa bakuran namin sa Captain E-Bocalan Street.,neighbor_dispute,low,synthetic,a2,,
may kapitbahay na paulit ulit nagtatapon ng cigarette butts sa harap ng bahay namin,neighbor_dispute,medium,synthetic,a3,,
may dalawang pamilya pong nagtatalo tungkol sa pagputol ng sanga ng punong nasa boundary,neighbor_dispute,low,synthetic,a3,,
umaapaw yung manhole tuwing umuulan,utilities,medium,synthetic,a1,,tl
Just asking for directions to the nearest satellite barangay office from Tramo Road.,other,low,synthetic,a2,,
na-postpone po ba yung sched namin last friday kasi walang nag-inform sakin tapos ngayon sabi nila absent daw ako,neighbor_dispute,low,synthetic,a1,,taglish
ma'am the steel plate covering the excavation on our street flipped over when a truck passed and the pit is now open and unlit,road_infrastructure,high,synthetic,a1,,en
Just want to confirm if the barangay office on Antero Soriano Highway is open on Saturdays.,other,low,synthetic,a2,,
pwede po ba itanong kung kelan magkakaroon ng eskedyul ang muling pagconnect ng kuryente,utilities,low,synthetic,a3,,
Paano po mag-apply ng ayuda para sa mga senior citizen sa Purok 3?,social_welfare,low,synthetic,a2,,
"Malaking pothole sa Basilan Street, nakakasira ng gulong ng mga sasakyan.",road_infrastructure,medium,synthetic,a2,,
Hello. I would like to ask about the requirements for a solo parent identification card for my daughter who is a working mother.,social_welfare,low,synthetic,a1,,en
may nakita akong taong duda duda sa palibot ng Puremart kanina,public_safety,medium,synthetic,a3,,
yung basketball court po sira na yung fencing baka may masaktan,road_infrastructure,medium,synthetic,a3,,
"Open manhole cover near the school on Balite Street, a child almost fell in.",public_safety,high,synthetic,a2,unsure,
may maruming tubig na naiipon sa tabi ng public restroom at mabaho na,public_health_sanitation,medium,synthetic,a3,,
Family feud next door has escalated to shouting matches early in the morning.,neighbor_dispute,high,synthetic,a2,unsure,
may kapitbahay na nagsasabing kanila ang bahagi ng bakuran na matagal naming ginagamit,neighbor_dispute,medium,synthetic,a3,,
pwede po bang malaman kung kailan matatapos ang repair ng water facility,utilities,low,synthetic,a3,,
nasusunog po yung bakanteng lote sa likod kumakalat na sa mga bubong wala pong tubig dito sa amin,public_safety,high,synthetic,a1,,taglish
may nagsusunog ng plastik at goma sa bakanteng lote tuwing hapon hirap na humingang tatay ko na may hika,public_health_sanitation,high,synthetic,a1,,tl
Neighbor's dog keeps barking almost every night and the owner refuses to do anything about it.,neighbor_dispute,low,synthetic,a2,,
may bahagi ng pavement na umangat at baka matisod ang mga naglalakad,road_infrastructure,medium,synthetic,a3,,
ok lang po ba mag-compost sa likod bahay or bawal po yun dito sa bgy,public_health_sanitation,low,synthetic,a1,,taglish
may water leak sa tabi ng barangay facility at lumalaki na yung basang bahagi ng lupa,utilities,medium,synthetic,a3,,
Discolored tap water reported by several households in Purok 6.,utilities,medium,synthetic,a2,,
may nakatagilid na concrete barrier sa intersection na posibleng bumagsak sa dumadaan,road_infrastructure,high,synthetic,a3,,
may amoy pong nasusunog galing sa kabilang bahay tapos may usok na lumalabas sa bintana wala pong tao sa labas,public_safety,high,synthetic,a1,,taglish
sunod sunod na nag-iiwan ng basura yung kapitbahay namin sa gilid ng bakod,neighbor_dispute,medium,synthetic,a3,,
paano po mag-submit ng suggestion tungkol sa serbisyo ng barangay,other,low,synthetic,a3,,
PAKI CHECK PO YUNG TUBIG SA PUBLIC FAUCET MAY KAKAIBANG AMOY AT KULAY,public_health_sanitation,high,synthetic,a3,,
may tao po ba sa opisina tuwing tanghalian o sarado muna kayo mula alas dose hanggang ala una,other,low,synthetic,a1,,tl
may aso na palaboy sa Montano St. na parang may sakit baka mapanganib,public_safety,medium,synthetic,a3,,
lagi pong nagpa-park ang kapitbahay sa harap ng entrance namin kahit nakakaabala,neighbor_dispute,medium,synthetic,a3,,
"Report of dengue cases rising in Zone 2, need fogging operation.",public_health_sanitation,high,synthetic,a2,unsure,
maluwag na yung tabla sa tulay papuntang kabilang sitio,road_infrastructure,medium,synthetic,a1,,tl
pwede po kaya malagyan ng speed bump yung street namin kasi mabilis ang mga sasakyan,road_infrastructure,low,synthetic,a3,,
Barangay tanod reports an increase in snatching incidents along Catanduanes Street tuwing gabi.,public_safety,high,synthetic,a2,unsure,
"Walang tubig sa A. Fojas Street buong araw na, hindi na po ito unang beses mangyari.",utilities,medium,synthetic,a2,,
may mga asong gala na humahabol sa mga bata paalis ng eskwela,public_health_sanitation,medium,synthetic,a1,,tl
"Minors seen violating curfew hours, loitering near the plaza tuwing madaling araw.",public_safety,low,synthetic,a2,,
"Stagnant water sa likod ng mga bahay sa Purok 5, posibleng lugar ng lamok, dengue risk.",public_health_sanitation,high,synthetic,a2,unsure,
may batang kailangan ng school uniform pero hindi kayang bumili ng pamilya,social_welfare,medium,synthetic,a3,,
may amoy kanal po sa loob ng public restroom at parang may problema sa drainage,public_health_sanitation,medium,synthetic,a3,,
pwede po ba ma-schedule ng barangay yung pag-linis ng canal bago pa mag-typhoon season kasi last year na-flood kami ng todo,utilities,low,synthetic,a1,,taglish
"Manhole cover missing for weeks near Amaya Drive, needs replacement.",road_infrastructure,low,synthetic,a2,,
"there is a continuous leak from the main pipe near the corner, water has been running for three days and no one has come to fix it",utilities,medium,synthetic,a1,,en
kelan po ung fiesta this year tas may parade po ba may nag-tanong kasi sakin sa trabaho,other,low,synthetic,a1,,taglish
Missing road signage at a dangerous intersection near Bohol Street.,road_infrastructure,medium,synthetic,a2,,
dalawang araw na po kaming walang makain may tatlong maliliit pa po akong anak,social_welfare,high,synthetic,a1,,tl
ilang buwan na pong mabaho yung kanal sa harap ng bahay namin sana po malinis na,public_health_sanitation,medium,synthetic,a1,,tl
Application status for the educational assistance program for indigent students.,social_welfare,low,synthetic,a2,,
may natagpuang susi sa waiting area pwede po bang i-turn over sa barangay,public_safety,low,synthetic,a3,,
kailangan po ng gamot ni nanay ngayong linggo pero wala po kaming pambili sana po may matulong kayo,social_welfare,high,synthetic,a1,,tl
hindi po humuhupa ang baha sa amin kahit tapos na ang ulan halos dalawang araw nang nakatubig ang buong bakuran,utilities,medium,synthetic,a1,unsure,tl
yung poste ng kuryente malapit sa Bocalan St nakahilig na parang matutumba,utilities,high,synthetic,a3,,
Just want to confirm if the barangay office on Cebu Street is open on Saturdays.,other,low,synthetic,a2,,
"Power outage sa buong Purok 3 simula kagabi, ilang oras na.",utilities,high,synthetic,a2,unsure,
"Malaking pothole sa Mindanao Street, nakakasira ng gulong ng mga sasakyan.",road_infrastructure,medium,synthetic,a2,,
ayaw umalis ng umuupa sa itaas tapos na yung kontrata nung isang buwan pa,neighbor_dispute,medium,synthetic,a1,,tl
"Hindi na po kinukuha ang basura sa Balite Street buong linggo na, umaamoy na.",public_health_sanitation,medium,synthetic,a2,,
may pamilya pong nasira ang bubong dahil sa malakas na hangin at wala silang pambayad sa repair,social_welfare,high,synthetic,a3,,
how much is the fee for using the multipurpose hall for a birthday party and how early should we book,other,low,synthetic,a1,,en
"Report of an armed altercation near Bohol Street, residents scared to go outside.",public_safety,high,synthetic,a2,unsure,
PAKI AYOS PO AGAD YUNG DAAN MALAPIT SA ALFAMART SOBRANG DELIKADO NA,road_infrastructure,high,synthetic,a3,,
may maruming tubig po na umaagos mula sa drainage papunta sa harap ng mga bahay namin at sobrang baho na,public_health_sanitation,high,synthetic,a3,,
matagal na daang bakante lot papuntang Puremart puno ng damo at bato,road_infrastructure,low,synthetic,a3,,
Please improve your phone line. I have been calling since morning and nobody picks up.,other,low,synthetic,a1,,en
pwede po bang magpa-assist sa barangay tungkol sa reklamo sa usok na galing sa kapitbahay,neighbor_dispute,medium,synthetic,a3,,
tanong lang po kung yung first time job seeker cert dito po ba kinukuha or sa city hall po,social_welfare,low,synthetic,a1,,taglish
Streetlight not working buong linggo na along Antero Soriano Highway.,road_infrastructure,low,synthetic,a2,,
just asking if the barangay still gives out free face masks and alcohol at the health center,public_health_sanitation,low,synthetic,a1,,en
Illegal gambling activity reported behind a store on Captain E-Bocalan Street.,public_safety,medium,synthetic,a2,,
Streetlights along the basketball court in Purok 1 have been out buong linggo na.,road_infrastructure,low,synthetic,a2,,
biyuda po ako meron po ba kayong livelihood na pwede kong salihan,social_welfare,medium,synthetic,a1,,tl
may mga stray cats na nag-aagawan ng pagkain sa may market at nagiging magulo,public_safety,low,synthetic,a3,,
dumadausdos po ang lupa sa gilid ng daan paakyat ng purok 5 tuwing umuulan unti unti nang nawawala ang gilid ng sementado,road_infrastructure,medium,synthetic,a1,,tl
Reklamo tungkol sa alagang manok ng kapitbahay na gumagala sa bakuran namin sa Cebu Street.,neighbor_dispute,low,synthetic,a2,,
"Elderly resident living alone in Purok 4 needs medical assistance, walang tumutulong na kamag-anak.",social_welfare,high,synthetic,a2,unsure,
may hindi pagkakaunawaan po tungkol sa paggamit ng isang common pathway,neighbor_dispute,medium,synthetic,a3,,
pwede po bang malaman kung saan maaaring i-report ang illegal dumping,public_health_sanitation,low,synthetic,a3,,
paano po magreport ng maruming public restroom,public_health_sanitation,low,synthetic,a3,,
tanong lang po kung tumatanggap pa kayo ng boluntaryo sa paglilinis tuwing sabado,public_health_sanitation,low,synthetic,a1,,tl
may kapitbahay po kaming naglalagay ng mga gamit sa common pathway,neighbor_dispute,medium,synthetic,a3,,
ask lang po kung may bayad ang pag-dispose ng lumang appliance or may special collection day po para dun,public_health_sanitation,low,synthetic,a1,,taglish
Just asking for directions to the nearest satellite barangay office from Captain E-Bocalan Street.,other,low,synthetic,a2,,
sino po ba dapat i-approach para ma-reschedule ung inspeksyon ng sari sari store namin na-conflict kasi sa trabaho ko,other,medium,synthetic,a1,,taglish
Unfinished road widening project has left exposed rebar and debris on Tramo Road.,road_infrastructure,medium,synthetic,a2,,
Requesting for fogging in our purok. Mosquitoes have become unbearable and there are many small children living here.,public_health_sanitation,medium,synthetic,a1,,en
pwede po bang baguhin ang details ng application pagkatapos ma-submit,other,low,synthetic,a3,,
yung tatay ko po na-stroke last month naka-wheelchair na siya ngayon meron po ba kayong tulong na pwede namin ma-apply-an,social_welfare,medium,synthetic,a1,,taglish
may mga lalaki pong palaging nakatambay sa kanto at binabastos ang mga estudyanteng dumadaan tuwing uwian,public_safety,medium,synthetic,a1,,tl
sobrang lakas magsalita yung kapitbahay tuwing gabi hindi na kami makatulog,neighbor_dispute,low,synthetic,a3,,
may reklamo tungkol sa alagang manok na pumapasok sa bakuran at naninira ng halaman,neighbor_dispute,medium,synthetic,a3,,
yung riprap po sa gilid ng creek nag crack na tapos yung daan sa taas parang lumulubog na pa check po agad,road_infrastructure,high,synthetic,a1,,taglish
paano po kumuha ng certificate of residency para sa school requirement,other,low,synthetic,a3,,
I urgently need a certificate of indigency today. My mother is being admitted for surgery tomorrow and the hospital will not proceed without it.,social_welfare,high,synthetic,a1,,en
may bahagi ng pathway papunta sa barangay court na nawawala ang tiles at puro butas,road_infrastructure,medium,synthetic,a3,,
Just want to confirm if the barangay office on Bohol Street is open on Saturdays.,other,low,synthetic,a2,,
may batang muntik nang mahulog sa bukas na bahagi ng kanal habang naglalaro,public_safety,high,synthetic,a3,,
madalas po may nag-iwan ng motorsiklo sa madilim na eskinita at hindi namin kilala,public_safety,medium,synthetic,a3,,
pwede po bang malaman kung saan makikita ang listahan ng barangay programs,other,low,synthetic,a3,,
may nakalawit na kable sa eskinita kasing taas lang ng bata delikado,public_safety,medium,synthetic,a1,,tl
Just want to confirm if the barangay office on Turtle Street is open on Saturdays.,other,low,synthetic,a2,,
anong oras po bukas ang barangay hall,other,low,synthetic,a1,,tl
matagal na hindi dumadaan yung garbage truck sa amin sa purok 4 puno na yung mga plastic bag sa kalye,public_health_sanitation,medium,synthetic,a3,,
"Pack of stray dogs chasing pedestrians and acting aggressively near Bohol Street, safety concern.",public_safety,high,synthetic,a2,unsure,
matagal na po ang application ko at gusto ko sanang malaman ang status,other,medium,synthetic,a3,,
may kapitbahay po kaming naglalagay ng mga paso sa common walkway kaya kumikipot ang daanan,neighbor_dispute,medium,synthetic,a3,,
pwede po bang malaman kung anong oras bukas ang barangay records office,other,low,synthetic,a3,,
may lalaki pong sumusubok buksan ang mga gate ng bahay namin ngayong gabi,public_safety,high,synthetic,a3,,
saan po maaaring humingi ng copy ng barangay ordinance,other,low,synthetic,a3,,
good day po just asking if the wifi in the hall is open to students on weekends,other,low,synthetic,a1,,en
meron po ba kayong schedule ng livelihood training this month interested po sana ako mag-enroll sa baking,social_welfare,low,synthetic,a1,,taglish
may nagtatapon po ng maruming tubig diretso sa kalsada kaya madulas at mabaho,public_health_sanitation,medium,synthetic,a3,,
"matagal na po ang request namin at wala pa ring update, paano po mag-follow up",other,medium,synthetic,a3,,
sir we requested to borrow ten tables and chairs for saturday can you confirm today? the organizer needs to finalize,other,medium,synthetic,a1,,en
hi po pa-check lang kung may libreng blood pressure monitoring every week sa health center,public_health_sanitation,low,synthetic,a1,,taglish
"Kapitbahay namin sa Captain E-Bocalan Street ay maingay almost every night, hindi kami makatulog.",neighbor_dispute,medium,synthetic,a2,,
Multiple potholes on Captain E-Bocalan Street unrepaired for several hours already.,road_infrastructure,low,synthetic,a2,,
kailangan po ng gamot ni tatay sa puso today na lang po yung stock namin wala na po kaming pang-refill,social_welfare,high,synthetic,a1,,taglish
tanong ko lang po kung saan ako kukuha ng kopya ng naitala kong sumbong noong nakaraang buwan,neighbor_dispute,low,synthetic,a1,,tl
may de baho na tubig sa kanal malapit sa simbahan,public_health_sanitation,medium,synthetic,a3,,
may abandonadong sasakyan na matagal nang nakaparada malapit sa playground,public_safety,medium,synthetic,a3,,
Streetlights along the basketball court in Purok 3 have been out since last night.,road_infrastructure,low,synthetic,a2,,
kailangan po namin ng tulong dahil binaha ang gamit namin malapit sa Bocalan,social_welfare,high,synthetic,a3,,
matagal na hindi na maayos yung baradong drainage malapit sa aming bahay,utilities,medium,synthetic,a3,,
ikatlong beses na po ito bumutas ulit yung tinapalan nyo last month sayang lang yung semento,road_infrastructure,medium,synthetic,a1,,tl
kailangan ko po ng certificate of residency para sa aplikasyon sa trabaho sana po mabilis,social_welfare,medium,synthetic,a1,,tl
Delivery vans use our street as a shortcut and they drive very fast. A child was almost hit yesterday. Kindly ask them to slow down or install a barrier.,public_safety,medium,synthetic,a1,unsure,en
nawawala po yung isang bakal na rehas sa takip ng kanal sa tabi ng eskwelahan maliit pa ang butas pero lumalaki,road_infrastructure,medium,synthetic,a1,,tl
"Low water pressure ilang araw na na, barely enough for daily use.",utilities,low,synthetic,a2,,
may taong nananakot sa mga residente gamit ang matalim na bagay,public_safety,high,synthetic,a3,,
bigla pong tumaas ang tubig sa drainage kahit hindi naman malakas ang ulan,utilities,medium,synthetic,a3,,
Boundary dispute with a neighbor over a fence line on Mindanao Street that has gone on for three days straight.,neighbor_dispute,medium,synthetic,a2,,
tanong lang po paano mag file ng blotter dito sa barangay,neighbor_dispute,low,synthetic,a3,,
may nawawalang manhole cover sa tapat ng mga bahay namin delikado lalo na sa gabi,road_infrastructure,high,synthetic,a3,,
"Stagnant water sa likod ng mga bahay sa Purok 6, posibleng lugar ng lamok, dengue risk.",public_health_sanitation,high,synthetic,a2,unsure,
may bumagsak na malaking sanga sa gitna ng kalsada at hindi makadaan ang mga sasakyan,road_infrastructure,high,synthetic,a3,,
may nagbabanta raw sa isang resident gamit ang social media at natatakot siyang umuwi,public_safety,high,synthetic,a3,,
they are putting up a gate across our right of way as i type this please come before it is finished,neighbor_dispute,high,synthetic,a1,,en
Urgent. Medical waste including used gloves and blood tubes was dumped in the vacant lot beside the school. For your immediate action.,public_health_sanitation,high,synthetic,a1,,en
aabot po ba yung proyekto sa kanal hanggang dito sa amin,utilities,low,synthetic,a1,,tl
may pamilya pong nawalan ng gamit dahil sa biglaang pagbaha at kailangan ng relief assistance,social_welfare,high,synthetic,a3,,
nasunog po bahay namin kagabi wala na po kaming natira kahit ano saan po kami pwedeng humingi ng tulong,social_welfare,high,synthetic,a1,,tl
may schedule po ba ang consultation hours ng barangay officials,other,low,synthetic,a3,,
Reklamo tungkol sa alagang manok ng kapitbahay na gumagala sa bakuran namin sa Masbate Street.,neighbor_dispute,low,synthetic,a2,,
meron po bang libreng training para sa mga out of school youth,other,low,synthetic,a3,,
nag-food poisoning po yata yung mga bata after ng feeding kanina like 6 na po sila nagsusuka pa-check po agad,public_health_sanitation,high,synthetic,a1,,taglish
Rat infestation reported near the public market in Zone 3.,public_health_sanitation,medium,synthetic,a2,,
Where can I get a copy of the ordinance on business signage? I plan to put up a small sign for my shop.,other,low,synthetic,a1,,en
Drainage blockage near the market causing bad odor and flooding risk.,utilities,medium,synthetic,a2,,
"Financial assistance needed, nasunugan ang bahay namin sa Purok 4 kahapon.",social_welfare,high,synthetic,a2,unsure,
Just asking for directions to the nearest satellite barangay office from Masbate Street.,other,low,synthetic,a2,,
mabaho tsaka madilaw yung tubig namin every time na bumabalik after ng interruption baka po pwede ma-test muna,utilities,medium,synthetic,a1,,taglish
may patay na hayop po sa tabi ng drainage ilang araw na at kumakalat na ang mabahong amoy,public_health_sanitation,high,synthetic,a3,,
may bayad po ba ang anti rabies para sa aso namin o libre po sa health center,public_health_sanitation,low,synthetic,a1,,tl
kelan po ang susunod na clean up drive gusto po sana naming sumali,public_health_sanitation,low,synthetic,a1,,tl
things got heated between us and the house across earlier and both families are still outside shouting. we are asking for an urgent sit down today.,neighbor_dispute,high,synthetic,a1,,en
"Malnourished children reported in Zone 3, requesting feeding program support.",social_welfare,high,synthetic,a2,unsure,
puno na po ang basurahan sa may basketball court umaapaw na,public_health_sanitation,medium,synthetic,a3,,
may bumagsak na sanga ng puno sa daan papuntang simbahan nakaharang,road_infrastructure,high,synthetic,a3,,
Good afternoon. Is the basketball court free for public use on weekday mornings or is it always reserved?,other,low,synthetic,a1,,en
pwede po bang mag-submit ng complaint anonymously,other,low,synthetic,a3,,
yung pedestrian lane po malapit sa school halos hindi na makita dahil sa kupas na pintura,road_infrastructure,low,synthetic,a3,,
may electrical panel na bukas sa likod ng community center at puwedeng maabot ng bata,utilities,high,synthetic,a3,,
Illegal gambling activity reported behind a store on Lieutenant Cerrado Street.,public_safety,medium,synthetic,a2,,
meron po bang libreng legal consultation dito sa barangay,social_welfare,low,synthetic,a3,,
may batang naiwan mag-isa sa terminal at umiiyak nang matagal,public_safety,high,synthetic,a3,,
may nakita pong backpack na naiwan sa tabi ng covered court at walang may-ari,public_safety,low,synthetic,a3,,
may away po sa pagitan ng dalawang pamilya tungkol sa parking area,neighbor_dispute,medium,synthetic,a3,,
"Footbridge railing broken in Purok 6, students use it daily to cross the creek.",road_infrastructure,high,synthetic,a2,unsure,
Streetlight not working since yesterday along Masbate Street.,road_infrastructure,low,synthetic,a2,,
may pumasok pong magnanakaw sa bahay ng kapitbahay nasa loob pa po sila ngayon nagtatago po kami dito,public_safety,high,synthetic,a1,,tl
"Stagnant water sa likod ng mga bahay sa Zone 2, posibleng lugar ng lamok, dengue risk.",public_health_sanitation,high,synthetic,a2,unsure,
sunod sunod na nag iiwan ng basura yung kapitbahay namin sa gilid ng bakod namin,neighbor_dispute,medium,synthetic,a3,,
may malaking butas sa kalsada malapit sa barangay hall delikado na lalo pag gabi wala pang ilaw,road_infrastructure,high,synthetic,a3,,
magandang umaga po tanong ko lang anong oras nagbubukas ang barangay hall,other,low,synthetic,a3,,
hindi maganda yung ilaw sa daan papuntang Bocalan nakakatakot sa gabi,public_safety,medium,synthetic,a3,,
may balak po ba kayong lagyan ng harang o bakod yung gilid ng plaza para hindi na tinatawid ng mga motor yung sementadong bahagi,road_infrastructure,low,synthetic,a1,,tl
pwede po bang malinis yung creek malapit sa amin dahil marami nang plastic at bote,public_health_sanitation,low,synthetic,a3,,
Neighbor's dog keeps barking late at night and the owner refuses to do anything about it.,neighbor_dispute,low,synthetic,a2,,
pwede po bang magtanong kung meron bang libreng legal consultation dito,other,low,synthetic,a3,,
pano po mag-request ng copy ng record ng insidente kelangan po kasi i-submit sa insurance ng tricycle,public_safety,low,synthetic,a1,unsure,taglish
may lasing pong lalaki hawak ay baril nagti-threaten sa mga tao sa may inuman nagtatago na po lahat,public_safety,high,synthetic,a1,,taglish
ano po ang requirements para sa barangay livelihood assistance,social_welfare,low,synthetic,a3,,
may kapitbahay po kaming naglalagay ng basura sa gilid ng property namin kahit may sariling basurahan sila,neighbor_dispute,medium,synthetic,a3,,
sana ma prioritize na yung pag ayos ng streetlight papuntang court,utilities,low,synthetic,a3,,
May I ask who handles community events so I can coordinate a free financial literacy talk for residents?,other,low,synthetic,a1,,en
pumasok na po ang baha sa loob ng bahay namin umaakyat pa nakapatong na kami sa mesa tulong po,utilities,high,synthetic,a1,,tl
paano po mag inquire tungkol sa environmental compliance ng negosyo malapit sa simbahan,other,low,synthetic,a3,,
may mga fireworks na pinapaputok malapit sa mga bahay kahit may mga bata sa paligid,public_safety,high,synthetic,a3,,
yung comfort room sa court sira ang flush matagal na,public_health_sanitation,medium,synthetic,a3,,
Ano po ang operating hours ng barangay hall sa Purok 3?,other,low,synthetic,a2,,
Just want to confirm if the barangay office on Lieutenant Cerrado Street is open on Saturdays.,other,low,synthetic,a2,,
may taong pilit na pumapasok sa bahay ng kapitbahay namin kahit ayaw siyang papasukin,public_safety,high,synthetic,a3,,
pano po mag-apply ng sariling water connection meron po ba kayong listahan ng requirements dyan,utilities,low,synthetic,a1,,taglish
may schedule po ba ng anti rabies vaccination for pets this month gusto ko sana ipabakuna si aso,public_health_sanitation,low,synthetic,a1,,taglish
Just want to confirm if the barangay office on D. Cesa Street is open on Saturdays.,other,low,synthetic,a2,,
Barangay tanod reports an increase in snatching incidents along Balite Street tuwing Sabado ng gabi.,public_safety,high,synthetic,a2,unsure,
MAY PATAY NA HAYOP PO SA GILID NG KALSADA SOBRANG BAHO NA AT MADAMING LANGAW,public_health_sanitation,high,synthetic,a3,,
may kapitbahay pong nagbabanta sa amin dahil sa hindi pagkakaunawaan tungkol sa boundary,neighbor_dispute,high,synthetic,a3,,
may kapitbahay po kaming naglalabas ng maruming tubig papunta sa property namin,neighbor_dispute,medium,synthetic,a3,,
we have not eaten since yesterday and i have an infant is there any food aid available right now,social_welfare,high,synthetic,a1,,en
paano po mag-request ng copy ng isang public barangay resolution,other,low,synthetic,a3,,
may nakita pong bukas na gate sa isang abandoned building at may mga taong pumapasok sa gabi,public_safety,medium,synthetic,a3,,
yung poste po sa likod ng court parang na corrode na yung base medyo gumagalaw na pag malakas ang hangin,road_infrastructure,medium,synthetic,a1,,taglish
"Open manhole cover near the school on Penguin Street, a child almost fell in.",public_safety,high,synthetic,a2,unsure,
gud am po ask lang kung kelan ang next schedule ng declogging dito sa amin baka mag-rainy season na naman,utilities,low,synthetic,a1,,taglish
marami pong ipis sa paligid ng public restroom lalo na kapag gabi,public_health_sanitation,medium,synthetic,a3,,
PAKI TULONG PO MAY MARAMING DAGA SA PALIGID NG PALENGKE AT PUMAPASOK NA SA MGA BAHAY,public_health_sanitation,high,synthetic,a3,,
"Power outage sa buong Purok 5 simula kagabi, ilang oras na.",utilities,high,synthetic,a2,unsure,
Just asking for directions to the nearest satellite barangay office from Mindanao Street.,other,low,synthetic,a2,,
lubak lubak yung daan papunta sa Puremart hirap dumaan ang mga sasakyan,road_infrastructure,medium,synthetic,a3,,
pwede po ba ma-schedule yung anti-scam orientation para sa mga senior dito sa purok namin madami na po nabibiktima,public_safety,low,synthetic,a1,,taglish
good morning po tanong ko lang kung meron bang schedule ng pag concrete sa Bocalan St,road_infrastructure,low,synthetic,a3,,
pa update naman po sa timeline ng construction ng bagong daycare building thank you po,road_infrastructure,low,synthetic,a1,unsure,taglish
Just asking for directions to the nearest satellite barangay office from D. Cesa Street.,other,low,synthetic,a2,,
may mga basurang inanod papunta sa drainage pagkatapos ng ulan,public_health_sanitation,medium,synthetic,a3,,
may hindi pagkakaunawaan po kami tungkol sa utang at gusto namin sana ng barangay mediation,neighbor_dispute,medium,synthetic,a3,,
SUNOG PO SA MALAPIT SA C MONTANO STREET KAILANGAN PO NG BUMBERO AGAD,public_safety,high,synthetic,a3,,
may malaking infestation ng daga sa likod ng market at pumapasok na sa mga tindahan,public_health_sanitation,high,synthetic,a3,,
"Illegal dumping of construction debris along D. Cesa Street, blocking the waterway.",public_health_sanitation,medium,synthetic,a2,,
salamat po sa mabilis na aksyon nung nakaraang linggo,other,low,synthetic,a1,,tl
my husband has tb and needs maintenance medicine every month can the barangay help with the cost we are running out of savings,social_welfare,medium,synthetic,a1,unsure,en
Where can we dispose of old paint cans and used motor oil? We do not want to throw them with the regular trash.,public_health_sanitation,low,synthetic,a1,,en
may sirang faucet sa public restroom at tuloy tuloy ang pag-agos ng tubig,public_health_sanitation,low,synthetic,a3,,
"Open manhole cover near the school on Bohol Street, a child almost fell in.",public_safety,high,synthetic,a2,unsure,
Rat infestation reported near the public market in Zone 1.,public_health_sanitation,medium,synthetic,a2,,
nagpapaalam lang po na hindi po nakarating ang pensyon ni tatay ngayong buwan pangalawang beses na po itong nangyari,social_welfare,medium,synthetic,a1,,tl
Family displaced by flood in Zone 3 needs relief goods and temporary shelter.,social_welfare,high,synthetic,a2,unsure,
Unsecured vacant house on Balite Street being used as a hangout by unknown individuals at night.,public_safety,medium,synthetic,a2,,
Persistent shouting matches between roommates disturbing the whole apartment building on Balite Street.,neighbor_dispute,medium,synthetic,a2,,
Ano po ang operating hours ng barangay hall sa Purok 5?,other,low,synthetic,a2,,
may sirang drainage cover sa main road at malalim ang butas sa ilalim,road_infrastructure,high,synthetic,a3,,
sobrang alikabok sa daan papuntang Montano dahil sa construction,road_infrastructure,low,synthetic,a3,,
"yung signage po sa tapat ng chapel medyo pahiwatig lang, pwede po kaya palitan paminsan lang naman",road_infrastructure,low,synthetic,a3,,
PATULONG PO MAY BUMABAHANG MADUMING TUBIG SA LIKOD NG BAHAY NAMIN SOBRANG BAHO NA,public_health_sanitation,high,synthetic,a3,,
matagal na hindi kinukolekta yung basura sa may Montano street amoy na,public_health_sanitation,medium,synthetic,a3,,
pwede po bang humingi ng schedule ng power restoration sa lugar namin,utilities,low,synthetic,a3,,
"Property line encroachment complaint, neighbor built a wall past the agreed boundary in Purok 3.",neighbor_dispute,medium,synthetic,a2,,
"Concrete lamp post leaning after roadworks on Cebu Street, needs to be re-anchored.",road_infrastructure,medium,synthetic,a2,,
may naiwan na maraming food containers sa plaza matapos ang event at nagsisimula nang pamugaran ng langaw,public_health_sanitation,medium,synthetic,a3,,
may tumagas na maruming sewage sa tapat ng mga bahay namin at dumadaloy sa kalsada,public_health_sanitation,high,synthetic,a3,,
ma request po sana ng guardrail sa curve papuntang purok 6 wala pong harang tapos mataas yung gilid papunta sa bangin,road_infrastructure,medium,synthetic,a1,,taglish
hindi ko po alam kung saan ito dapat may problema po kasi kami dito sa amin matagal na po sana may makatulong,other,medium,synthetic,a1,,tl
WE WERE EVICTED THIS MORNING AND WE ARE NOW ON THE STREET WITH TWO SMALL CHILDREN PLEASE HELP US TONIGHT,social_welfare,high,synthetic,a1,,en
may malaking butas sa C. Montano St. malapit sa simbahan delikado lalo pag umuulan,road_infrastructure,high,synthetic,a3,,
sana po bigyan ng priority yung matatanda pagdating sa pila ng ayuda,social_welfare,medium,synthetic,a3,,
My father had a stroke and can no longer walk. Is there any assistance available for a wheelchair or for therapy sessions?,social_welfare,medium,synthetic,a1,,en
"Stray dogs roaming in packs, chasing children near the school in Purok 3.",public_safety,medium,synthetic,a2,,
may naiwang bag sa may Alfamart baka delikado dapat i-check,public_safety,medium,synthetic,a3,,
may lubid na nakatali sa poste at tumatawid sa walkway kaya puwedeng matisod ang tao,public_safety,medium,synthetic,a3,,
"Malnourished children reported in Purok 4, requesting feeding program support.",social_welfare,high,synthetic,a2,unsure,
may mga bata pong naglalaro malapit sa construction site kahit may warning signs,public_safety,medium,synthetic,a3,,
may taong sumusunod sa mga estudyante tuwing uwian at pinapansin na nila ito,public_safety,high,synthetic,a3,,
Just want to confirm if the barangay office on A. Fojas Street is open on Saturdays.,other,low,synthetic,a2,,
sino po ang pwedeng lapitan kung gusto kong mag-volunteer sa mga programa para sa kabataan,other,low,synthetic,a1,,tl
bedridden na po ang lola ko hindi na siya makalakad paano po kaya makukuha ang ID niya kailangan po sa ospital sa susunod na buwan,social_welfare,medium,synthetic,a1,,tl
Landlord threatening to evict a tenant without proper notice in Purok 6.,neighbor_dispute,medium,synthetic,a2,,
Just asking for directions to the nearest satellite barangay office from A. Fojas Street.,other,low,synthetic,a2,,
yung tulay papuntang purok 3 medyo sira na yung gilid,road_infrastructure,medium,synthetic,a3,,
sana po magkaroon ng basurahan sa bagong waiting area,public_health_sanitation,low,synthetic,a3,,
yung kalsada po sa may elementary school sobrang dulas dahil sa putik,road_infrastructure,medium,synthetic,a3,,
nasira po yung footbridge papuntang market medyo mahirap tawirin ngayon,road_infrastructure,medium,synthetic,a3,,
may problema po kami sa kapitbahay tungkol sa puno na lumalampas sa aming bakuran,neighbor_dispute,low,synthetic,a3,,
pwede po ba ma-rush ung clearance ko kasi deadline na ng renewal ng negosyo sa city sa friday,other,medium,synthetic,a1,,taglish
parang mali yung metro namin sobrang taas ng bill ngayong buwan kumpara dati pwede po bang patingin,utilities,medium,synthetic,a1,,tl
hiwalay na po ako sa mister ko at ako lang po ang bumubuhay sa tatlong bata ano po kaya ang pwede kong asikasuhin dito sa inyo,social_welfare,medium,synthetic,a1,,tl
Good evening. My daughter is scheduled for dialysis tomorrow morning and we are short of funds. We are begging for any help today.,social_welfare,high,synthetic,a1,,en
SUNOG PO MAY NASUSUNOG NA BAHAY DITO SA AMIN PAKIBILISAN PO,public_safety,high,synthetic,a1,,tl
sunod sunod ang brownout nitong linggo at nasisira na ang ilang kagamitan namin,utilities,medium,synthetic,a3,,
may kapitbahay pong paulit ulit nagpapalakas ng videoke kahit madaling araw na,neighbor_dispute,medium,synthetic,a3,,
nagsisimula na pong lumubog at mabitak ang kalahati ng tulay pakidaanan naman po agad baka bumigay ito sa mga dumadaan,road_infrastructure,high,synthetic,a1,,tl
sana po ma-post ulit sa bulletin board yung updated list ng hotline numbers kasi yung luma po hindi na daw gumagana,other,low,synthetic,a1,,taglish
Collapsed section of retaining wall along Balite Street after heavy rain.,road_infrastructure,high,synthetic,a2,unsure,
pwede po ba mag-report ng carinderia na nagbebenta ng expired na softdrinks nag-lbm kasi yung pamangkin ko,public_health_sanitation,medium,synthetic,a1,,taglish
"Nag-aaway ang magkapitbahay sa Zone 1 tungkol sa hangganan ng lupa, umaabot na sa banggaan.",neighbor_dispute,high,synthetic,a2,unsure,
Good day. I am requesting to be included in the list for the upcoming work program as I am currently unemployed. Thank you for your consideration.,social_welfare,medium,synthetic,a1,,en
may sewage leak po sa gilid ng kalsada at madalas dumadaan ang mga bata doon,public_health_sanitation,high,synthetic,a3,,
sana po magkaroon ng mas madaling paraan para makita ang announcements ng barangay,other,low,synthetic,a3,,
"Brownout every afternoon for five days, affecting small businesses on Tramo Road.",utilities,medium,synthetic,a2,,
may chemical-like na amoy po sa tubig namin at natatakot kaming gamitin sa pagluluto,public_health_sanitation,high,synthetic,a3,,
pwede po bang humingi ng copy ng public notice na inilabas ng barangay,other,low,synthetic,a3,,
may mga basurang nakakalat sa palengke pagkatapos ng market day at hindi agad nalilinis,public_health_sanitation,medium,synthetic,a3,,
just want to ask po kung meron pang available na slot sa senior citizen program,social_welfare,low,synthetic,a3,,
Asking for a copy of the barangay ordinance on curfew hours.,other,low,synthetic,a2,,
Good day. I would like to request the installation of a security camera at the entrance of our purok. Several residents have reported missing items. Thank you.,public_safety,low,synthetic,a1,,en
there is a dead pig dumped in the creek and the stench is all over the neighborhood people downstream still use that water,public_health_sanitation,high,synthetic,a1,,en
Multiple potholes on Cebu Street unrepaired for five days.,road_infrastructure,low,synthetic,a2,,
may malaking bitak po sa daan malapit sa waiting shed baka lumala kapag tuloy tuloy ang ulan,road_infrastructure,medium,synthetic,a3,,
napakataas po ng bagong hump sa daan sumasagi na ang ilalim ng traysikel namin pwede po bang ipababa ng konti,road_infrastructure,medium,synthetic,a1,,tl
Good day. May I ask what documents are required for a certificate of residency? Thank you.,social_welfare,low,synthetic,a1,,en
Requesting ayuda dahil apektado ng power outage sa Zone 1 at nasira ang mga pagkain sa refrigerator.,social_welfare,medium,synthetic,a2,,
hindi po umaandar ang bomba sa istasyon kaya patuloy na tumataas ang baha sa mababang bahagi ng amin,utilities,high,synthetic,a1,,tl
they burn and dump at the back of the compound at night the ash and smoke enter our windows and my baby cannot breathe,public_health_sanitation,high,synthetic,a1,unsure,en
gumuho po ang pader ng kanal kasama ang kalahati ng daan kanina nakaawang na po sana matakpan bago gumabi,road_infrastructure,high,synthetic,a1,,tl
paulit ulit pong bumabagsak ang kuryente tuwing hapon simula nang uminit ang panahon,utilities,medium,synthetic,a1,,tl
"Broken drainage canal cover along Penguin Street, patag na at may sira ang laman, pero walang baha na naganap.",road_infrastructure,low,synthetic,a2,,
paano po ba mag-renew ng PWD ID ng anak ko na-expire na po kasi last year pa,social_welfare,low,synthetic,a1,,taglish
"yung health center po namin sira na yung aircon matagal na, mainit sobra pag maraming pasyente",public_health_sanitation,medium,synthetic,a3,,
tanong lang po kung kelan matatapos yung roadwork sa Montano street,road_infrastructure,low,synthetic,a3,,
The gas tank at the carinderia caught fire and the flames are already reaching the roof. Please send the fire department immediately.,public_safety,high,synthetic,a1,,en
for your information the manhole cover near the outpost rattles loudly every time a truck passes and residents nearby cannot sleep,road_infrastructure,medium,synthetic,a1,,en
"Malnourished children reported in Purok 1, requesting feeding program support.",social_welfare,high,synthetic,a2,unsure,
kasama po ba yung kalye namin sa proyekto sa kanal sana po,road_infrastructure,low,synthetic,a1,unsure,tl
may utang po sakin yung kapitbahay ko last year pa nag-promise na babayaran pero ngayon ni-block na ako sa messenger,neighbor_dispute,medium,synthetic,a1,,taglish
Just want to confirm if the barangay office on Catanduanes Street is open on Saturdays.,other,low,synthetic,a2,,
I would like to request a copy of the official receipt for the permit fee I paid last month for our records.,other,medium,synthetic,a1,,en
gusto po sana naming malaman kung may emergency assistance para sa mga nasalanta ng bagyo,social_welfare,medium,synthetic,a3,,
"Financial assistance needed, nasunugan ang bahay namin sa Purok 2 kahapon.",social_welfare,high,synthetic,a2,unsure,
Please clarify the new rule on holding a block party. We were told to secure a separate approval from your office.,other,medium,synthetic,a1,,en
may kakaibang kulay at amoy ang tubig sa communal faucet namin simula kaninang umaga,public_health_sanitation,high,synthetic,a3,,
"Kapitbahay namin sa Cebu Street ay maingay tuwing madaling araw, hindi kami makatulog.",neighbor_dispute,medium,synthetic,a2,,
Paano po mag-apply ng ayuda para sa mga senior citizen sa Purok 5?,social_welfare,low,synthetic,a2,,
gusto ko po sanang malaman kung pwede humingi ng tulong sa barangay para maresolba ang away namin sa boundary,neighbor_dispute,low,synthetic,a3,,
may sirang CCTV camera sa entrance ng subdivision sana po ma-check,public_safety,medium,synthetic,a3,,
YUNG POSTE SA TABI NG BAHAY NAMIN NAKAHILIG NA SOBRA PAGKATAPOS NG HANGIN KAGABI BAKA BUMAGSAK,road_infrastructure,high,synthetic,a1,,tl
sir do you have a suggestion box? i have a few ideas about the queueing system in the hall,other,low,synthetic,a1,,en
nirenew ko na po ang papeles ng tindahan noong isang linggo pero wala pa rin pong lumalabas pabilisan naman po,other,medium,synthetic,a1,,tl
may nakatambak na basura sa gilid ng daycare na ilang araw nang hindi nakokolekta,public_health_sanitation,medium,synthetic,a3,,
may malakas na tunog sa transformer tuwing gabi sana po ma-check para safe,utilities,high,synthetic,a3,,
may electrical box po sa labas na hindi maayos ang pagkakasara,utilities,high,synthetic,a3,,
"Request for repair of a damaged road railing near the bridge on Leyte Street, risk of falling.",road_infrastructure,high,synthetic,a2,unsure,
yung pedestrian ramp sa health center sobrang taas ng sira kaya hirap umakyat ang naka-wheelchair,road_infrastructure,medium,synthetic,a3,,
paulit ulit pong may nag-iiwan ng gamit sa tapat ng bahay namin kahit pinagsasabihan na,neighbor_dispute,medium,synthetic,a3,,
"part of the court roof was ripped off by the wind and the sheets are hanging over the walkway, someone will get hit",road_infrastructure,high,synthetic,a1,,en
may grupo ng riders na nag-iingay at mabilis magpatakbo tuwing madaling araw,public_safety,medium,synthetic,a3,,
the public toilet at the covered court is unusable no water and very dirty kindly assign someone to clean it regularly,public_health_sanitation,medium,synthetic,a1,,en
Collapsed section of retaining wall along Penguin Street after heavy rain.,road_infrastructure,high,synthetic,a2,unsure,
Landlord threatening to evict a tenant without proper notice in Purok 3.,neighbor_dispute,medium,synthetic,a2,,
"the electric wires along our street are hanging very low, a delivery truck almost snagged them yesterday, for your immediate action please",utilities,medium,synthetic,a1,unsure,en
nabali yung hawakan sa tulay muntik na mahulog sa sapa,road_infrastructure,high,synthetic,a1,,tl
Good day. May I ask what the usual procedure is for requesting a mediation session between two households here. Thank you.,neighbor_dispute,low,synthetic,a1,,en
"Stray cats multiplying in a vacant lot on D. Cesa Street, some appear aggressive toward passersby.",public_safety,low,synthetic,a2,,
alas dos po magsisimula ang programa namin sa covered court pero may ibang grupo pong naglalaro doon ngayon sino po ba ang may hawak ng iskedyul,other,high,synthetic,a1,,tl
may pamilya pong lumikas matapos bahain ang loob ng kanilang bahay at wala silang matulugan ngayong gabi,social_welfare,high,synthetic,a3,,
WALA PO KAMING KURYENTE SA BUONG STREET AT MAY MGA SENIOR NA KAILANGAN NG MEDICAL EQUIPMENT,utilities,high,synthetic,a3,,
URGENT PO MAY NANG AABUSO SA ASAWA NIYA KATABI NAMIN NARIRINIG NAMIN ANG SIGAWAN,neighbor_dispute,high,synthetic,a3,,
sino po ba ang kagawad namin ngayon dito sa sitio,other,low,synthetic,a1,,tl
"Noise complaint: loud videoke from a neighboring house tuwing gabi, residents can't rest.",neighbor_dispute,high,synthetic,a2,unsure,
"Minors seen violating curfew hours, loitering near the plaza late at night.",public_safety,low,synthetic,a2,,
Good afternoon. Is there a list of available programs for out of school youth in our area? Thank you.,social_welfare,low,synthetic,a1,unsure,en
may malaking bato at debris sa kalsada pagkatapos ng ulan,road_infrastructure,medium,synthetic,a3,,
Paano po mag-apply ng ayuda para sa mga senior citizen sa Purok 6?,social_welfare,low,synthetic,a2,,
may maximum file size po ba para sa attachments sa online complaint form,other,low,synthetic,a3,,
"Our neighbor's house is being robbed right now, two men went in through the back. We locked ourselves inside and cannot go out.",public_safety,high,synthetic,a1,,en
pwede po bang magpa-schedule ng appointment sa barangay secretary online,other,low,synthetic,a3,,
pano po kung ayaw kong magpakilala pwede pa rin po ba magreport,public_safety,low,synthetic,a1,,taglish
gusto ko po sanang malaman kung may libreng tolda at upuan na pwedeng hiramin para sa lamay,other,low,synthetic,a1,,tl
ask ko lang po kung kasama ba ang street namin sa ipapa concrete this year curious lang po walang hurry,road_infrastructure,low,synthetic,a1,,taglish
may mga estranghero na paikot ikot sa may basketball court gabi gabi kahina hina,public_safety,high,synthetic,a3,,
URGENT PO 2 HOURS NALANG MAGSISIMULA UNG PROGRAMA NAMIN SA COURT PERO NAKA-LOCK UNG GATE SINO PO MAY HAWAK NG SUSI,other,high,synthetic,a1,,taglish
suggest ko lang po sana ma-budget yung ilaw plus regular na rounds sa may creek kasi dun po madalas may nangho-holdap,public_safety,low,synthetic,a1,unsure,taglish
"yung tenant po namin ayaw umalis kahit tapos na ang kontrata, ano po dapat gawin",neighbor_dispute,medium,synthetic,a3,,
Just asking for directions to the nearest satellite barangay office from Bohol Street.,other,low,synthetic,a2,,
nagkakaroon po kami ng problema sa tubig na ginagamit naming magkapitbahay at gusto sana naming maayos sa mediation,neighbor_dispute,medium,synthetic,a3,,
may mga lalagyan ng pagkain na naiwan sa tabi ng kanal at kinakalkal ng mga hayop,public_health_sanitation,medium,synthetic,a3,,
may senior citizen po na hindi nakatanggap ng kanilang benefit at gusto sanang mag-follow up,social_welfare,medium,synthetic,a3,,
"sir kindly consider adding one more round at dawn, most of the incidents here happen between 2am and 4am when no one is around",public_safety,low,synthetic,a1,,en
may tumutulong tubig mula sa ilalim ng kalsada at lumalaki ang basang bahagi,utilities,medium,synthetic,a3,,
MY SON WAS BITTEN BY A STRAY DOG THIS MORNING NEAR THE STORE WE NEED HELP WITH THE VACCINE PLEASE,public_health_sanitation,high,synthetic,a1,,en
na-corner po ng mga tao yung lalaki na nanakaw ng bag gugulpihin na po nila pakipigil po bago may masaktan,public_safety,high,synthetic,a1,,taglish
totoo po ba na may brownout bukas schedule po ba yan,utilities,low,synthetic,a1,,tl
sino po ba ang kausap kung may gustong mag donate ng gamot sa health center,public_health_sanitation,low,synthetic,a1,,tl
Requesting ayuda dahil apektado ng power outage sa Zone 2 at nasira ang mga pagkain sa refrigerator.,social_welfare,medium,synthetic,a2,,
PAKI ACTION PO ITO MAY NAGTAPON NG HOSPITAL WASTE SA LIKOD NG BAHAY NAMIN MAY DUGO SA MGA PLASTIC,public_health_sanitation,high,synthetic,a1,,taglish
may bahagi ng aming street na walang tubig pero may supply naman sa kabilang street,utilities,medium,synthetic,a3,,
mahina po ang tubig namin tuwing umaga at hindi sapat para sa pang-araw-araw na gamit,utilities,medium,synthetic,a3,,
pwede po malaman kung may scheduled power interruption bukas sa lugar namin,utilities,low,synthetic,a3,,
sana magkaroon ng regular disinfection dito sa amin lalo ngayon may sakit,public_health_sanitation,low,synthetic,a3,,
sana po magkaroon ng feedback box o online form para mas madaling magsabi ng concerns ang mga residente,other,low,synthetic,a3,,
Foul smell coming from a clogged septic tank shared by several households in Purok 2.,public_health_sanitation,medium,synthetic,a2,,
Report of possible drug activity happening in an alley tuwing gabi.,public_safety,high,synthetic,a2,unsure,
may putik at maruming tubig sa paligid ng communal washing area,public_health_sanitation,medium,synthetic,a3,,
ask ko lang po kung ano yung papel na binibigay kapag hindi nagkasundo need ko po ba yun bago mag-small claims,neighbor_dispute,low,synthetic,a1,,taglish
may schedule po ba ng consultation tungkol sa proposed barangay ordinance,other,low,synthetic,a3,,
Ano po ang operating hours ng barangay hall sa Purok 6?,other,low,synthetic,a2,,
qualified po kaya kami sa cash assistance hindi po kasi kami sigurado,social_welfare,low,synthetic,a1,,tl
may lalaki pong hawak ay itak hinahabol ang kapatid niya sa kalsada ngayon na po paki puntahan,public_safety,high,synthetic,a1,,tl
sana po magkaroon ng estimated processing time sa bawat type ng barangay request,other,low,synthetic,a3,,
may sunog po sa maliit na tindahan malapit sa residential area pakiresponde agad,public_safety,high,synthetic,a3,,
yung hagdan papunta sa barangay facility wala nang ilaw at mahirap makita ang mga baitang,road_infrastructure,medium,synthetic,a3,,
Question about how to file feedback about a barangay employee.,other,low,synthetic,a2,,
WALANG ILAW BUONG KALYE MULA KAGABI MAY NAKARATAY KAMING PASYENTE DITO PAKI ASIKASO PO AGAD,utilities,high,synthetic,a1,,tl
may naiipong tubig sa mga lumang container sa tabi ng basketball court,public_health_sanitation,medium,synthetic,a3,,
Health center out of stock ng gamot para sa mga senior citizen.,public_health_sanitation,medium,synthetic,a2,,
Threats exchanged between two households in Zone 2 over a right-of-way disagreement.,neighbor_dispute,high,synthetic,a2,unsure,
"the canal beside our house is completely silted and even light rain makes the water back up into our yard, kindly have it cleared",utilities,medium,synthetic,a1,,en
may maruming drainage water na umaabot sa pedestrian area,public_health_sanitation,high,synthetic,a3,,
Family displaced by flood in Zone 1 needs relief goods and temporary shelter.,social_welfare,high,synthetic,a2,unsure,
tumatahol buong gabi yung mga aso ng katabi namin hindi na kami nakakatulog,neighbor_dispute,medium,synthetic,a1,,tl
"Low water pressure since last night, barely enough for daily use.",utilities,low,synthetic,a2,,
wala pong ilaw sa daan galing simbahan papuntang bahay namin,road_infrastructure,medium,synthetic,a3,,
may puno sa pagitan ng dalawang bahay na parehong inaangkin ng magkabilang panig,neighbor_dispute,medium,synthetic,a3,,
sobrang baba ng water pressure sa amin lalo pag umaga,utilities,low,synthetic,a3,,
may mabahong amoy sa paligid ng slaughter area at umaabot hanggang sa residential street,public_health_sanitation,high,synthetic,a3,,
sana po magkaroon ng additional trash bins sa paligid ng playground,public_health_sanitation,low,synthetic,a3,,
the typhoon took our roof and we are sleeping in the open with my bedridden mother we need help today,social_welfare,high,synthetic,a1,,en
gusto ko po sana mag-volunteer sa pagluluto para sa mga bata baka po may slot kayo tuwing weekend,social_welfare,low,synthetic,a1,unsure,taglish
"Suspicious van parked outside the school on Antero Soriano Highway for two days now, possible casing for theft.",public_safety,high,synthetic,a2,unsure,
pwede po bang ayusin yung curb sa corner dahil palaging naiipunan ng tubig,road_infrastructure,medium,synthetic,a3,,
General inquiry about the upcoming barangay assembly schedule in Zone 1.,other,low,synthetic,a2,,
tanong ko lang po kung libre ba yung water maintenance check,utilities,low,synthetic,a3,,
may naiwan po akong payong sa loob ng session hall noong miyerkules baka po nakita ninyo,other,low,synthetic,a1,,tl
may mabahong amoy po mula sa drainage tuwing hapon at umaabot sa mga bahay,public_health_sanitation,medium,synthetic,a3,,
meron po bang scholarship program ang barangay para sa mga estudyante,social_welfare,low,synthetic,a3,,
amoy usok galing sa sunog na basura malapit sa simbahan,public_health_sanitation,medium,synthetic,a3,,
pwede po bang humiling ng camera sa may kanto ng Purok 4 kasi madalas may nawawalang gamit dun,public_safety,low,synthetic,a1,,tl
Missing road signage at a dangerous intersection near Catanduanes Street.,road_infrastructure,medium,synthetic,a2,,
nawawala po yung aso namin kulay brown baka po may nakakita,other,low,synthetic,a1,,tl
yung poste malapit sa Puremart may spark kanina medyo nakakatakot,utilities,high,synthetic,a3,,
Discolored tap water reported by several households in Purok 7.,utilities,medium,synthetic,a2,,
may nakalitaw pong mga bakal sa gitna ng kalsada galing sa lumang cover nasabit na po dun yung gulong ng motor kanina,road_infrastructure,high,synthetic,a1,,taglish
sobrang dumi ng paligid ng basketball court maraming pwet ng sigarilyo,public_health_sanitation,low,synthetic,a3,,
unti unti na pong nabibitak ang semento sa gitna ng daan papasok ng purok 4 mukhang lalala pag dumating ang tag ulan,road_infrastructure,medium,synthetic,a1,,tl
may information desk po ba para sa residents na hindi alam kung anong service ang kailangan nila,other,low,synthetic,a3,,
Paano po mag-request ng barangay clearance online?,other,low,synthetic,a2,,
may tumutulong tubig mula sa main pipe at mabilis na binabaha ang gilid ng street,utilities,high,synthetic,a3,,
may grupo ng tao na nag-aaway sa labas ng school at may mga estudyanteng natatakot,public_safety,high,synthetic,a3,,
may estudyante pong kailangan ng school supplies pero kapos talaga ang pamilya,social_welfare,medium,synthetic,a3,,
Landlord threatening to evict a tenant without proper notice in Purok 7.,neighbor_dispute,medium,synthetic,a2,,
Cracked road surface on Antero Soriano Highway causing motorcycle accidents during rainy season.,road_infrastructure,high,synthetic,a2,unsure,
yung tenant namin ayaw umalis kahit tapos na ang kontrata,neighbor_dispute,medium,synthetic,a3,,
sira na aircon ng health center matagal na hindi maayos,public_health_sanitation,medium,synthetic,a3,,
yung waiting shed sa may terminal may butas sa bubong kaya nababasa ang naghihintay,road_infrastructure,medium,synthetic,a3,,
may kakaibang amoy at tunog mula sa electrical transformer malapit sa mga bahay,utilities,high,synthetic,a3,,
"Elderly resident living alone in Purok 6 needs medical assistance, walang tumutulong na kamag-anak.",social_welfare,high,synthetic,a2,unsure,
paano po ba magpaschedule ng pag uusap sa barangay kasama yung kapitbahay ko,neighbor_dispute,low,synthetic,a1,,tl
hindi kami magkasundo kung sino magbabayad sa linya ng tubig na pinaghahatian namin,neighbor_dispute,medium,synthetic,a1,,tl
ngayon na po ang huling araw ng pagpapalista ng botante at kailangan ko pa raw ng katunayan galing sa inyo bago mag alas kwatro tulong naman po,other,high,synthetic,a1,,tl
pwede po bang malaman kung may fee ang pagkuha ng certified true copy ng barangay document,other,low,synthetic,a3,,
sobrang baha sa may basketball court kapag umuulan delikado na,utilities,high,synthetic,a3,,
PAKI FOLLOW UP NAMAN PO YUNG PENSYON NI NANAY TATLONG BUWAN NA PONG WALANG DUMARATING NAKAKAPAGOD NA PO MAGBALIK BALIK,social_welfare,medium,synthetic,a1,,taglish
ilang beses na nagbrownout ngayong linggo halos araw araw na,utilities,medium,synthetic,a1,,tl
Paano po mag-apply ng ayuda para sa mga senior citizen sa Purok 1?,social_welfare,low,synthetic,a2,,
delikado maglakad sa gabi papuntang Alfamart walang ilaw at maraming tambay,public_safety,medium,synthetic,a3,,
we share one water line with the house next door and they have not paid their share for four months already,neighbor_dispute,medium,synthetic,a1,,en
hi is there a free deworming schedule for kids this quarter,public_health_sanitation,low,synthetic,a1,,en
yung sasakyan po ng kapitbahay lagi nakaharang sa garahe namin,neighbor_dispute,medium,synthetic,a3,,
matagal na po kaming iniinis ng kapitbahay namin ayaw na po naming lumabas ng bahay,neighbor_dispute,high,synthetic,a1,,tl
kailangan ko po ng papel na patunay na wala akong kita para po sa kaso namin ng kapitbahay ano po ang unang gagawin,social_welfare,low,synthetic,a1,unsure,tl
may solo parent po na gustong malaman kung may available na support program,social_welfare,low,synthetic,a3,,
ngayong umaga po nagsimula na silang magtayo ng haligi sa gitna ng lupa namin habang wala kaming magawa sana po may makapunta agad,neighbor_dispute,high,synthetic,a1,,tl
paano po magreport ng abandoned vehicle sa aming street,public_safety,low,synthetic,a3,,
may mga taong palaging nagtatambay sa madilim na eskinita at hindi namin kilala,public_safety,medium,synthetic,a3,,
Good day. Our electric bill has doubled this month despite no change in our consumption. We would like to request assistance in disputing this. Thank you.,utilities,medium,synthetic,a1,,en
sana naman po may talakayan laban sa ipinagbabawal na gamot para sa mga kabataan ngayong bakasyon,public_safety,low,synthetic,a1,,tl
Want to know the process for registering a new business permit in Zone 2.,other,low,synthetic,a2,,
nagkakalampag po yung takip ng kanal sa tapat ng tindahan tuwing may dumadaang sasakyan baka po mabali na yan isang araw,road_infrastructure,medium,synthetic,a1,,tl
paano po magreport ng sirang poste ng streetlight,utilities,low,synthetic,a3,,
paano po magreport kung may taong nang-iistorbo sa mga dumadaan sa plaza,public_safety,low,synthetic,a3,,
just asking lang po what time po nagbubukas ang barangay hall tuwing sabado,other,low,synthetic,a3,,
"Report of an armed altercation near Catanduanes Street, residents scared to go outside.",public_safety,high,synthetic,a2,unsure,
"Illegal dumping of construction debris along Mindanao Street, blocking the waterway.",public_health_sanitation,medium,synthetic,a2,,
paulit ulit pong namamatay ang kuryente sa street namin nitong mga nakaraang araw,utilities,medium,synthetic,a3,,
"good day, a fake charity collector came to our gate asking for donations and copies of our ID, other houses said the same person visited them. please warn the residents",public_safety,medium,synthetic,a1,,en
Want to know the process for registering a new business permit in Purok 4.,other,low,synthetic,a2,,
sobrang tagal na po ng hintayan para sa senior citizen pension,social_welfare,medium,synthetic,a3,,
nasunog po yung bahay namin kaninang madaling araw wala na po kaming damit at pagkain pwede po ba kaming ma-assist ngayon,social_welfare,high,synthetic,a1,,taglish
gud pm po ask lang kung pwede ba ma-install ng brgy yung camera sa entrance ng eskinita namin willing po kami mag-share sa cost,public_safety,low,synthetic,a1,,taglish
walang tubig kami mula kagabi malapit sa Montano street hindi alam kung bakit,utilities,high,synthetic,a3,,
may maruming yelo at tubig na tumutulo mula sa fish stalls papunta sa walkway,public_health_sanitation,medium,synthetic,a3,,
"Financial assistance needed, nasunugan ang bahay namin sa Purok 5 kahapon.",social_welfare,high,synthetic,a2,unsure,
"Low water pressure for five days, barely enough for daily use.",utilities,low,synthetic,a2,,
tuwing umuulan naiipon yung tubig sa ilalim ng bahay namin hindi natutuyo,public_health_sanitation,medium,synthetic,a1,,tl
yung hagdan sa footpath papuntang palengke may nawawalang baitang delikado po sa matatanda,road_infrastructure,high,synthetic,a3,,
gusto ko lang po sana magpasalamat sa mabilis na tulong noong nagreklamo ako,other,low,synthetic,a3,,
sobrang ingay ng bahay katabi namin tuwing may inuman sila,neighbor_dispute,medium,synthetic,a3,,
salamat po sa pagkumpuni sa butas sa kanto ayos na ayos may isa pa po pala sa dulo pwede rin kaya,road_infrastructure,low,synthetic,a1,,tl
may sirang security light sa entrance ng barangay facility kaya madilim sa gabi,public_safety,medium,synthetic,a3,,
matagal na po hindi nagawang ayusin yung karatula ng barangay hall,other,low,synthetic,a3,,
pwede po bang magkaroon ng safety patrol malapit sa school tuwing uwian,public_safety,medium,synthetic,a3,,
pwede po bang magkaroon ng garbage collection point sa kabilang purok,public_health_sanitation,low,synthetic,a3,,
yung ate ko buntis walang matirhan meron po bang tulong ang barangay,social_welfare,medium,synthetic,a3,,
Good day. I am following up on my application for a permit to operate a small canteen. Two weeks and no update.,other,medium,synthetic,a1,,en
Discolored tap water reported by several households in Purok 1.,utilities,medium,synthetic,a2,,
NO WATER AND ELECTRICITY FOR TWO DAYS NA PO SA AMIN PAKI CHECK NAMAN PO AGAD,utilities,high,synthetic,a3,,
may mga bata pa rin na gala kahit lagpas na sa curfew palagi,public_safety,medium,synthetic,a1,,tl
sana po ma-post niyo sa page yung updated collection days kasi lagi kaming naco-confuse,public_health_sanitation,low,synthetic,a1,,taglish
yung flagpole po sa harap ng hall medyo tagilid na pero di naman po urgent baka pwede i straighten pag may time kayo,road_infrastructure,low,synthetic,a1,,taglish
may kuryente naman po pero sobrang hina at kumikislap ang mga ilaw,utilities,high,synthetic,a3,,
pwede po bang ma-request yung listahan ng mga qualified gusto lang po namin malaman kung kasama ba kami o hindi,social_welfare,medium,synthetic,a1,,taglish
"Property line encroachment complaint, neighbor built a wall past the agreed boundary in Zone 3.",neighbor_dispute,medium,synthetic,a2,,
"Report of dengue cases rising in Purok 3, need fogging operation.",public_health_sanitation,high,synthetic,a2,unsure,
Illegal gambling activity reported behind a store on Balite Street.,public_safety,medium,synthetic,a2,,
may kapitbahay po na laging nagsusunog ng basura malapit sa bahay namin,neighbor_dispute,high,synthetic,a3,,
sana po maglagay kayo ng bubong sa pilahan sa labas mainit na mainit kami tuwing tanghali,other,low,synthetic,a1,unsure,tl
saan po ba maaaring magreport kung may nagtatapon ng basura sa hindi tamang lugar,public_health_sanitation,low,synthetic,a3,,
tanong lang po kung pwede pa ma-extend yung due date ng bayad sa tubig this month sweldo pa po kasi next week,utilities,low,synthetic,a1,,taglish
mungkahi ko lang po sana ilagay ninyo sa pahina ninyo sa internet ang mga anunsyo para alam namin agad,other,low,synthetic,a1,,tl
may hayop ang kapitbahay na palaging pumapasok sa bakuran namin,neighbor_dispute,low,synthetic,a3,,
Want to know the process for registering a new business permit in Zone 1.,other,low,synthetic,a2,,
there is a piggery near our street and the waste is being flushed into the open canal the smell is really bad,public_health_sanitation,medium,synthetic,a1,,en
"Electric post leaning dangerously after the storm on Turtle Street, may cause a power line outage.",utilities,medium,synthetic,a2,,
Family displaced by flood in Purok 4 needs relief goods and temporary shelter.,social_welfare,high,synthetic,a2,unsure,
matagal na sirang overpass sign sa may kanto ng Montano street,road_infrastructure,low,synthetic,a3,,
may nagtatapon ng basura sa likod ng multipurpose hall kahit may designated bins naman,public_health_sanitation,medium,synthetic,a3,,
"Walang tubig sa Penguin Street buong araw na, hindi na po ito unang beses mangyari.",utilities,medium,synthetic,a2,,
may mga basurang nabubulok na naiwan sa likod ng public market at dumami ang langaw,public_health_sanitation,high,synthetic,a3,,
tumumba na po ang pader ng covered court kanina may mga batang naglalaro dun nung mangyari yun pakiharangan po,road_infrastructure,high,synthetic,a1,,tl
may malaking tambak ng nabubulok na pagkain sa likod ng market at dumami ang peste,public_health_sanitation,high,synthetic,a3,,
i only want the incident recorded for now im not filing anything yet against the family beside us,neighbor_dispute,low,synthetic,a1,,en
Foul smell coming from a clogged septic tank shared by several households in Zone 3.,public_health_sanitation,medium,synthetic,a2,,
may aksidente po sa intersection at may taong nakahandusay sa kalsada,public_safety,high,synthetic,a3,,
may mga batang umaakyat sa bubong ng lumang waiting shed baka mahulog,public_safety,medium,synthetic,a3,,
may streetlight na nag-o-on at off buong gabi,utilities,medium,synthetic,a3,,
may abandonadong sasakyan po na naka-park sa eskinita for almost a month na may mga tao na natutulog sa loob medyo suspicious po,public_safety,medium,synthetic,a1,,taglish
"Manhole cover missing for weeks near Leyte Street, needs replacement.",road_infrastructure,low,synthetic,a2,,
gusto po naming humingi ng barangay assistance dahil hindi namin mapagkasunduan ang bayad sa shared repair,neighbor_dispute,low,synthetic,a3,,
may bangkay ng pusa sa gilid ng kalsada mahigit dalawang araw na walang kumukuha,public_health_sanitation,medium,synthetic,a1,,tl
may maruming tubig na galing sa isang establishment at dumadaloy sa sidewalk,public_health_sanitation,medium,synthetic,a3,,
"Malnourished children reported in Purok 5, requesting feeding program support.",social_welfare,high,synthetic,a2,unsure,
may residenteng nangangailangan ng tulong para sa medical transportation,social_welfare,medium,synthetic,a3,,
No electricity restored since yesterday after the last storm in Zone 2.,utilities,high,synthetic,a2,unsure,
MAY MALAKING BUTAS SA GITNA NG DAAN SA MAY KURBADA KANINA MAY NAAKSIDENTENG MOTOR PAKIHARANGAN MUNA PO BAGO MAY MASAKTAN ULIT,road_infrastructure,high,synthetic,a1,,tl
kulang po ang ramp markings sa pedestrian lane kaya hindi malinaw kung saan tatawid,road_infrastructure,low,synthetic,a3,,
"Property line encroachment complaint, neighbor built a wall past the agreed boundary in Purok 6.",neighbor_dispute,medium,synthetic,a2,,
may electrical equipment na nasusunog sa public facility at may usok na kumakalat,public_safety,high,synthetic,a3,,
may batang naiwan mag-isa sa kalsada at mukhang hindi alam kung saan pupunta,public_safety,high,synthetic,a3,,
ask ko lang po kung anong oras nag-uumpisa yung releasing ng cert para di po ako ma-late sa work,social_welfare,low,synthetic,a1,,taglish
I want to donate a printer to the office. Who do I contact regarding the turnover?,other,low,synthetic,a1,,en
may solo parent po na nangangailangan ng temporary food assistance,social_welfare,medium,synthetic,a3,,
URGENT PO WALANG KURYENTE MALAPIT SA BASKETBALL COURT MAY MATANDANG UMAASA SA OXYGEN MACHINE,utilities,high,synthetic,a3,,
one post at the corner is tilting toward the road and the lines above it now sag low over passing jeeps,road_infrastructure,medium,synthetic,a1,,en
Landlord threatening to evict a tenant without proper notice in Purok 1.,neighbor_dispute,medium,synthetic,a2,,
I would like to inquire about the requirements for renewing a clearance for a small eatery. Thank you and God bless.,other,low,synthetic,a1,,en
sobrang dilim na po ng kalsada namin since na busted yung dalawang streetlight last month pwede po ba ma check ng electrician ng brgy,road_infrastructure,medium,synthetic,a1,unsure,taglish
Garbage collection truck skipped Antero Soriano Highway for over two weeks.,public_health_sanitation,low,synthetic,a2,,
URGENT PO MAY NANG-AABUSO SA ASAWA NIYA KATABI NAMIN NARIRINIG NAMIN ANG SIGAWAN,neighbor_dispute,high,synthetic,a3,,
Good morning. Our homeowners group would like to donate two fire extinguishers to the barangay outpost. Who should we coordinate with. Thank you.,public_safety,low,synthetic,a1,,en
may pamilyang nawalan ng tirahan matapos masira ang kanilang bahay dahil sa malakas na ulan,social_welfare,high,synthetic,a3,,
My daughter has not come home since this morning and she is not answering her phone. She is twelve. We have checked all her classmates already.,public_safety,high,synthetic,a1,,en
may nanghahabol po na lasing na lalaki sa mga dumadaan sa kanto,public_safety,high,synthetic,a3,,
bigla pong bumagsak ang isang linya ng kuryente malapit sa pedestrian area,utilities,high,synthetic,a3,,
na-harass po ako ng grupo ng lalaki nung dumaan ako sa may talipapa sumisigaw sila ng bastos araw araw po yun,public_safety,medium,synthetic,a1,,taglish
wala pong tubig sa amin mula kaninang umaga hindi namin alam kung anong nangyari,utilities,medium,synthetic,a3,,
"Illegal dumping of construction debris along Antero Soriano Highway, blocking the waterway.",public_health_sanitation,medium,synthetic,a2,,
"Broken drainage canal cover along Catanduanes Street, patag na at may sira ang laman, pero walang baha na naganap.",road_infrastructure,low,synthetic,a2,,
Nagkaaway ang mga kapitbahay sa Purok 5 dahil sa basura na itinatapon sa harap ng bahay ng isa.,neighbor_dispute,medium,synthetic,a2,,
gustong magpatawag ng usapan yung kapitbahay namin tungkol sa aso nila na palaging tumatahol,neighbor_dispute,low,synthetic,a3,,
gusto ko lang po magbigay ng suggestion na dagdagan ang mga waiting chairs sa barangay hall,other,low,synthetic,a3,,
pwede po ba magtanong tungkol sa proseso ng pag rehistro ng negosyo malapit sa Puremart,other,low,synthetic,a3,,
may nag-i-illegal dumping po sa bakanteng lot sa likod ng chapel tuwing madaling araw sila nagta-throw,public_health_sanitation,medium,synthetic,a1,,taglish
saan po ba nagfafile ng reklamo tungkol sa negosyo na walang permit dito sa amin,other,medium,synthetic,a1,,tl
"Concrete lamp post leaning after roadworks on Balite Street, needs to be re-anchored.",road_infrastructure,medium,synthetic,a2,,
may taong nagtatangkang pumasok sa compound ng barangay hall kahit sinabihan nang umalis,public_safety,high,synthetic,a3,,
may suggestion po sana ako na maglagay ng mas malaking notice board para madaling makita ang announcements,other,low,synthetic,a3,,
"Stray dogs roaming in packs, chasing children near the school in Purok 6.",public_safety,medium,synthetic,a2,,
"May mga taong nakababad sa labas ng bahay sa Masbate Street tuwing Sabado ng gabi, kahina-hinala.",public_safety,high,synthetic,a2,unsure,
pwede po ba malaman kung saan magsumbong tungkol sa stray animals,public_safety,low,synthetic,a3,,
may program po ba ang barangay para sa paglilinis ng mga drainage bago tag-ulan,public_health_sanitation,low,synthetic,a3,,
"Financial assistance needed, nasunugan ang bahay namin sa Zone 3 kahapon.",social_welfare,high,synthetic,a2,unsure,
"may nagrereklamo po tungkol sa puno namin na nakatakip daw sa kanilang bintana, pwede po ba magpa-assist sa barangay",neighbor_dispute,low,synthetic,a3,,
just asking if the feeding for the kids is still running this school year my nephew wants to join,social_welfare,low,synthetic,a1,,en
"who do we contact regarding a request for a new water line connection in Purok 5, thank you po",utilities,low,synthetic,a1,,en
"Manhole cover missing for weeks near Basilan Street, needs replacement.",road_infrastructure,low,synthetic,a2,,
Just want to confirm if the barangay office on Mindanao Street is open on Saturdays.,other,low,synthetic,a2,,
Requesting ayuda dahil apektado ng power outage sa Purok 7 at nasira ang mga pagkain sa refrigerator.,social_welfare,medium,synthetic,a2,,
may PWD po na nangangailangan ng transportation assistance papunta sa hospital,social_welfare,medium,synthetic,a3,,
"Sidewalk pavement cracked and uneven on A. Fojas Street, tripping hazard for elderly pedestrians.",road_infrastructure,medium,synthetic,a2,,
pwede po bang magpa-assist sa barangay para mapag-usapan ang problema sa property boundary,neighbor_dispute,low,synthetic,a3,,
"Fallen electric wire near Callejon-8 after the typhoon, exposed and unrepaired.",utilities,high,synthetic,a2,unsure,
"please barricade the road near the corner store, the pavement caved in tonight and the hole is about a meter deep",road_infrastructure,high,synthetic,a1,,en
may alitan po tungkol sa ingay ng generator ng kapitbahay tuwing gabi,neighbor_dispute,medium,synthetic,a3,,
"Open manhole cover near the school on Mindanao Street, a child almost fell in.",public_safety,high,synthetic,a2,unsure,
Foul smell coming from a clogged septic tank shared by several households in Purok 7.,public_health_sanitation,medium,synthetic,a2,,
palaging nagbubukas ng malakas na music ang katabi naming bahay tuwing madaling araw,neighbor_dispute,medium,synthetic,a3,,
may nakita pong bukas na electrical box sa gilid ng kalsada baka makuryente ang bata,public_safety,high,synthetic,a3,,
may taong pilit na kumukuha ng gamit ng ibang tao sa public terminal,public_safety,high,synthetic,a3,,
paano po mag apply ng pwd id para sa anak ko ano po requirements,social_welfare,low,synthetic,a1,,tl
may available po bang program para sa mga bagong nanay at sanggol,social_welfare,low,synthetic,a3,,
may mga lumang bote at lata na nakakalat sa bakanteng lote,public_health_sanitation,low,synthetic,a3,,
may tao pong nagtatangkang pasukin ang mga parked vehicles sa barangay parking area,public_safety,high,synthetic,a3,,
"a large concrete slab from the bridge parapet fell onto the lane just now and vehicles cannot pass safely, kindly respond asap",road_infrastructure,high,synthetic,a1,,en
kelan po kaya ilalagay yung rampa para sa wheelchair sa harap ng barangay hall tanong lang po,road_infrastructure,low,synthetic,a1,,tl
yung katabi po namin ayaw daw mag-appear sa binigay na date ano po next step namin,neighbor_dispute,low,synthetic,a1,,taglish
may bahang maduming tubig papasok sa bahay galing sa kanal malapit sa Bocalan,public_health_sanitation,high,synthetic,a3,,
pinutol po nila kaninang umaga ang tubo ng tubig na pinaghahatian namin kaya wala na kaming tubig ngayon galit po sila dahil hindi kami nakaambag noong isang buwan,neighbor_dispute,high,synthetic,a1,unsure,tl
"Suspicious van parked outside the school on Bohol Street for five days, possible casing for theft.",public_safety,high,synthetic,a2,unsure,
pwede po bang humingi ng referral para sa social welfare assistance,social_welfare,low,synthetic,a3,,
yung health center po namin sira ang gripo matagal na,public_health_sanitation,low,synthetic,a3,,
may intermittent power po sa aming area mula kahapon,utilities,medium,synthetic,a3,,
umaapaw ang kanal sa likod ng covered court tuwing malakas ang ulan sana po malinis bago pa lumala,utilities,medium,synthetic,a1,,tl
may lost and found service po ba ang barangay,public_safety,low,synthetic,a3,,
Kindly consider posting the minutes of the assembly online. Many of us work and cannot attend in person.,other,low,synthetic,a1,,en
Garbage collection truck skipped Tramo Road for two days now.,public_health_sanitation,low,synthetic,a2,,
may lumang karatula na nakaharang sa entrance ng public walkway,road_infrastructure,low,synthetic,a3,,
may malaking bitak sa bubong ng covered court at posibleng bumagsak kapag malakas ang ulan,road_infrastructure,high,synthetic,a3,,
matagal na naming sinusubukan makipag usap sa kapitbahay pero ayaw makinig,neighbor_dispute,low,synthetic,a3,,
may kakaibang vibration at ingay sa water pump tuwing ginagamit,utilities,medium,synthetic,a3,,
na-evict po kami kanina lang gamit namin nasa labas na may senior pa po kaming kasama saan po kami pwedeng mapunta ngayong gabi,social_welfare,high,synthetic,a1,,taglish
yung lola ko po need ma-dialysis mamayang tanghali pero naka-block po ng sasakyan nila yung labasan namin ayaw nilang i-move,neighbor_dispute,high,synthetic,a1,,taglish
may sirang concrete step sa public walkway at wala nang isang baitang,road_infrastructure,medium,synthetic,a3,,
ang hina po ng tubig pag gabi kaya di na kami makapag-laba pwede po ba ipa-check kung may problema sa linya,utilities,medium,synthetic,a1,,taglish
Continuous verbal harassment from a next-door neighbor over parking space on Penguin Street.,neighbor_dispute,medium,synthetic,a2,,
"Stray cats multiplying in a vacant lot on Antero Soriano Highway, some appear aggressive toward passersby.",public_safety,low,synthetic,a2,,
may batang tumatakbo sa highway shoulder at muntik nang masagasaan,public_safety,high,synthetic,a3,,
may estudyante po na gustong mag-apply sa educational assistance program,social_welfare,low,synthetic,a3,,
pwede po bang ipa-clean yung public handwashing area dahil madulas na at may lumot,public_health_sanitation,medium,synthetic,a3,,
paano po magbigay ng formal suggestion tungkol sa barangay services,other,low,synthetic,a3,,
nawawala po yung anak kong 6 years old since 4pm na-check na po namin lahat ng kapitbahay wala po talaga,public_safety,high,synthetic,a1,,taglish
Good day. I would like to suggest installing a convex mirror at the blind corner near the covered court so vehicles can see oncoming traffic. Thank you.,road_infrastructure,low,synthetic,a1,,en
pwede po bang malaman kung may scholarship assistance para sa college students,social_welfare,low,synthetic,a3,,
Clogged drainage causing the street to flood every time it rains in Purok 7.,utilities,medium,synthetic,a2,,
hi po tanong lang kung may plano ba mag repaint ng mga guhit sa parking area ng barangay hall di na po halos kita,road_infrastructure,low,synthetic,a1,,taglish
kailangan po ng tulong may nangyayaring gulo malapit sa basketball court ngayon,public_safety,high,synthetic,a3,,
grabe po yung tubig dito umabot na sa loob ng bahay lumulutang na yung mga gamit namin pa-help naman po,utilities,high,synthetic,a1,,taglish
may nagtatapon po ng household waste sa creek tuwing gabi,public_health_sanitation,medium,synthetic,a3,,
"Footbridge railing broken in Zone 3, students use it daily to cross the creek.",road_infrastructure,high,synthetic,a2,unsure,
may aso pong nakawala at agresibong hinahabol ang mga taong dumadaan sa street,public_safety,high,synthetic,a3,,
sana po may seminar tayo tungkol sa mga bagong modus ng mga manloloko lalo na sa mga matatanda dito,public_safety,low,synthetic,a1,,tl
ano po ang oras ng barangay assembly ngayong buwan,other,low,synthetic,a3,,
The collection in our area has been irregular for the past month. Kindly look into it as the piles are attracting flies.,public_health_sanitation,medium,synthetic,a1,,en
wala po kaming pambili ng gamot at gusto sana naming malaman kung may assistance program,social_welfare,medium,synthetic,a3,,
may bukas na manhole sa gitna ng daanan at may mga batang dumadaan doon,public_safety,high,synthetic,a3,,
may alagang manok ang kapitbahay namin na pumapasok sa bakuran at sinisira ang mga halaman,neighbor_dispute,low,synthetic,a3,,
pwede po bang malaman kung sino ang dapat kontakin para sa business permit concerns,other,low,synthetic,a3,,
paano po magrequest ng barangay clean-up sa isang maruming vacant lot,public_health_sanitation,low,synthetic,a3,,
may paraan po ba para magbigay ng complaint tungkol sa mabagal na processing ng request,other,medium,synthetic,a3,,
may sewage na tila umaagos mula sa isang property papunta sa maliit na creek,public_health_sanitation,high,synthetic,a3,,
yung nangungupahan po sa itaas namin ayaw umalis expired na yung kontrata tapos ngayon pina-padlock niya yung hagdan namin,neighbor_dispute,high,synthetic,a1,,taglish
"the school perimeter wall facing the road is leaning badly after the quake and classes resume tomorrow, please inspect it today",road_infrastructure,high,synthetic,a1,,en
hi what are the office hours for claiming the indigency cert,social_welfare,low,synthetic,a1,,en
"our water was cut off without notice and we have a bedridden patient at home who needs to be cleaned daily, please help us",utilities,high,synthetic,a1,,en
ang mga tandang po ng katabi namin tumitilaok simula alas dos ng madaling araw sinabihan ko na pero sinagot pa ako,neighbor_dispute,medium,synthetic,a1,,tl
may sirang electrical outlet sa barangay facility na ginagamit ng mga residente,utilities,high,synthetic,a3,,
may lumuwag na railing sa pedestrian bridge at gumagalaw kapag hinahawakan,road_infrastructure,high,synthetic,a3,,
naiwan po yung bag ng isang pasahero sa waiting shed baka pwede ipaabot sa may-ari,public_safety,low,synthetic,a3,,
Reklamo tungkol sa alagang manok ng kapitbahay na gumagala sa bakuran namin sa D. Cesa Street.,neighbor_dispute,low,synthetic,a2,,
halos gabi gabi po nagkakantahan at malakas ang speaker ng kapitbahay namin,neighbor_dispute,medium,synthetic,a3,,
gusto ko po sanang malaman kung anong mga dokumento ang kailangan para sa residency certificate,other,low,synthetic,a3,,
may nag-survey po sa amin last month sabi babalik daw pero wala pa rin pwede po ba ma-check kung naitala kami,other,medium,synthetic,a1,,taglish
Multiple potholes on Mindanao Street unrepaired for almost a week.,road_infrastructure,low,synthetic,a2,,
hi may i ask if the barangay has a schedule for repainting the curb markings near the health center thanks,road_infrastructure,low,synthetic,a1,,en
"May mga taong nakababad sa labas ng bahay sa Tramo Road during rush hour, kahina-hinala.",public_safety,high,synthetic,a2,unsure,
may nagtatapon ng construction debris sa tabi ng creek,public_health_sanitation,medium,synthetic,a3,,
po ang dami pong lamok dito kelan po ang susunod na fogging,public_health_sanitation,medium,synthetic,a1,,tl
may aksidente po sa kanto nabangga ang tricycle may duguan na nakahiga sa kalsada paki tawag po ng ambulansya,public_safety,high,synthetic,a1,,tl
PAKI AYOS NAMAN PO YUNG STREETLIGHT SA CORNER MADILIM SOBRA TAKOT KAMI DUMAAN PAG GABI,road_infrastructure,high,synthetic,a3,,
sira po yung upuan sa waiting area ng barangay hall baka pwedeng ipaayos,other,medium,synthetic,a1,,tl
gaano po katagal bago maayos yung streetlight na sira sa amin,utilities,low,synthetic,a3,,
pinutulan po kami ng linya ng tubig kahit bayad naman kami may resibo po ako walang tubig ang bahay simula kahapon,utilities,high,synthetic,a1,,tl
hi sir just asking if there is a posted schedule for the monthly canal cleaning in our area,utilities,low,synthetic,a1,unsure,en
MY NEIGHBORS SON KEEPS THREATENING MY HUSBAND EVERY TIME HE IS DRUNK AND LAST NIGHT HE WAS CARRYING A PIECE OF WOOD,public_safety,medium,synthetic,a1,unsure,en
pa block po muna ng footbridge nabali na yung isang baitang sa hagdan nadapa na po yung dalawang estudyante kanina umaga,road_infrastructure,high,synthetic,a1,,taglish
Nagkaaway ang mga kapitbahay sa Purok 2 dahil sa basura na itinatapon sa harap ng bahay ng isa.,neighbor_dispute,medium,synthetic,a2,,
Just asking for directions to the nearest satellite barangay office from Penguin Street.,other,low,synthetic,a2,,
Please remind residents not to burn their leaves and plastics in the afternoon. The smoke covers the whole street.,public_health_sanitation,medium,synthetic,a1,unsure,en
may sirang bahagi ng bakod malapit sa simbahan matulis ang bakal,road_infrastructure,medium,synthetic,a3,,
Requesting ayuda dahil apektado ng power outage sa Purok 6 at nasira ang mga pagkain sa refrigerator.,social_welfare,medium,synthetic,a2,,
may feeding program po ba para sa mga batang undernourished sa aming purok,social_welfare,low,synthetic,a3,,
"Hindi na po kinukuha ang basura sa Mindanao Street buong linggo na, umaamoy na.",public_health_sanitation,medium,synthetic,a2,,
pag umuulan po direct na bumabagsak sa side namin yung tubig galing sa extension ng bubong nila hindi po sila naniniwala na sila yung may mali,neighbor_dispute,medium,synthetic,a1,,taglish
General inquiry about the upcoming barangay assembly schedule in Purok 2.,other,low,synthetic,a2,,
Persistent shouting matches between roommates disturbing the whole apartment building on Bohol Street.,neighbor_dispute,medium,synthetic,a2,,
may sirang bahagi ng bakod sa may plaza matulis yung bakal baka may masugatan na bata,road_infrastructure,medium,synthetic,a3,,
po yung ilaw sa kanto namin isang buwan na patay madilim tuwing gabi tapos dun dumadaan yung mga bata paguwi galing eskwela sana po maayos,road_infrastructure,medium,synthetic,a1,,tl
Is a lawyer required to be present during the hearing or can I appear on my own,neighbor_dispute,low,synthetic,a1,,en
kinandado po nila ang tarangkahan ng dinadaanan namin mula kaninang umaga hindi kami makalabas ng bahay,neighbor_dispute,high,synthetic,a1,,tl
magkano po ang bayad kapag umarkila ng bulwagan para sa isang kaarawan,other,low,synthetic,a1,,tl
meron po ba kayong scholarship para sa mga estudyante dito sa barangay,social_welfare,low,synthetic,a1,,tl
mungkahi ko lang po sana maisama sa susunod na pulong ang pagbili ng flashlight at pito para sa bawat purok,public_safety,low,synthetic,a1,,tl
may taong nangha-harass sa mga estudyante pauwi at ayaw silang tantanan,public_safety,high,synthetic,a3,,
"Hindi na po kinukuha ang basura sa D. Cesa Street for several hours already, umaamoy na.",public_health_sanitation,medium,synthetic,a2,,
pwede po bang ayusin ang curb sa tapat ng barangay hall dahil may bahagi nang gumuho,road_infrastructure,medium,synthetic,a3,,
"Broken drainage canal cover along Mindanao Street, patag na at may sira ang laman, pero walang baha na naganap.",road_infrastructure,low,synthetic,a2,,
"may senior po dito na hindi makalakad papunta sa barangay office, may paraan po ba para ma-assist siya",social_welfare,medium,synthetic,a3,,
may malakas na spark po mula sa utility box sa tabi ng kalsada,utilities,high,synthetic,a3,,
lagi pong nakaharang sa tapat ng bahay namin ang sasakyan ng kaharap kahit sinabi na namin nang maayos,neighbor_dispute,medium,synthetic,a1,,tl
bigla na lang na-cut yung tubig namin walang announcement tapos may maysakit kaming bata na kailangan paliguan at pag-boil ng tubig,utilities,high,synthetic,a1,,taglish
may mabahong amoy po sa paligid ng public toilet at parang hindi nalilinis araw araw,public_health_sanitation,medium,synthetic,a3,,
kailan po ba ang next distribution ng ayuda para sa mga senior citizen dito sa amin,social_welfare,medium,synthetic,a3,,
may nagrereklamo po tungkol sa puno namin na lumalampas ang mga sanga sa kanilang property,neighbor_dispute,low,synthetic,a3,,
pwede po ba ma-check kung tama yung reading ng meter namin mataas ng konti this month pero ok lang naman,utilities,low,synthetic,a1,,taglish
"Suspicious van parked outside the school on Cebu Street for two days now, possible casing for theft.",public_safety,high,synthetic,a2,unsure,
MAY NAKITA PO KAMING BATA NA MAG-ISA SA TABI NG HIGHWAY AT PARANG NAWAWALA,public_safety,high,synthetic,a3,,
Rat infestation reported near the public market in Purok 4.,public_health_sanitation,medium,synthetic,a2,,
may mga taong nag-iinuman sa madilim na bahagi ng plaza gabi gabi,public_safety,medium,synthetic,a3,,
nagkaroon po kami ng hindi pagkakaunawaan tungkol sa paggamit ng shared water connection,neighbor_dispute,medium,synthetic,a3,,
Clogged drainage causing water to back up into houses in Purok 4 during heavy rain.,utilities,high,synthetic,a2,unsure,
"paano po mag apply ng indigency certificate, ano po ba mga requirements",social_welfare,low,synthetic,a3,,
Persistent shouting matches between roommates disturbing the whole apartment building on Masbate Street.,neighbor_dispute,medium,synthetic,a2,,
maraming ipis at daga sa loob ng lumang gusali sa tabi ng basketball court baka pasukin na ang mga bahay,public_health_sanitation,medium,synthetic,a1,,tl
"Financial assistance needed, nasunugan ang bahay namin sa Zone 1 kahapon.",social_welfare,high,synthetic,a2,unsure,
may nagnanakaw daw ng manok sa amin malapit sa Bocalan St,public_safety,medium,synthetic,a3,,
nais ko lang po imungkahi na lagyan ng bakal na hawakan ang hagdan paakyat sa covered court para may kapitan ang mga matatanda,road_infrastructure,low,synthetic,a1,,tl
may leak sa water line malapit sa daycare at dumadaloy sa entrance,utilities,high,synthetic,a3,,
may batang hindi makapasok sa school dahil walang pambili ng basic school materials,social_welfare,medium,synthetic,a3,,
magandang umaga po kailan po kaya mapapalitan yung bombilya sa waiting shed sa may sakayan hindi naman po masyadong madilim dahil sa katabing tindahan pero sana po,road_infrastructure,low,synthetic,a1,,tl
maliit lang naman po ang hindi pagkakaunawaan namin ng katabi tungkol sa tubig pero gusto ko pa rin sanang maitala para may bakas,neighbor_dispute,low,synthetic,a1,,tl
may hindi pagkakaunawaan po kami tungkol sa ingay ng pets namin at gusto namin ng maayos na usapan,neighbor_dispute,low,synthetic,a3,,
magandang umaga po anong oras po bukas ang health center para sa check up ni nanay,public_health_sanitation,low,synthetic,a1,,tl
pwede po ba mag apply ng burial assistance dito sa barangay,social_welfare,low,synthetic,a3,,
"Please help, an elderly man collapsed after he was hit by a motorcycle at the corner. He is bleeding and there is no ambulance yet.",public_safety,high,synthetic,a1,,en
pwede po bang malaman kung may maintenance sa water supply ngayong linggo,utilities,low,synthetic,a3,,
wala pong ilaw sa buong corridor ng barangay facility simula kagabi,utilities,medium,synthetic,a3,,
Collapsed section of retaining wall along Turtle Street after heavy rain.,road_infrastructure,high,synthetic,a2,unsure,
matagal na po hindi dumadaan yung social worker sa amin para sa follow up,social_welfare,medium,synthetic,a3,,
may tubig na tumatagas mula sa underground pipe at lumulubog ang bahagi ng sidewalk,utilities,medium,synthetic,a3,,
may crack na malaki sa sidewalk sa harap ng Alfamart baka may matisod,road_infrastructure,medium,synthetic,a3,,
Overflowing communal trash bin attracting flies and stray dogs in Zone 2.,public_health_sanitation,medium,synthetic,a2,,
may livelihood training po ba para sa mga residenteng gustong matutong maghanapbuhay,social_welfare,low,synthetic,a3,,
"the newly installed hump has no reflector or paint and drivers hit it hard at night, please have markings added",road_infrastructure,medium,synthetic,a1,,en
may mga bote at plastic na nakaharang sa maliit na drainage canal,public_health_sanitation,medium,synthetic,a3,,
"Pack of stray dogs chasing pedestrians and acting aggressively near Antero Soriano Highway, safety concern.",public_safety,high,synthetic,a2,unsure,
sana palakasin patrol sa palibot ng Puremart madalas may nangyayaring away,public_safety,low,synthetic,a3,,
Clogged drainage causing water to back up into houses in Purok 7 during heavy rain.,utilities,high,synthetic,a2,unsure,
may naiwan na panis na pagkain sa community kitchen at sobrang baho na,public_health_sanitation,high,synthetic,a3,,
Kindly inspect the eatery near the terminal. The food is left uncovered and there are flies all over the display.,public_health_sanitation,medium,synthetic,a1,,en
may bahagi ng kalsada na lumulubog kapag umuulan kaya nagiging malaking puddle,road_infrastructure,medium,synthetic,a3,,
lagi po naka-park yung van nila sa harap ng gate namin di na po kami makalabas ng motor,neighbor_dispute,medium,synthetic,a1,,taglish
pwede po ba magbigay ng feedback tungkol sa pila sa barangay hall,other,low,synthetic,a3,,
Hello po how do I get a copy of an incident record that was taken down last year. My employer is asking for it.,public_safety,low,synthetic,a1,unsure,en
"Brownout every afternoon since last night, affecting small businesses on Basilan Street.",utilities,medium,synthetic,a2,,
paano po humingi ng assistance para sa senior citizen na walang caregiver,social_welfare,medium,synthetic,a3,,
sobrang daming ipis sa communal garbage area sana po malinis agad,public_health_sanitation,medium,synthetic,a3,,
umapaw yung kanal pumasok na yung tubig sa mga bahay,utilities,high,synthetic,a1,,tl
ano po ang tamang lugar para magdala ng used cooking oil para hindi itapon sa kanal,public_health_sanitation,low,synthetic,a3,,
pwede po bang malagyan ng street name sign yung bagong kalsada sa aming subdivision,road_infrastructure,low,synthetic,a3,,
"Brownout every afternoon for five days, affecting small businesses on Captain E-Bocalan Street.",utilities,medium,synthetic,a2,,
may sira sa curb sa tapat ng school at nakausli ang bakal,road_infrastructure,high,synthetic,a3,,
"may mga estranghero po na paikot ikot sa aming subdivision mukhang naninira ng bahay, delikado po",public_safety,high,synthetic,a3,,
may nagmamaneho po nang sobrang bilis sa loob ng residential street namin,public_safety,medium,synthetic,a3,,
yung footbridge papuntang palengke medyo kumakalog na paglalakad,road_infrastructure,medium,synthetic,a3,,
may sirang traffic barrier sa intersection kaya walang malinaw na separation ng mga sasakyan at pedestrian,road_infrastructure,high,synthetic,a3,,
may sanga na sumasagi sa kable ng kuryente sa itaas ng daan baka magkaproblema,road_infrastructure,medium,synthetic,a1,,tl
may nakatagilid na concrete post sa gilid ng sidewalk baka tuluyang bumagsak,road_infrastructure,high,synthetic,a3,,
paano po mag-update ng address sa barangay records,other,low,synthetic,a3,,
"may we request the desilting of the drainage along the back road before the rains start, last year the water reached our doorstep",utilities,medium,synthetic,a1,,en
PAANO PO BA MAKAKAPAGPALISTA SA BOTOHAN ANG ANAK KO SABI NILA MALAPIT NA MAGSARA,other,medium,synthetic,a1,,tl
"Suspicious van parked outside the school on Lieutenant Cerrado Street for almost a month, possible casing for theft.",public_safety,high,synthetic,a2,unsure,
pwede po bang humingi ng barangay assistance sa dispute tungkol sa shared pathway,neighbor_dispute,low,synthetic,a3,,
Want to know the process for registering a new business permit in Purok 6.,other,low,synthetic,a2,,
single mom po ako need ko po ma-secure yung ID para ma-avail ko yung discount sa gamot ng anak ko,social_welfare,medium,synthetic,a1,,taglish
paano po kung may mali akong nailagay na impormasyon sa online request,other,low,synthetic,a3,,
our tenant upstairs refuses to move out even though the contract ended last month and he now refuses to talk to us,neighbor_dispute,medium,synthetic,a1,,en
may baradong sink sa public kitchen at bumabalik yung maruming tubig,public_health_sanitation,high,synthetic,a3,,
Asking where to get a certificate of residency for a job application.,other,low,synthetic,a2,,
pwede po bang malaman kung may assistance para sa mga bagong panganak na pamilya,social_welfare,low,synthetic,a3,,
barado yung kanal kaya kahit maliit na ulan bumabaha na agad dito,utilities,medium,synthetic,a1,,tl
"the hall stairs collapsed at the second step and two people have already fallen today, please close it off immediately",road_infrastructure,high,synthetic,a1,,en
"Stagnant floodwater has not receded for over two weeks, smells and breeding mosquitoes.",public_health_sanitation,high,synthetic,a2,unsure,
"yung poste ng kuryente malapit samin naninigas parang matutumba, sana ma check",utilities,medium,synthetic,a3,,
May I suggest putting up a visible outpost sign at the corner of Purok 2. Even just the signage discourages the troublemakers at night.,public_safety,low,synthetic,a1,,en
may reklamo po kami tungkol sa paulit ulit na ingay mula sa katabing bahay,neighbor_dispute,medium,synthetic,a3,,
"Walang tubig sa Mindanao Street buong araw na, hindi na po ito unang beses mangyari.",utilities,medium,synthetic,a2,,
napaka-slow po ng process sa window 2 almost 2 hours po ako naka-pila para sa isang pirma lang,other,low,synthetic,a1,,taglish
may tao pong unconscious sa gilid ng kalsada at kailangan ng agarang tulong,public_safety,high,synthetic,a3,,
may mga stray dogs na madalas humabol sa mga jogger tuwing umaga,public_safety,medium,synthetic,a3,,
sumabog yung transformer buong block wala nang ilaw,utilities,high,synthetic,a1,,tl
"Broken drainage canal cover along Captain E-Bocalan Street, patag na at may sira ang laman, pero walang baha na naganap.",road_infrastructure,low,synthetic,a2,,
Unfinished road widening project has left exposed rebar and debris on D. Cesa Street.,road_infrastructure,medium,synthetic,a2,,
"Report of dengue cases rising in Purok 5, need fogging operation.",public_health_sanitation,high,synthetic,a2,unsure,
Rat infestation reported near the public market in Purok 6.,public_health_sanitation,medium,synthetic,a2,,
may nangutang po sa akin na kapitbahay noong isang taon pa hindi na po nagpapakita kahit binabati ko,neighbor_dispute,medium,synthetic,a1,,tl
they are digging right beside our shared wall this very moment and it is already leaning kindly stop them while we talk it out,neighbor_dispute,high,synthetic,a1,,en
"Power outage sa buong Purok 7 simula kagabi, ilang oras na.",utilities,high,synthetic,a2,unsure,
Just want to confirm if the barangay office on Balite Street is open on Saturdays.,other,low,synthetic,a2,,
"Dispute over shared wall damage between two houses in Purok 2, owners blaming each other.",neighbor_dispute,low,synthetic,a2,,
yung abandonadong bahay sa dulo may mga estranghero na tumatambay dun ngayon,public_safety,medium,synthetic,a1,,tl
WALA NA PO KAMING MAKAIN DALAWANG ARAW NA TUBIG LANG ANG NAIPAPAINOM KO SA MGA BATA TULONG PO KAHIT ANO,social_welfare,high,synthetic,a1,,tl
i lost my job last month and i have two kids in school is there any program here i can apply for,social_welfare,medium,synthetic,a1,,en
isang taon na po akong walang hanapbuhay at may tatlo akong anak sana po may mapagkakakitaan kahit maliit lang,social_welfare,medium,synthetic,a1,,tl
nagfi-flicker po ang kuryente namin simula kaninang hapon baka may problema sa linya,utilities,medium,synthetic,a3,,
matagal na hindi maayos ang gulo namin sa kapitbahay tungkol sa daanan,neighbor_dispute,medium,synthetic,a3,,
naka park po palagi yung isang delivery truck sa makitid na kanto sobrang hirap mag maneuver ng traysikel pwede po ba i report yun,road_infrastructure,medium,synthetic,a1,unsure,taglish
sana magkaroon ng streetlight patrol sa may basketball court tuwing gabi,public_safety,low,synthetic,a3,,
may tambak pong basura na nabubulok na at sobrang dami nang langaw at daga sa paligid,public_health_sanitation,high,synthetic,a3,,
may mga kabataan pong sumisinghot ng pandikit sa eskinita tuwing gabi nakikita ko po sila palagi pauwi,public_safety,medium,synthetic,a1,,tl
bakit po hindi nakapaskil ang talaan ng mga nanalo sa bidding ng proyekto sa kalye namin,other,medium,synthetic,a1,,tl
may bahagi ng kalsada na parang lumulubog at nagiging malalim ang tubig kapag umuulan,road_infrastructure,medium,synthetic,a3,,
Cracked road surface on D. Cesa Street causing motorcycle accidents during rainy season.,road_infrastructure,high,synthetic,a2,unsure,
my neighbour has been spreading untrue stories about my daughter in this purok and it has affected her work. please call them so we can talk properly.,neighbor_dispute,medium,synthetic,a1,,en
TULONG PO MAY NASUSUNOG SA LIKOD NG PALENGKE KUMAKALAT NA PO SA MGA KABAHAYAN,public_safety,high,synthetic,a1,,tl
yung dating partner ko po palaging nag-aabang sa labas ng bahay namin na-block ko na po sa lahat pero pumupunta pa rin pano po ako mag-file,public_safety,medium,synthetic,a1,,taglish
A speeding van hit a post at the junction and the driver is unconscious inside. We need rescue here now.,public_safety,high,synthetic,a1,,en
sobrang daming lamok sa evacuation area dahil may nakatigil na maruming tubig sa paligid,public_health_sanitation,high,synthetic,a3,,
Streetlight not working ilang araw na na along Leyte Street.,road_infrastructure,low,synthetic,a2,,
pwede po ba kaming kumuha ng kopya ng blotter nung nakaraang buwan,other,medium,synthetic,a1,,tl
Landlord threatening to evict a tenant without proper notice in Purok 2.,neighbor_dispute,medium,synthetic,a2,,
may na-crash pong motor sa may kurbada unconscious po yung rider need po ng tulong asap,public_safety,high,synthetic,a1,,taglish
General inquiry about the upcoming barangay assembly schedule in Purok 7.,other,low,synthetic,a2,,
MAY BATANG NAWAWALA PO SA PAMILIHAN AT HINDI MAKITA NG MAGULANG,public_safety,high,synthetic,a3,,
may aksidente po sa kalsada malapit sa tindahan at mukhang may nasaktan,public_safety,high,synthetic,a3,,
Streetlights along the basketball court in Zone 2 have been out since last night.,road_infrastructure,low,synthetic,a2,,
"Stagnant floodwater has not receded since last night, smells and breeding mosquitoes.",public_health_sanitation,high,synthetic,a2,unsure,
marumi na po ang paligid ng public drinking station at maraming basura,public_health_sanitation,medium,synthetic,a3,,
just asking lang po pwede ba magpatawag tungkol sa singil ng tubig,utilities,low,synthetic,a3,,
Foul smell coming from a clogged septic tank shared by several households in Purok 5.,public_health_sanitation,medium,synthetic,a2,,
nakaharang po ang sasakyan nila sa daan namin at ayaw nilang ialis kailangan ko pong madala sa ospital ang biyenan ko ngayon din,neighbor_dispute,high,synthetic,a1,,tl
"magandang araw po, may program po ba para sa solo parents dito sa barangay",social_welfare,low,synthetic,a3,,
ngayon lang po natapos ang burol ng tatay ko pero wala pa rin po kaming pambayad sa nitso kailangan na po bukas ng umaga,social_welfare,high,synthetic,a1,,tl
hanggang kelan po ang bayaran,utilities,low,synthetic,a1,,tl
may sirang railings sa gilid ng tulay baka mahulog ang mga dumadaan,road_infrastructure,high,synthetic,a3,,
"Sidewalk pavement cracked and uneven on Catanduanes Street, tripping hazard for elderly pedestrians.",road_infrastructure,medium,synthetic,a2,,
araw araw pong nagbubuhos ng maruming tubig ang mga tindera ng isda sa gitna ng daan amoy na amoy na,public_health_sanitation,medium,synthetic,a1,,tl
may curfew po ba talaga dito kasi maraming batang gabi gabi pa naglalaro sa kalye,public_safety,medium,synthetic,a3,,
tuwing high tide bumabaha sa kalye namin matagal na pong ganito,utilities,medium,synthetic,a1,,tl
ano po ang dapat dalhin kapag mag-aapply ng barangay ID unang beses ko po kasi,social_welfare,low,synthetic,a1,,tl
may exposed wire po sa tabi ng utility pole delikado sa mga bata,utilities,high,synthetic,a3,,
gusto po naming magsampa ng reklamo laban sa kapitbahay tungkol sa ingay,neighbor_dispute,medium,synthetic,a3,,
urgent po nakagat ng aso yung kapatid ko kanina need po ba agad mag-anti rabies san po kami pwede pumunta,public_health_sanitation,high,synthetic,a1,,taglish
nawawala po ang pitaka ko na may lamang mga papeles galing sa opisina ninyo baka po may nagsauli dyan,other,medium,synthetic,a1,unsure,tl
may napakalaking tambak ng basura sa tabi ng creek at umaabot na sa daanan,public_health_sanitation,high,synthetic,a3,,
nakita ko yung parehong lalaki paikot ikot sa harap ng Puremart mukhang case case,public_safety,medium,synthetic,a3,,
URGENT PO ANG ANAK KO NASA HOSPITAL KAILANGAN NG TRANSFUSION BUKAS WALA PO KAMING PAMBAYAD PLS PO TULONG,social_welfare,high,synthetic,a1,,taglish
bakit po hindi na na-update ung posting ng budget sa bulletin board since january pa po ung nakadikit dun,other,medium,synthetic,a1,,taglish
yung sasakyan ng kapitbahay lagi nakaharang sa garahe namin,neighbor_dispute,medium,synthetic,a3,,
pwede po bang malaman kung bakit mahina ang tubig tuwing hapon sa area namin,utilities,low,synthetic,a3,,
URGENT MAY SUMISIGAW NG SAKLOLO MALAPIT SA SIMBAHAN NGAYON,public_safety,high,synthetic,a3,,
yung speed bump po sa may kanto nasira na yung kalahati nakalitaw yung bakal medyo delikado lalo sa motor,road_infrastructure,medium,synthetic,a1,,taglish
may basag na bote sa court kalat kalat,public_safety,medium,synthetic,a1,,tl
may mga kabataan pong nagmomotor nang mabilis sa makitid na street namin,public_safety,medium,synthetic,a3,,
nag-donate po kami ng ilang libro last year pwede po ba ma-check kung nagamit sa reading corner,other,low,synthetic,a1,,taglish
Reklamo tungkol sa alagang manok ng kapitbahay na gumagala sa bakuran namin sa Mindanao Street.,neighbor_dispute,low,synthetic,a2,,
PAKI CHECK AGAD YUNG PUBLIC WATER TANK MAY LUMOT AT MABAHONG AMOY SA LOOB,public_health_sanitation,high,synthetic,a3,,
pwede po bang malaman kung kailan ina-update ang public list ng barangay announcements,other,low,synthetic,a3,,
tuwing gabi nagsusunog ng basura yung kapitbahay pumapasok yung usok sa bintana namin hindi kami makahinga,public_health_sanitation,medium,synthetic,a1,unsure,tl
nawala po yung papel na binigay ninyo noong isang taon pwede po bang humingi ng kopya ulit,social_welfare,low,synthetic,a1,,tl
General inquiry about the upcoming barangay assembly schedule in Purok 4.,other,low,synthetic,a2,,
ano po ang payment options para sa mga documents na may processing fee,other,low,synthetic,a3,,
pwede po bang malaman kung anong oras available ang barangay secretary,other,low,synthetic,a3,,
yung drinking water station po may sediment sa lalagyan at parang hindi malinis,public_health_sanitation,high,synthetic,a3,,
may mga taong naglalaro ng basketball hanggang sobrang gabi at may mga reklamo na sa ingay,public_safety,low,synthetic,a3,,
"Kapitbahay namin sa Captain E-Bocalan Street ay maingay late at night, hindi kami makatulog.",neighbor_dispute,medium,synthetic,a2,,
Garbage collection truck skipped Lieutenant Cerrado Street buong linggo na.,public_health_sanitation,low,synthetic,a2,,
pwede po bang makita ang history ng mga requests na na-submit ko,other,low,synthetic,a3,,
"Stagnant floodwater has not receded for several hours already, smells and breeding mosquitoes.",public_health_sanitation,high,synthetic,a2,unsure,
kinakain na po ng ugat ng puno ang bangketa sa harap ng kapilya umaangat na ang semento natitisod na ang mga naglalakad,road_infrastructure,medium,synthetic,a1,,tl
may maruming wastewater na diretso sa creek at malapit lang ang mga bahay at daycare,public_health_sanitation,high,synthetic,a3,,
sobrang bilis po mag-drive nung mga tricycle sa may school zone na-graze na po yung bag ng anak ko last week,public_safety,medium,synthetic,a1,,taglish
pwede po bang humingi ng barangay mediation tungkol sa alagang hayop ng kapitbahay,neighbor_dispute,low,synthetic,a3,,
meron po bang libreng gamot dito sa health center para sa matatanda,social_welfare,low,synthetic,a3,,
sana po magkaroon ng mas accessible na information para sa senior citizens sa barangay office,other,medium,synthetic,a3,,
Ano po ang operating hours ng barangay hall sa Zone 1?,other,low,synthetic,a2,,
may crack sa kalsada malapit sa court parang lumalaki na,road_infrastructure,low,synthetic,a3,,
gabi gabi po may sugalan sa likod ng tindahan ang dami ng tao hanggang madaling araw,public_safety,medium,synthetic,a1,,tl
may maliit na butas sa kalsada malapit sa tindahan sana po mapansin bago lumaki,road_infrastructure,low,synthetic,a3,,
may mga ipis at daga na po sa paligid ng communal trash area,public_health_sanitation,high,synthetic,a3,,
bigla pong nawalan ng tubig sa health center habang may mga pasyenteng gumagamit ng pasilidad,utilities,high,synthetic,a3,,
The posted financial report is from last year. When will the updated one be available for residents to review?,other,medium,synthetic,a1,,en
may sanitation inspection schedule po ba para sa mga food stalls sa barangay market,public_health_sanitation,low,synthetic,a3,,
pwede po bang mag-upload ng larawan bilang evidence sa complaint,other,low,synthetic,a3,,
sir the sewage line burst and waste water is flowing into the houses at the lower part of our street kids are wading in it,public_health_sanitation,high,synthetic,a1,,en
senior na po si tatay pero hindi pa rin po siya kasama sa listahan ng buwanang tulong ilang beses na po kami nagtanong,social_welfare,medium,synthetic,a1,,tl
"Financial assistance needed, nasunugan ang bahay namin sa Purok 6 kahapon.",social_welfare,high,synthetic,a2,unsure,
may sirang lock sa gate ng public playground kaya madaling makapasok kahit gabi,public_safety,medium,synthetic,a3,,
magkano po ba ang bayad kapag magpapatala ako ng reklamo laban sa katabi ng bahay namin,neighbor_dispute,low,synthetic,a1,,tl
gaano po katagal bago maaprubahan ang kahilingan kong gamitin ang bakanteng lote sa likod para sa taniman ng komunidad,other,medium,synthetic,a1,,tl
yung ilaw ng kalye namin sunod sunod na nagbliblink parang may problema sa wiring,utilities,medium,synthetic,a3,,
kelan po ba ang schedule ng pagkuha ng basura dito sa amin bago pa lang kami lumipat,public_health_sanitation,low,synthetic,a1,,tl
ano po ang proseso para makakuha ng kopya ng ordinansa tungkol sa oras ng pagtutugtog,other,low,synthetic,a1,unsure,tl
Family feud next door has escalated to shouting matches almost every night.,neighbor_dispute,high,synthetic,a2,unsure,
may lumang tarpaulin frame na nakausli sa sidewalk at tumatama sa dumadaan,road_infrastructure,medium,synthetic,a3,,
"the bench and roof of the small shed near purok 2 need repainting, not urgent but it already looks neglected",road_infrastructure,low,synthetic,a1,,en
may umaapaw na basura sa tabi ng food stall at dumadami ang langaw sa lugar,public_health_sanitation,high,synthetic,a3,,
may lumuwag na paving blocks sa harap ng barangay office at madalas matisod ang tao,road_infrastructure,medium,synthetic,a3,,
kulang pa po kami ng dadalo para umabot sa itinakdang bilang sa pulong mamayang hapon pakitawag na po ang mga tagapangulo ng purok ngayon din,other,high,synthetic,a1,,tl
mainit na po ulit ngayon sa amin dahil sa bakod nag-abot na ng mura yung dalawang tatay sana po ma-schedule kami mamaya bago pa lumala,neighbor_dispute,high,synthetic,a1,,taglish
paano po mag-file ng request para sa barangay conciliation,neighbor_dispute,low,synthetic,a3,,
Good morning po. May I ask what documents are needed to apply for a separate electric meter for our newly built house? Thank you.,utilities,low,synthetic,a1,,en
tanong ko lang po meron bang cctv sa palibot ng simbahan,public_safety,low,synthetic,a3,,
"Sidewalk pavement cracked and uneven on Masbate Street, tripping hazard for elderly pedestrians.",road_infrastructure,medium,synthetic,a2,,
"is there any plan to extend the drainage line up to the end of our street, we are only asking for information",utilities,low,synthetic,a1,,en
may dalawa na pong nagkadengue dito sa kalye namin tapos may tubig na naipon sa bakanteng lote sa tabi baka dumami pa pakitingnan po,public_health_sanitation,high,synthetic,a1,,tl
may power interruption na po ulit kahit kakabalik lang ng kuryente kanina,utilities,medium,synthetic,a3,,
humihingi po kami ng tulong dahil punong puno ng lamok ang paligid ng day care mahirap na po para sa mga bata,public_health_sanitation,medium,synthetic,a1,,tl
walang streetlight sa may Captain E. Bocalan malapit sa basketball court madilim sobra,road_infrastructure,high,synthetic,a3,,
yung hagdan sa public walkway madulas na dahil sa lumot,road_infrastructure,medium,synthetic,a3,,
kung na-settle na po namin sa labas pwede pa po ba i-withdraw yung na-file ko last week,neighbor_dispute,low,synthetic,a1,,taglish
may lasing na may hawak na kutsilyo sa may tindahan natatakot yung mga tao dito,public_safety,high,synthetic,a1,,tl
Our team wants to join the youth league but registration reportedly closed yesterday. Is there still a chance to be included?,other,medium,synthetic,a1,,en
may sumasabog na kable sa poste may kislap at usok tapos namatay na ang ilaw sa buong hanay namin,utilities,high,synthetic,a1,,tl
may sirang gate sa playground at bukas ito kahit walang bantay,public_safety,medium,synthetic,a3,,
na-snatch po yung cellphone ng kapatid ko kahapon ng hapon sa may sakayan riding in tandem daw po yung kumuha,public_safety,medium,synthetic,a1,,taglish
kupas na yung guhit sa kalsada sa may kanto hindi na alam ng driver kung saan sila dadaan,road_infrastructure,medium,synthetic,a1,,tl
may assistance po ba para sa mga estudyanteng kailangang bumili ng educational materials,social_welfare,low,synthetic,a3,,
Reklamo tungkol sa alagang manok ng kapitbahay na gumagala sa bakuran namin sa A. Fojas Street.,neighbor_dispute,low,synthetic,a2,,
Flooding sa Lieutenant Cerrado Street tuwing umuulan dahil sa clogged drainage.,utilities,high,synthetic,a2,unsure,
may nasagasaan po sa may crossing hindi po huminto yung sasakyan tumakas na po need po ng ambulansya dito,public_safety,high,synthetic,a1,,taglish
may tumutulong tubig mula sa sirang linya sa harap ng bahay at nababasa ang buong kalsada,utilities,medium,synthetic,a3,,
We have three confirmed dengue cases in one household and two more with fever. Requesting immediate inspection of the area.,public_health_sanitation,high,synthetic,a1,,en
May I report a group of stray dogs near the market that chase people on motorcycles. Someone might get hurt soon.,public_health_sanitation,medium,synthetic,a1,,en
may baradong drainage sa tabi ng health center at hindi umaagos ang tubig,public_health_sanitation,medium,synthetic,a3,,
may PWD resident po na kailangan ng assistance para makapunta sa barangay office,social_welfare,medium,synthetic,a3,,
may bata pong muntik mahulog sa creek dahil walang harang sa gilid,public_safety,high,synthetic,a3,,
The family beside us holds karaoke sessions until past midnight almost every weekend. We have asked them politely twice already. Kindly call them for a talk.,neighbor_dispute,medium,synthetic,a1,,en
No electricity restored for almost a week after the last storm in Purok 2.,utilities,high,synthetic,a2,unsure,
nag-file na po kami ng application for medical assistance two weeks ago pero wala pa rin pong update pwede po pa-check,social_welfare,medium,synthetic,a1,,taglish
ano po ang dapat gawin kung hindi dumadalo ang kabilang party sa napag-usapang mediation,neighbor_dispute,low,synthetic,a3,,
may nagbukas po ng gate namin habang wala kami may gasgas ang kandado baka po balikan nila,public_safety,medium,synthetic,a1,,tl
may paraan po ba para magbigay ng suggestion tungkol sa improvement ng barangay website,other,low,synthetic,a3,,
pwede po ba malaman kung kailan ipapagawa yung sirang kalsada sa may purok 2,road_infrastructure,low,synthetic,a3,,
meron po ba kayong isinasagawang fire drill dito sa amin gusto po sana naming matutunan kung paano gamitin ang extinguisher,public_safety,low,synthetic,a1,,tl
may taong pinipilit buksan ang pinto ng barangay facility kahit sarado na,public_safety,high,synthetic,a3,,
pwede po ba humingi ng schedule ng distribution ng school supplies,social_welfare,low,synthetic,a3,,
biglang nawala ang kuryente namin tapos may amoy sunog sa may metro ano po ba ang dapat naming gawin,utilities,high,synthetic,a1,,tl
"Hindi na po kinukuha ang basura sa A. Fojas Street since last night, umaamoy na.",public_health_sanitation,medium,synthetic,a2,,
may kuryenteng tumutulo sa poste malapit sa court medyo delikado tignan,utilities,high,synthetic,a3,,
Rat infestation reported near the public market in Purok 3.,public_health_sanitation,medium,synthetic,a2,,
may mga basura na nakabara sa drainage sa tabi ng daycare center kaya hindi umaagos ang tubig,public_health_sanitation,medium,synthetic,a3,,
may orientation po ba para sa bagong residents tungkol sa barangay rules and services,other,low,synthetic,a3,,
may solo parent na nawalan ng trabaho at naghahanap ng temporary livelihood support,social_welfare,medium,synthetic,a3,,
pwede po ba magtanong kung saan magrereport ng nawawalang cellphone,public_safety,low,synthetic,a3,,
ung team po namin gusto mag-join sa liga pero na-close na daw ung listahan pwede pa po ba kami ma-accommodate,other,medium,synthetic,a1,,taglish
may mabahong wastewater na naiipon sa likod ng market stalls pagkatapos magsara,public_health_sanitation,medium,synthetic,a3,,
Clogged drainage causing water to back up into houses in Zone 3 during heavy rain.,utilities,high,synthetic,a2,unsure,
MAY MALAKAS NA SIGAWAN PO SA BAHAY SA TABI NAMIN AT PARANG MAY NAGBABANTA,neighbor_dispute,high,synthetic,a3,,
nagsusunog po ng basura sa likod ang kapitbahay araw araw pumapasok sa bahay namin ang usok at may asthma ang anak ko sinabihan ko na po pero nag away lang kami,neighbor_dispute,medium,synthetic,a1,,tl
pakitanggal po yung mga lumang poste ng karatula na nakahandusay sa sidewalk,road_infrastructure,medium,synthetic,a3,,
paano po mag-request ng home visit para sa senior citizen na hindi na makalabas,social_welfare,low,synthetic,a3,,
pwede po ba mag-request ng extra na trash bin sa may basketball court kasi lagi pong puno,public_health_sanitation,low,synthetic,a1,,taglish
may bumagsak na bahagi ng lumang waiting shed at may mga exposed na bakal,road_infrastructure,high,synthetic,a3,,
may poste ng street sign na natanggal pagkatapos ng malakas na hangin,road_infrastructure,low,synthetic,a3,,
kalawangin na po yung poste ng ring sa court baka pwedeng ipalit bago mag simula yung liga sa susunod na buwan,road_infrastructure,low,synthetic,a1,,tl
Foul smell coming from a clogged septic tank shared by several households in Purok 1.,public_health_sanitation,medium,synthetic,a2,,
may pamilyang walang pagkain matapos mawalan ng trabaho ang parehong magulang,social_welfare,high,synthetic,a3,,
"Financial assistance needed, nasunugan ang bahay namin sa Purok 3 kahapon.",social_welfare,high,synthetic,a2,unsure,
may basura pong nakabara sa kanal kaya umaapaw ang maruming tubig papunta sa mga bahay,public_health_sanitation,high,synthetic,a3,,
Neighbor's dog keeps barking sa hatinggabi and the owner refuses to do anything about it.,neighbor_dispute,low,synthetic,a2,,
may malaking butas sa sidewalk malapit sa school at ilang bata na ang muntik matisod,road_infrastructure,high,synthetic,a3,,
nakita po naming may nagtatapon ng mga bangkay ng manok sa sapa kung saan kumukuha ng tubig ang iba diyan,public_health_sanitation,high,synthetic,a1,,tl
may senior citizen po na walang kasama at hindi makabili ng pagkain at gamot,social_welfare,high,synthetic,a3,,
gusto ko po sanang malaman kung bakit magkaiba ang oras ng pagdating ng tubig sa magkabilang gilid ng kalye namin,utilities,low,synthetic,a1,,tl
may basura na inanod papunta sa creek at nakabara sa daluyan ng tubig,public_health_sanitation,medium,synthetic,a3,,
Unfinished road widening project has left exposed rebar and debris on Amaya Drive.,road_infrastructure,medium,synthetic,a2,,
"Noise complaint: loud videoke from a neighboring house tuwing madaling araw, residents can't rest.",neighbor_dispute,high,synthetic,a2,unsure,
may mga tile na natanggal sa public walkway kaya hindi pantay ang daanan,road_infrastructure,medium,synthetic,a3,,
Clogged drainage causing water to back up into houses in Purok 6 during heavy rain.,utilities,high,synthetic,a2,unsure,
hi po tanong lang how much po yung processing fee ng indigency at pwede po ba walk in,social_welfare,low,synthetic,a1,,taglish
meron po bang bitamina sa health center para sa senior si tatay po kasi,public_health_sanitation,low,synthetic,a1,,tl
what happens if the other party fails to show up three times do i just wait,neighbor_dispute,low,synthetic,a1,,en
nag-aaway po kami ng kapitbahay tungkol sa paggamit ng shared water connection,neighbor_dispute,medium,synthetic,a3,,
biglang nawala ang tubig sa buong block habang may scheduled community activity,utilities,medium,synthetic,a3,,
"yung ate ko po buntis at walang matirhan, meron po bang tulong pwede ibigay ng barangay",social_welfare,medium,synthetic,a3,,
Persistent shouting matches between roommates disturbing the whole apartment building on Basilan Street.,neighbor_dispute,medium,synthetic,a2,,
tuwing alas dos ng madaling araw may nagkakarera ng motor sa haba ng kalsada hindi na po kami makatulog,public_safety,medium,synthetic,a1,,tl
Paano po mag-apply ng ayuda para sa mga senior citizen sa Zone 2?,social_welfare,low,synthetic,a2,,
may schedule po ba para sa public consultation tungkol sa mga proposed community projects,other,low,synthetic,a3,,
paano po makakakuha ng solo parent ID dito sa barangay,social_welfare,low,synthetic,a3,,
may kahina-hinalang tao pong sumusubok pumasok sa mga bakanteng bahay ngayong gabi,public_safety,high,synthetic,a3,,
wala talagang tubig may bagong panganak kami dito,utilities,high,synthetic,a1,,tl
Want to know the process for registering a new business permit in Purok 3.,other,low,synthetic,a2,,
wala pong ilaw mula pa kahapon nasira na ang mga pagkain sa lamigan namin may sanggol din kaming inaalagaan dito,utilities,high,synthetic,a1,,tl
Recurring flash flood at the intersection of A. Fojas Street whenever it rains for more than an hour.,utilities,high,synthetic,a2,unsure,
paano po mag-register para sa senior citizen assistance program,social_welfare,low,synthetic,a3,,
Good day sir. Kindly advise the schedule of the next livelihood seminar as I would like to join.,social_welfare,low,synthetic,a1,,en
puppy litter po ng stray dogs sa may plaza medyo marami na po sila ngayon,public_safety,medium,synthetic,a3,,
"May mga taong nakababad sa labas ng bahay sa Captain E-Bocalan Street tuwing Sabado ng gabi, kahina-hinala.",public_safety,high,synthetic,a2,unsure,
dalawang beses na lumaktaw yung truck ng basura sa kalye namin,public_health_sanitation,medium,synthetic,a1,,tl
may batang umaakyat sa poste malapit sa playground kailangan po mapagsabihan,public_safety,high,synthetic,a3,,
namatay po yung tatay ko kaninang umaga need po namin ng tulong pang-libing asap wala po talaga kaming pang-funeral,social_welfare,high,synthetic,a1,,taglish
pwede po bang malaman kung may schedule ng community sanitation inspection,public_health_sanitation,low,synthetic,a3,,
may online appointment po ba para sa barangay clearance,other,low,synthetic,a3,,
pwede po bang malaman kung may training para sa residents na gustong magsimula ng maliit na negosyo,social_welfare,low,synthetic,a3,,
may amoy gas sa paligid ng bahay sa kanto sobrang lakas,public_safety,high,synthetic,a1,,tl
may malakas na buzzing sound po sa electrical panel ng community center,utilities,high,synthetic,a3,,
may batang muntik nang masagasaan dahil may mabilis na motor na nagra-racing sa street,public_safety,high,synthetic,a3,,
pwede po bang malaman kung may water maintenance sa aming lugar bukas,utilities,low,synthetic,a3,,
Just asking for directions to the nearest satellite barangay office from Antero Soriano Highway.,other,low,synthetic,a2,,
rabid po yata yung asong gumagala dito sa kanto nangangagat na ng tao kanina pa pwede po ba may pumunta,public_health_sanitation,high,synthetic,a1,unsure,taglish
bumigay na po yung sahig ng tulay na kawayan papuntang sitio hindi na po makadaan ang mga bata pagpasok bukas,road_infrastructure,high,synthetic,a1,,tl
"Report of dengue cases rising in Purok 6, need fogging operation.",public_health_sanitation,high,synthetic,a2,unsure,
wala pong tubig sa public restroom kahit may activity sa barangay hall,utilities,medium,synthetic,a3,,
kailangan po ng anak ko ng katibayan na mahirap lang po kami para sa aplikasyon sa pag-aaral deadline po sa susunod na linggo,social_welfare,medium,synthetic,a1,,tl
"Senior citizen pension hindi pa naibibigay this month, ilang beses na kaming bumalik.",social_welfare,medium,synthetic,a2,,
A resident here borrowed money from me in March and has been avoiding me since. I would like to request assistance in settling this amicably.,neighbor_dispute,medium,synthetic,a1,,en
may mainit na pagtatalo tungkol sa boundary at may pagbabanta na rin,neighbor_dispute,high,synthetic,a3,,
may mga asong gala na humahabol sa mga nagbibisikleta sa umaga,public_safety,medium,synthetic,a3,,
"may nag-aaway na malakas sa kapitbahay namin, parang marahas na po at may sumisigaw",neighbor_dispute,high,synthetic,a3,,
THEY STARTED TEARING DOWN THE WALL BETWEEN OUR LOTS THIS MORNING WITHOUT ANY PAPER PLEASE SEND SOMEONE NOW,neighbor_dispute,high,synthetic,a1,,en
may public faucet na mahina ang pressure at halos hindi magamit,utilities,low,synthetic,a3,,
since last week wala pong signal yung cable at internet namin na-cut daw yung line nung may construction,utilities,medium,synthetic,a1,,taglish
please help my son is confined and the hospital is asking for a guarantee letter before they operate this afternoon,social_welfare,high,synthetic,a1,,en
Landlord threatening to evict a tenant without proper notice in Purok 4.,neighbor_dispute,medium,synthetic,a2,,
paano po mag rehistro bilang bagong residente dito sa barangay,other,low,synthetic,a3,,
ano po ang proseso para sa emergency financial assistance,social_welfare,low,synthetic,a3,,
may kahina-hinalang tao pong kumakatok sa mga bahay kapag gabi at umaalis kapag may lumalabas,public_safety,medium,synthetic,a3,,
nais ko po sanang malaman kung may women and children desk ba dito at anong oras po ito bukas,public_safety,low,synthetic,a1,,tl
"Brownout every afternoon since yesterday, affecting small businesses on Basilan Street.",utilities,medium,synthetic,a2,,
meron po ba kayong numero na pwedeng tawagan pag emergency,public_safety,low,synthetic,a1,,tl
We would like to reserve the covered court for a fun run on the last Sunday of the month. What is the approval process?,other,medium,synthetic,a1,,en
may tulong po ba para sa mga estudyanteng walang pang baon,social_welfare,low,synthetic,a3,,
pwede po kaya ma-assign ng extra tanod tuwing payday kasi madami po nagwi-withdraw sa may bayad center,public_safety,low,synthetic,a1,,taglish
ano po ang requirements para makapag-request ng barangay mediation,neighbor_dispute,low,synthetic,a3,,
Want to know the process for registering a new business permit in Zone 3.,other,low,synthetic,a2,,
may bukas na gate sa abandoned property at may mga taong pumapasok doon,public_safety,medium,synthetic,a3,,
We are organizing a Christmas program on the [DATE] and need to confirm if the sound equipment may be borrowed.,other,medium,synthetic,a1,,en
pwede po ba malaman kung saan itinatapon ang household hazardous waste,public_health_sanitation,low,synthetic,a3,,
paano po magpa-schedule ng appointment sa barangay secretary,other,low,synthetic,a3,,
pwede po bang malaman kung kailangan parehong present ang dalawang panig sa mediation,neighbor_dispute,low,synthetic,a3,,
"Open manhole cover near the school on Lieutenant Cerrado Street, a child almost fell in.",public_safety,high,synthetic,a2,unsure,
may mga batang tumatawid sa highway nang walang pedestrian crossing,public_safety,medium,synthetic,a3,,
sana po magkaroon ng information campaign tungkol sa tamang pagtatapon ng basura,public_health_sanitation,low,synthetic,a3,,
Recurring flash flood at the intersection of Tramo Road whenever it rains for more than an hour.,utilities,high,synthetic,a2,unsure,
yung streetlight po ay biglang namamatay kapag umuulan,utilities,medium,synthetic,a3,,
Ano po ang operating hours ng barangay hall sa Purok 2?,other,low,synthetic,a2,,
Sir we are requesting emergency assistance. My brother met an accident and is in the ICU and we cannot pay the deposit.,social_welfare,high,synthetic,a1,unsure,en
nagtatapon ng basura yung ibang residente sa tabi ng simbahan bawal naman dapat,public_health_sanitation,medium,synthetic,a3,,
may nagpapanggap pong meter reader kaninang umaga pinipilit pumasok sa bahay ng lola ko paki-watch po sana,public_safety,medium,synthetic,a1,,taglish
bukas na po ang huling araw ng labinlimang araw na palugit sa amin wala pa rin pong nangyayari sa sumbong ko tulong naman po,neighbor_dispute,high,synthetic,a1,,tl
may nakitang matandang nakaupo mag-isa sa roadside at mukhang disoriented,public_safety,medium,synthetic,a3,,
Flooding sa Bohol Street tuwing umuulan dahil sa clogged drainage.,utilities,high,synthetic,a2,unsure,
Good day. Today is the deadline for our permit filing at the city and we are still waiting for the endorsement from your office. Kindly release it this morning.,other,high,synthetic,a1,,en
may malaking puno na nakaharang sa visibility ng mga sasakyan sa intersection,road_infrastructure,medium,synthetic,a3,,
may aksidente sa intersection at nakaharang ang mga sasakyan sa daanan,public_safety,high,synthetic,a3,,
kailangan po ng tulong pangkabuhayan dahil nawalan po kami ng trabaho pareho,social_welfare,medium,synthetic,a3,,
"Manhole cover missing for weeks near Balite Street, needs replacement.",road_infrastructure,low,synthetic,a2,,
Requesting burial assistance for an indigent family member who passed away.,social_welfare,high,synthetic,a2,unsure,
Discolored tap water reported by several households in Purok 2.,utilities,medium,synthetic,a2,,
"Eroding road shoulder near the creek in Purok 3, getting worse after each storm.",road_infrastructure,medium,synthetic,a2,,
"Manhole cover missing for weeks near Lieutenant Cerrado Street, needs replacement.",road_infrastructure,low,synthetic,a2,,
may mabahong amoy na nanggagaling sa kanal malapit sa mga bahay namin,public_health_sanitation,medium,synthetic,a3,,
may handaan po kami sa sabado hanggang anong oras po pwede ang tugtog,other,medium,synthetic,a1,,tl
maraming daga sa palengke tuwing gabi,public_health_sanitation,medium,synthetic,a1,,tl
may water pipe na pumutok at mabilis kumalat ang tubig sa residential street,utilities,high,synthetic,a3,,
matagal na pong walang bagong announcement sa official bulletin board sana po ma-update,other,medium,synthetic,a3,,
"Low water pressure for three days straight, barely enough for daily use.",utilities,low,synthetic,a2,,
kailangan po ng papel galing sa inyo para sa aplikasyon namin sa pabahay hanggang katapusan na lang po ang pasahan,social_welfare,medium,synthetic,a1,,tl
may pamilya po na pansamantalang nakikitira sa kamag-anak matapos masira ang kanilang bahay,social_welfare,medium,synthetic,a3,,
may open po ba na pang-aral na tulong for incoming college di po kasi kami updated sa mga announcement ninyo,social_welfare,low,synthetic,a1,,taglish
pwede po bang malaman kung sino ang kontratista ng proyekto sa kanal dito sa amin gusto ko lang po sanang magtanong,utilities,low,synthetic,a1,,tl
may streetlight na patay na simula pa noong nakaraang linggo,utilities,medium,synthetic,a3,,
may scholarship renewal assistance po ba para sa continuing students,social_welfare,low,synthetic,a3,,
may i report that a portion of the sidewalk near the terminal has sunk about four inches and vendors keep stumbling on it,road_infrastructure,medium,synthetic,a1,,en
Continuous verbal harassment from a next-door neighbor over parking space on D. Cesa Street.,neighbor_dispute,medium,synthetic,a2,,
emergency po need ko ng indigency ngayon na po admitted na si nanay sa ER at di sila mag-proceed sa operation pag wala,social_welfare,high,synthetic,a1,,taglish
matagal na po naghihintay kami ng PWD booklet,social_welfare,medium,synthetic,a3,,
"Illegal dumping of construction debris along Catanduanes Street, blocking the waterway.",public_health_sanitation,medium,synthetic,a2,,
biglang naglabasan ang daga sa kusina ng feeding center baka madumihan ang pagkain ng mga bata itigil muna po sana,public_health_sanitation,high,synthetic,a1,,tl
nagkaroon po ng power surge kanina at ilang appliances namin hindi gumagana,utilities,high,synthetic,a3,,
matagal na hindi na dumadaan yung street sweeper sa Montano St,public_health_sanitation,low,synthetic,a3,,
may nagrereklamo po tungkol sa ingay ng alaga naming aso at gusto naming pag-usapan sa barangay,neighbor_dispute,low,synthetic,a3,,
"Suspicious van parked outside the school on Balite Street for three days straight, possible casing for theft.",public_safety,high,synthetic,a2,unsure,
yung aso ng kapitbahay po ay laging nakakalabas at hinahabol ang mga dumadaan,neighbor_dispute,medium,synthetic,a3,,
pwede po bang malagyan ng graba yung daan sa likod ng kapilya putikan kasi,road_infrastructure,low,synthetic,a1,,tl
namatay po ang asawa ko kagabi wala po kaming pambayad sa punerarya hinihingi na po nila ngayon din ang bayad,social_welfare,high,synthetic,a1,,tl
paano po gumawa ng account sa online barangay services,other,low,synthetic,a3,,
Family displaced by flood in Zone 2 needs relief goods and temporary shelter.,social_welfare,high,synthetic,a2,unsure,
ano po ang requirements sa barangay clearance magkano po,other,low,synthetic,a1,,tl
"Brownout every afternoon buong linggo na, affecting small businesses on Cebu Street.",utilities,medium,synthetic,a2,,
pwede po ba magtanong tungkol sa livelihood program para sa mga walang trabaho,social_welfare,low,synthetic,a3,,
Neighbor's dog keeps barking tuwing Sabado ng gabi and the owner refuses to do anything about it.,neighbor_dispute,low,synthetic,a2,,
"Brownout every afternoon for three days straight, affecting small businesses on Callejon-8.",utilities,medium,synthetic,a2,,
dalawang araw na walang kuryente dito may matanda kami na kailangan ng nebulizer sana po maaksyunan agad,utilities,high,synthetic,a1,,tl
po kailangan ko po ng indigency ngayon din opera kasi si tatay bukas hindi po kami tatanggapin sa ospital kung wala nito pakitulungan po,social_welfare,high,synthetic,a1,,tl
good day is the anti rabies drive for pets happening again this year we missed it last time,public_health_sanitation,low,synthetic,a1,,en
may bagong lipat na pamilya na nawalan ng gamit dahil sa sunog at nangangailangan ng basic necessities,social_welfare,high,synthetic,a3,,
"Power outage sa buong Purok 4 simula kagabi, ilang oras na.",utilities,high,synthetic,a2,unsure,
may suggestion po sana na magkaroon ng queue number system sa barangay hall,other,low,synthetic,a3,,
sana po dagdagan yung schedule ng distribusyon ng ayuda dito sa amin,social_welfare,low,synthetic,a3,,
matagal na hindi maayos yung drainage papuntang Montano street,utilities,medium,synthetic,a3,,
medyo pahiwatig lang yung signage papuntang covered court pwede palitan paminsan,road_infrastructure,low,synthetic,a3,,
Good day. May I know the office hours during weekends? I am only free on Sundays. Thank you.,other,low,synthetic,a1,,en
tanong ko lang po pwede ba magdaos ng maliit na event sa basketball court,other,low,synthetic,a3,,
salamat po sa mga kumukuha ng basura maayos naman pwede po kaya madagdagan ng isang araw,public_health_sanitation,low,synthetic,a1,,tl
just curious po kung may libreng seminar ang barangay ngayong buwan,other,low,synthetic,a3,,
pwede po bang dagdagan ang patrol malapit sa terminal dahil madilim doon kapag gabi,public_safety,low,synthetic,a3,,
"Minors seen violating curfew hours, loitering near the plaza tuwing gabi.",public_safety,low,synthetic,a2,,
pwede po ba ma inspect yung steel grating sa may footbridge parang luwag na yung tornilyo gumagalaw tuwing tinatapakan,road_infrastructure,medium,synthetic,a1,,taglish
paano po i-cancel ang request na na-submit ko na,other,low,synthetic,a3,,
may problema po sa pagitan namin ng kapitbahay tungkol sa isang puno sa property line,neighbor_dispute,low,synthetic,a3,,
may kapitbahay pong gumagamit ng bahagi ng driveway namin nang walang pahintulot,neighbor_dispute,medium,synthetic,a3,,
pano po kumuha ng kopya ng lumang sertipiko nawala po kasi yung akin,other,low,synthetic,a1,,tl
yung kanal sa likod ng Alfamart barado at maruming tubig lumalabas,public_health_sanitation,high,synthetic,a3,,
binubuhos po sa kanal ang dumi ng mga alagang baboy sa dulo ng kalye hindi na po kami makakain sa amoy,public_health_sanitation,medium,synthetic,a1,,tl
"Walang tubig sa Cebu Street buong araw na, hindi na po ito unang beses mangyari.",utilities,medium,synthetic,a2,,
nawala yung mojon sa hangganan namin isang gabi lang may naglipat yata,neighbor_dispute,medium,synthetic,a1,,tl
hindi na po gumagana yung ilang water pump sa health center pwede po ba paayusin,public_health_sanitation,medium,synthetic,a3,,
Reklamo tungkol sa alagang manok ng kapitbahay na gumagala sa bakuran namin sa Leyte Street.,neighbor_dispute,low,synthetic,a2,,
may resident po na hindi makapaghanapbuhay dahil sa pagkawala ng kanilang kagamitan,social_welfare,medium,synthetic,a3,,
MAY NASUSUNOG PO SA TABI NG SARI SARI STORE PAKIBILIS PO ANG FIRETRUCK MADAMI PONG BAHAY DITO,public_safety,high,synthetic,a1,,taglish
guys yung waiting shed sa kanto natumba yung kalahati ng bubong nakaharang na po sa kalsada ngayon walang makadaan,road_infrastructure,high,synthetic,a1,,taglish
is the senior citizen booklet for the grocery discount issued here or do we still go to the city,social_welfare,low,synthetic,a1,,en
"Damaged wooden bridge connecting Zone 1, unsafe for daily crossing.",road_infrastructure,high,synthetic,a2,unsure,
"Hindi na po kinukuha ang basura sa Penguin Street for over two weeks, umaamoy na.",public_health_sanitation,medium,synthetic,a2,,
may nag-iwan ng animal waste bags sa gilid ng playground,public_health_sanitation,medium,synthetic,a3,,
ilang araw po ang hintayin bago magkaroon ulit ng tawag kung hindi dumalo yung isang panig,neighbor_dispute,low,synthetic,a1,,tl
Just want to confirm if the barangay office on Leyte Street is open on Saturdays.,other,low,synthetic,a2,,
Hi is there a list of the current officials and their assigned committees posted somewhere? We just moved in.,other,low,synthetic,a1,,en
"the lamp post at the corner snapped at the base and is now resting on our fence, please send a crew tonight",road_infrastructure,high,synthetic,a1,,en
"Stray dogs biting garbage bags and scattering trash all over Masbate Street, unsanitary mess.",public_health_sanitation,medium,synthetic,a2,,
may nag-aaway na malakas sa kapitbahay namin parang marahas na po,neighbor_dispute,high,synthetic,a3,,
pwede po bang malaman kung paano magreport ng water leak sa public line,utilities,low,synthetic,a3,,
pwede po bang ang asawa ko na lang ang humarap sa takdang araw kasi may pasok po ako sa trabaho,neighbor_dispute,low,synthetic,a1,,tl
Public toilet near the market is unsanitary and has no running water.,public_health_sanitation,medium,synthetic,a2,,
Family displaced by flood in Purok 3 needs relief goods and temporary shelter.,social_welfare,high,synthetic,a2,unsure,
bukas daw po gigibain nila yung bakod namin wala po kaming natanggap na kahit anong papel need po namin ng tulong ngayon,neighbor_dispute,high,synthetic,a1,,taglish
sana po ayusin na yung sidewalk papuntang Bocalan mahirap dumaan ng wheelchair,road_infrastructure,medium,synthetic,a3,,
tatlong putok po ang narinig namin sa may eskinita kanina lang pumasok na po lahat sa bahay,public_safety,high,synthetic,a1,,tl
asking for help with school supplies for my three children classes start next week and we really cannot afford it,social_welfare,medium,synthetic,a1,,en
may senior citizen po na walang sapat na pagkain at mag-isa lang sa bahay,social_welfare,high,synthetic,a3,,
may bumagsak na bahagi ng sidewalk malapit sa terminal at delikado sa mga pedestrian,road_infrastructure,high,synthetic,a3,,
"the stairway handrail of the footbridge gave way this morning and an elderly woman nearly fell to the road below, needs repair today",road_infrastructure,high,synthetic,a1,,en
ano po ang requirements para sa solo parent id,social_welfare,low,synthetic,a1,,tl
may ayuda po ba para sa mga pamilyang naapektuhan ng bagyo,social_welfare,medium,synthetic,a3,,
kung mapagkasunduan po namin sa harap ng lupon may bisa pa rin po ba yun kahit walang abogadong kasama,neighbor_dispute,low,synthetic,a1,,tl
pinagbantaan po kami ng kapitbahay namin kahapon pati yung anak ko natatakot na po kami,neighbor_dispute,high,synthetic,a1,,tl
"the pumping station is not running and the water in the low lying part of our purok keeps rising, residents may need to evacuate",utilities,high,synthetic,a1,,en
may naninirang tubig sa kanal sa likod namin dalawang linggo na hindi nakokolekta ang basura amoy na amoy at may lumalabas na daga,public_health_sanitation,high,synthetic,a3,,
may bahagi ng sidewalk na nabaklas at may nakausling semento na maaaring ikatisod,road_infrastructure,medium,synthetic,a3,,
may umaagaw ng linya ng tubig galing sa amin papuntang bahay ng kapitbahay,neighbor_dispute,medium,synthetic,a3,,
"Senior citizen requesting home visit for medicine delivery, cannot walk to the health center.",social_welfare,medium,synthetic,a2,,
MAY NAKASAKSAK PO NA TAO KANINA MALAPIT SA BASKETBALL COURT KAILANGAN PO NG TULONG AGAD,public_safety,high,synthetic,a3,,
may pamilya pong naapektuhan ng sunog at wala silang sapat na gamit para magsimula ulit,social_welfare,high,synthetic,a3,,
gud pm po baka pwede ma check yung flooring ng court may mga maliliit na bitak medyo nakaka distract maglaro pero kaya pa naman,road_infrastructure,low,synthetic,a1,,taglish
may mga lumang gulong na puno ng tubig sa bakanteng lote at maraming lamok,public_health_sanitation,medium,synthetic,a3,,
doble po ang dating singil namin sa tubig ngayong buwan wala namang nabago sa gamit namin ano po kaya ang dahilan,utilities,medium,synthetic,a1,,tl
pwede po ba malaman kung saan magsusurrender ng napulot na identification card,public_safety,low,synthetic,a3,,
"Illegal firecracker selling reported near a residential area in Purok 2, fire hazard.",public_safety,medium,synthetic,a2,,
they cut off the shared drainage pipe of our two houses this morning out of spite and the water is now pooling under our floor,neighbor_dispute,high,synthetic,a1,,en
po tanong lang po tungkol sa clearance tapos may problema din po pala kami sa tubig dito sana po matulungan nyo kami sa dalawa,other,medium,synthetic,a1,,tl
may sirang circuit box sa labas ng community facility sana ma-check agad,utilities,high,synthetic,a3,,
ANG BANGKETA SA HARAP NG PALENGKE UMAAMBA NANG BUMAGSAK SA KANAL SOBRANG LAKI NG BITAK PARANG ANUMANG ORAS GIGIBA NA YAN,road_infrastructure,high,synthetic,a1,,tl
nabasag po ang sahig ng waiting shed sa harap ng palengke nakausli na ang bakal may nasugatan na pong bata kanina pakiayos agad,road_infrastructure,high,synthetic,a1,,tl
may schedule po ba ng libreng legal advice ngayong buwan,other,low,synthetic,a3,,
pwede po bang malaman kung may scheduled maintenance sa electrical line namin,utilities,low,synthetic,a3,,
may amoy sunog mula sa utility box pero wala pang nakikitang apoy,utilities,high,synthetic,a3,,
"the drainage has completely backed up and foul water is flowing into the ground floor units, this is urgent",utilities,high,synthetic,a1,unsure,en
"Illegal firecracker selling reported near a residential area in Purok 6, fire hazard.",public_safety,medium,synthetic,a2,,
just asking lang po what time nagbubukas ang barangay hall tuwing sabado,other,low,synthetic,a3,,
may baradong kanal sa likod ng Alfamart kaya bumabaha agad,utilities,medium,synthetic,a3,,
Cockroach infestation spreading from an abandoned lot on Penguin Street to nearby houses.,public_health_sanitation,medium,synthetic,a2,,
may sakit po sa baga ang tatay ko at may pagpapatingin siya sa katapusan pwede po bang humingi ng tulong para sa gamot,social_welfare,medium,synthetic,a1,,tl
pwede po ba magtanong paano mag report ng lost pet sa barangay,public_safety,low,synthetic,a3,,
gusto ko po sanang maipalista si lola sa libreng bakuna kontra trangkaso,public_health_sanitation,low,synthetic,a1,,tl
urgent po may naiwan akong bag sa barangay hall kanina,other,medium,synthetic,a3,,
may PWD po na naghahanap ng assistance para sa mobility equipment,social_welfare,medium,synthetic,a3,,
ang daming stray dogs po sa may school gate kanina may nasugatan na bata na natumba habang hinahabol pwede po ba may pumunta ngayon,public_health_sanitation,high,synthetic,a1,,taglish
may mga hindi kilalang tao na madalas nagtitipon sa likod ng closed facility,public_safety,medium,synthetic,a3,,
ano po ang requirements para sa barangay clearance,other,low,synthetic,a3,,
may pamilya pong nangangailangan ng temporary shelter assistance,social_welfare,medium,synthetic,a3,,
tatlong linggo na hindi kinukuha yung basura namin may uod na sobrang baho tapos maraming bata dito nakakainis na talaga,public_health_sanitation,high,synthetic,a1,,tl
"Report of an armed altercation near Basilan Street, residents scared to go outside.",public_safety,high,synthetic,a2,unsure,
"yung lolo ko po PWD hindi na makakuha ng ID kasi wala daw available slot, sana matulungan",social_welfare,medium,synthetic,a3,,
may kumikislap na poste ng streetlight at may naririnig na buzzing sound,utilities,high,synthetic,a3,,
may sirang drainage sa gilid ng barangay road at bumabagsak ang lupa sa daanan,road_infrastructure,high,synthetic,a3,,
hindi po nalilinis ang public restroom nang maayos at mabilis bumaho pagkatapos gamitin,public_health_sanitation,medium,synthetic,a3,,
Ano po ang operating hours ng barangay hall sa Purok 7?,other,low,synthetic,a2,,
Nagkaaway ang mga kapitbahay sa Purok 1 dahil sa basura na itinatapon sa harap ng bahay ng isa.,neighbor_dispute,medium,synthetic,a2,,
Good day. May I ask what days the garbage truck passes along our street? We are new residents here. Thank you.,public_health_sanitation,low,synthetic,a1,,en
"May mga taong nakababad sa labas ng bahay sa Basilan Street early in the morning, kahina-hinala.",public_safety,high,synthetic,a2,unsure,
bigla pong nawalan ng internet sa barangay office kaya hindi ma-access ang online services,utilities,low,synthetic,a3,,
sana po dagdagan yung schedule ng garbage collection sa amin minsan lang isang beses isang linggo,public_health_sanitation,low,synthetic,a3,,
pwede po ba malaman kung may online appointment para sa pagkuha ng barangay clearance,other,low,synthetic,a3,,
yung streetlight sa may court sira matagal na,utilities,low,synthetic,a3,,
kailan po ba ang next distribution ng ayuda para sa senior citizen,social_welfare,medium,synthetic,a3,,
"Kapitbahay namin sa Mindanao Street ay maingay early in the morning, hindi kami makatulog.",neighbor_dispute,medium,synthetic,a2,,
may away na malakas sa may basketball court kanina delikado na,public_safety,high,synthetic,a3,,
nagkakaroon po kami ng pagtatalo tungkol sa puno na nasa boundary ng dalawang lote,neighbor_dispute,medium,synthetic,a3,,
umaatras yung dumi sa banyo palabas sa bakuran namin tulong po,public_health_sanitation,high,synthetic,a1,,tl
Just asking for directions to the nearest satellite barangay office from Catanduanes Street.,other,low,synthetic,a2,,
"Electric post leaning dangerously after the storm on Balite Street, may cause a power line outage.",utilities,medium,synthetic,a2,,
may online tracking number po ba para sa mga submitted complaints,other,low,synthetic,a3,,
may hindi pagkakaunawaan po tungkol sa pagtatapon ng tubig mula sa isang bahay papunta sa kabilang property,neighbor_dispute,medium,synthetic,a3,,
may kalawang na bakal na nakausli sa gilid ng daan sana po matanggal bago may masaktan,road_infrastructure,medium,synthetic,a3,,
sinisira ng mga asong gala yung supot ng basura tuwing umaga kalat na kalat tuloy,public_health_sanitation,medium,synthetic,a1,,tl
"Financial assistance needed, nasunugan ang bahay namin sa Purok 1 kahapon.",social_welfare,high,synthetic,a2,unsure,
we were not included in the last distribution even though our name was on the list can you please explain what happened,social_welfare,medium,synthetic,a1,,en
escalated na po sila ngayon nagsisigawan sa kalsada tapos dumadami na yung tao pwede po bang may pumunta agad para ma-awat,neighbor_dispute,high,synthetic,a1,unsure,taglish
buntis po ako manganganak na po kailangan ko po ng masasakyan papuntang ospital ngayon,social_welfare,high,synthetic,a1,,tl
URGENT PO KAILANGAN NG TULONG MEDICAL NA WALANG PANG GAMOT ANG LOLA KO,social_welfare,high,synthetic,a3,,
"Elderly resident living alone in Purok 5 needs medical assistance, walang tumutulong na kamag-anak.",social_welfare,high,synthetic,a2,unsure,
may nagtatapon ng used diapers sa bakanteng lote malapit sa amin,public_health_sanitation,high,synthetic,a3,,
maraming kabataan naglalasing sa court hanggang madaling araw,public_safety,medium,synthetic,a3,,
salamat po sa ayuda nung isang linggo malaking tulong po,social_welfare,low,synthetic,a1,,tl
pwede po ba malaman kung kelan magkakaroon ng susunod na barangay assembly,other,low,synthetic,a3,,
may mga taong nag-iinuman sa madilim na waiting area gabi gabi,public_safety,medium,synthetic,a3,,
may paraan po ba para ma-check online ang status ng request namin,other,low,synthetic,a3,,
"sobrang tagal na po ng hintayan para sa senior citizen pension, sana mapabilis",social_welfare,medium,synthetic,a3,,
may pamilya na nawalan ng income matapos ma-aksidente ang kanilang breadwinner,social_welfare,high,synthetic,a3,,
may patay na aso po sa gitna ng kalsada na-run over kahapon pa amoy na amoy pwede po ba ma-remove today,public_health_sanitation,high,synthetic,a1,,taglish
"good morning po, pwede po ba magtanong kelan matatapos yung construction sa may kanto",road_infrastructure,low,synthetic,a3,,
A man has been following the girls from the school gate for the past week. He does not do anything but he waits there every afternoon.,public_safety,medium,synthetic,a1,,en
Unlit dark alley near the basketball court in Purok 4 has become a spot for loitering and harassment reports.,public_safety,medium,synthetic,a2,,
may naiwan pong tambak na hollow blocks at kahoy sa gilid ng daan mula nung nagpagawa ng bahay yung isang residente makitid tuloy ang dinadaanan,road_infrastructure,medium,synthetic,a1,unsure,tl
Just asking for directions to the nearest satellite barangay office from Amaya Drive.,other,low,synthetic,a2,,
may mga plastic bag na nakasabit sa puno sa tabi ng creek at nakaharang sa daluyan,public_health_sanitation,medium,synthetic,a3,,
"Water meter reading dispute, billed amount doesn't match actual usage.",utilities,low,synthetic,a2,,
anong oras po ba talaga ang curfew para sa mga menor,public_safety,low,synthetic,a1,unsure,tl
totoo po bang lilipat sa bagong gusali ang tanggapan ninyo sa susunod na buwan,other,low,synthetic,a1,,tl
URGENT PO MAY BUMUBUGBOG SA ASAWA NIYA SA KATABING BAHAY,neighbor_dispute,high,synthetic,a3,,
may gulo po sa labas ng school at may mga taong nagtutulakan,public_safety,high,synthetic,a3,,
pano po ba yung tamang paghihiwalay ng basura may guide po ba kayo,public_health_sanitation,low,synthetic,a1,,tl
may i ask if the agreement we signed can still be enforced when the other side suddenly backs out after two months,neighbor_dispute,low,synthetic,a1,,en
Group of men drinking and shouting in public past curfew hours during rush hour.,public_safety,medium,synthetic,a2,,
General inquiry about the upcoming barangay assembly schedule in Purok 3.,other,low,synthetic,a2,,
Group of men drinking and shouting in public past curfew hours almost every night.,public_safety,medium,synthetic,a2,,
"Nag-aaway ang magkapitbahay sa Purok 7 tungkol sa hangganan ng lupa, umaabot na sa banggaan.",neighbor_dispute,high,synthetic,a2,unsure,
Some residents are dumping their household waste in the empty lot near the creek. This has been going on for weeks.,public_health_sanitation,medium,synthetic,a1,,en
may sirang gripo sa public water station kaya tuloy tuloy ang tulo,utilities,low,synthetic,a3,,
may tambak na karton at food packaging sa likod ng market stalls,public_health_sanitation,medium,synthetic,a3,,
pwede po ba malaman kung meron pang bakanteng slot para sa bakuna,public_health_sanitation,low,synthetic,a3,,
halos araw araw na po nag-i-interrupt yung kuryente dito since na-install yung bagong transformer baka pwede ma-inspect,utilities,medium,synthetic,a1,,taglish
may madilim na bahagi sa likod ng school kung saan madalas may hindi kilalang tao,public_safety,medium,synthetic,a3,,
may sumisigaw nanakaw daw sa amin galing sa kapitbahay,neighbor_dispute,medium,synthetic,a3,,
I left a black umbrella at the reception area last Friday. Kindly check if anyone turned it in.,other,low,synthetic,a1,,en
ang bibilis ng mga motor dito sa makitid na kalye namin,public_safety,medium,synthetic,a1,,tl
basag yung semento sa harap ng tindahan natitisod dun si lola sa tabi namin,road_infrastructure,medium,synthetic,a1,,tl
sana po ma pave na yung daan papuntang basketball court dumi at maputik kapag umuulan,road_infrastructure,low,synthetic,a3,,
General inquiry about the upcoming barangay assembly schedule in Purok 1.,other,low,synthetic,a2,,
paano po makakakuha ng senior citizen discount card,other,low,synthetic,a3,,
Good afternoon. The ceiling panel of the day care center is sagging and the water stains keep spreading. For your appropriate action.,road_infrastructure,medium,synthetic,a1,,en
"Stray dogs biting garbage bags and scattering trash all over Turtle Street, unsanitary mess.",public_health_sanitation,medium,synthetic,a2,,
gusto po namin magpa-assist sa barangay dahil hindi namin maayos na napag-uusapan ang shared driveway,neighbor_dispute,medium,synthetic,a3,,
gusto po sana namin ng mediation dahil hindi kami magkasundo sa paggamit ng common gate,neighbor_dispute,low,synthetic,a3,,
may malaking leak po sa tubo sa may kanto tumatalsik ang tubig buong araw sayang po pwede ba ma-repair,utilities,medium,synthetic,a1,,taglish
MAY DAGA PO SA PALIGID NG BASKETBALL COURT DAHIL SA BASURA,public_health_sanitation,high,synthetic,a3,,
"sir our water pressure drops to nothing every evening from six onwards, this has been going on for two weeks already kindly check",utilities,medium,synthetic,a1,,en
"Fireworks being set off illegally near residential homes in Purok 3, fire risk.",public_safety,high,synthetic,a2,unsure,
salamat po at nakapagtapos ang panganay ko dahil sa naitulong ninyo noon tanong ko lang po kung pwede pa rin makasali ang bunso ko sa susunod,social_welfare,low,synthetic,a1,,tl
sirang bahagi ng kalsada papuntang Bocalan St. matagal na hindi inaayos,road_infrastructure,medium,synthetic,a3,,
may motor na matagal nang nakaparada sa eskinita at hindi alam kung kanino,public_safety,medium,synthetic,a3,,
pwede po bang humingi ng mediation tungkol sa problema sa shared fence,neighbor_dispute,low,synthetic,a3,,
may hayop na patay sa tabi ng daan papuntang Puremart amoy na amoy,public_health_sanitation,high,synthetic,a3,,
may elderly resident na kailangan ng regular na pagkain dahil mag-isa lang siya,social_welfare,medium,synthetic,a3,,
may motorsiklong mabilis magpatakbo sa makitid na street namin,public_safety,medium,synthetic,a3,,
paano po mag-apply sa livelihood assistance program ng barangay,social_welfare,low,synthetic,a3,,
may nakaharang na construction materials sa kalahati ng sidewalk hindi na madaanan ng mga tao,road_infrastructure,medium,synthetic,a3,,
may maruming tubig na bumabalik mula sa kanal papunta sa public restroom,public_health_sanitation,high,synthetic,a3,,
po may bukas na manhole malapit sa gate ng eskwelahan walang takip nakakatakot baka mahulog yung bata,road_infrastructure,high,synthetic,a1,,tl
No electricity restored for five days after the last storm in Purok 4.,utilities,high,synthetic,a2,unsure,
medyo madilim na daanan papuntang chapel kaya nakakatakot lalo na sa mga senior,public_safety,medium,synthetic,a3,,
just curious lang po kung meron tanod na naka assign malapit sa simbahan,public_safety,low,synthetic,a3,,
sobrang lakas ng videoke ng kapitbahay namin hanggang madaling araw hindi na kami makatulog,neighbor_dispute,medium,synthetic,a3,,
hi po ask lang kung pano mag-file ng reklamo dito sa brgy first time ko po kasi,neighbor_dispute,low,synthetic,a1,,taglish
Just want to confirm if the barangay office on Penguin Street is open on Saturdays.,other,low,synthetic,a2,,
"Power outage sa buong Zone 1 simula kagabi, ilang oras na.",utilities,high,synthetic,a2,unsure,
pinagbantaan po ako ng kapitbahay na sasaktan niya ako pag nakita niya ako sa labas hindi na po ako lumalabas,public_safety,medium,synthetic,a1,unsure,tl
Good evening. The water from our tap has been cloudy with a musty smell since the last interruption. May we request that it be tested before we use it for drinking. Thank you.,utilities,medium,synthetic,a1,,en
yung kapitbahay po namin nagtatapon ng pinagtabasan ng halaman sa harap ng bahay namin,neighbor_dispute,medium,synthetic,a3,,
pwede po bang lagyan ng pedestrian warning sign yung kalsada malapit sa daycare,road_infrastructure,low,synthetic,a3,,
how much is the clearance for employment and do i need to bring my own picture,social_welfare,low,synthetic,a1,,en
may matandang residente po na nangangailangan ng regular na welfare visit,social_welfare,medium,synthetic,a3,,
pwede po bang dagdagan ang barangay patrol sa lugar namin tuwing gabi,public_safety,low,synthetic,a3,,
may schedule po ba para sa fumigation o pest control sa barangay,public_health_sanitation,low,synthetic,a3,,
the contractor left steel bars and a pile of sand on half of the road last week and nothing has been cleared since then,road_infrastructure,medium,synthetic,a1,,en
"our bill this month is slightly higher than usual, not a big deal but can someone explain how the reading is computed",utilities,low,synthetic,a1,,en
Unsecured vacant house on Basilan Street being used as a hangout by unknown individuals at night.,public_safety,medium,synthetic,a2,,
sana po dagdagan yung info drive tungkol sa mga bagong ordinansa ng barangay,other,medium,synthetic,a3,,
Cockroach infestation spreading from an abandoned lot on Cebu Street to nearby houses.,public_health_sanitation,medium,synthetic,a2,,
pwede po bang malaman kung kailan scheduled ang repair ng kalsada sa aming lugar,road_infrastructure,low,synthetic,a3,,
sir the tricycle of our kapitbahay is always parked across our gate and he gets mad when we ask him to move it,neighbor_dispute,medium,synthetic,a1,,en
may maruming tubig na bumabalik sa communal washing area tuwing ginagamit ang drain,public_health_sanitation,high,synthetic,a3,,
sana magkaroon ng tanod duty sa gabi malapit sa simbahan,public_safety,low,synthetic,a3,,
today po pala yung sched namin pero nasa ospital po ako ngayon kasama yung nanay ko paano po yun,neighbor_dispute,high,synthetic,a1,,taglish
yung ilaw ng kalye galing simbahan hanggang bahay namin patay lahat,utilities,medium,synthetic,a3,,
pakibilisan po ang pagkuha sa likod ng health center may mga gamit na gasa at karayom na nakasabit sa labas,public_health_sanitation,high,synthetic,a1,,tl
"Concrete lamp post leaning after roadworks on Turtle Street, needs to be re-anchored.",road_infrastructure,medium,synthetic,a2,,
may kalsadang gumuho sa gilid dahil sa ulan at paliit nang paliit ang daanan,road_infrastructure,high,synthetic,a3,,
may putik at maruming tubig na pumapasok sa bakuran namin tuwing malakas ang ulan,public_health_sanitation,medium,synthetic,a3,,
may resident po na kailangang ilikas agad dahil nasira nang husto ang kanilang bahay,social_welfare,high,synthetic,a3,,
maraming lamok sa bakanteng lote dahil sa mga lumang gulong na may tubig,public_health_sanitation,medium,synthetic,a3,,
Just asking for directions to the nearest satellite barangay office from Basilan Street.,other,low,synthetic,a2,,
yung barrier sa tulay wala nang isang section kaya bukas ang gilid para sa dumadaan,road_infrastructure,high,synthetic,a3,,
paano po magreport ng utility problem kung weekend at sarado ang office,utilities,low,synthetic,a3,,
may nakikitang gumagala na aso na parang galit malapit sa court,public_safety,medium,synthetic,a3,,
Neighbor's dog keeps barking during rush hour and the owner refuses to do anything about it.,neighbor_dispute,low,synthetic,a2,,
magkano po ba ang bayad kapag magpapakabit ng sariling metro ng kuryente ang isang bagong bahay,utilities,low,synthetic,a1,,tl
may pamilya pong nawalan ng bahay dahil sa bagyo at kailangan nila ng pansamantalang matutuluyan,social_welfare,high,synthetic,a3,,
sobrang lakas umapaw yung baha papuntang Puremart hindi makadaan sasakyan,utilities,high,synthetic,a3,,
Kindly include a drug awareness talk for the out of school youth in the next quarter activities. Many of them just stay at the court all day.,public_safety,low,synthetic,a1,,en
paano po kung walang response sa complaint na na-submit online,other,medium,synthetic,a3,,
"Broken drainage canal cover along Masbate Street, patag na at may sira ang laman, pero walang baha na naganap.",road_infrastructure,low,synthetic,a2,,
may lalaking pilit kumakatok sa mga bahay at ayaw umalis kahit pinapaalis na,public_safety,high,synthetic,a3,,
Rat infestation reported near the public market in Purok 5.,public_health_sanitation,medium,synthetic,a2,,
"Stagnant floodwater has not receded for almost a week, smells and breeding mosquitoes.",public_health_sanitation,high,synthetic,a2,unsure,
Family displaced by flood in Purok 1 needs relief goods and temporary shelter.,social_welfare,high,synthetic,a2,unsure,
may bagong nawalan ng trabaho at gustong malaman kung may emergency food support,social_welfare,medium,synthetic,a3,,
mahina po yung ilaw sa waiting shed kahit naka-on naman buong gabi,road_infrastructure,low,synthetic,a3,,
"Minors seen violating curfew hours, loitering near the plaza early in the morning.",public_safety,low,synthetic,a2,,
may sasakyang mabilis magpatakbo sa playground area kahit maraming batang naglalaro,public_safety,medium,synthetic,a3,,
pwede po bang dagdagan ang barangay patrol sa area malapit sa market tuwing closing time,public_safety,medium,synthetic,a3,,
Reklamo tungkol sa alagang manok ng kapitbahay na gumagala sa bakuran namin sa Tramo Road.,neighbor_dispute,low,synthetic,a2,,
paano po magreport ng nawawalang gamit na nakita sa public area,public_safety,low,synthetic,a3,,
pwede po bang mag-request ng barangay document kahit hindi makapunta personally,other,low,synthetic,a3,,
the smoke from their daily grilling goes straight into our window and they only laugh when we close it,neighbor_dispute,medium,synthetic,a1,,en
"may stagnant water sa likod ng barangay hall baka pugad ng lamok, sana po ma check",public_health_sanitation,medium,synthetic,a3,,
baradong kanal sa likod ng school tuwing umuulan binabaha agad hanggang tuhod,road_infrastructure,medium,synthetic,a3,,
MAY NAKALAT NA BASAG NA SALAMIN SA PALIGID NG DAYCARE BAKA MASUGATAN ANG MGA BATA,public_health_sanitation,high,synthetic,a3,,
Ano po ang operating hours ng barangay hall sa Zone 3?,other,low,synthetic,a2,,
Hello po. I am a solo parent and I would like to know if my children qualify for the educational aid being given this quarter.,social_welfare,medium,synthetic,a1,,en
No electricity restored for almost a week after the last storm in Purok 4.,utilities,high,synthetic,a2,unsure,
ano po ang proseso para humingi ng assistance para sa isang batang hindi makapasok sa school dahil sa financial problem,social_welfare,medium,synthetic,a3,,
may sirang water dispenser sa health center matagal na daw,public_health_sanitation,low,synthetic,a3,,
may patay na hayop sa kanal amoy na amoy sa buong kalye,public_health_sanitation,high,synthetic,a1,,tl
na delay po ata yung re asphalt sa daan namin kasi puro tambak ng graba na lang tapos madulas pag umuulan,road_infrastructure,medium,synthetic,a1,,taglish
"Stray dogs biting garbage bags and scattering trash all over Bohol Street, unsanitary mess.",public_health_sanitation,medium,synthetic,a2,,
delikado na po yung nakalubog na wire sa baha dito sa may kanto pa-cut naman po ng power bago may ma-kuryente,utilities,high,synthetic,a1,unsure,taglish
yung alagang baboy ng kapitbahay namin maingay tuwing madaling araw at naaabala ang mga tao,neighbor_dispute,medium,synthetic,a3,,
ayaw na pong umalis ng umuupa sa amin tapos na ang kasunduan noong nakaraang buwan at ngayon sinasabi niyang siya na ang may ari sana po matawag siya bukas,neighbor_dispute,high,synthetic,a1,,tl
may nakita pong matandang tila naliligaw sa may highway at hindi alam kung saan pupunta,public_safety,medium,synthetic,a3,,
paano po magpa-enroll sa barangay livelihood seminar,social_welfare,low,synthetic,a3,,
sana po magkaroon ng safety orientation para sa mga bata sa school zone,public_safety,low,synthetic,a3,,
"Kapitbahay namin sa Tramo Road ay maingay tuwing Sabado ng gabi, hindi kami makatulog.",neighbor_dispute,medium,synthetic,a2,,
"Report of an armed altercation near Tramo Road, residents scared to go outside.",public_safety,high,synthetic,a2,unsure,
Tenant complaint: co-tenant playing loud music tuwing weekend in a shared apartment.,neighbor_dispute,medium,synthetic,a2,,
may kapitbahay na nag-iimbak ng mga kahon sa common passage at ayaw alisin,neighbor_dispute,medium,synthetic,a3,,
pwede po ba humingi ng schedule ng regular garbage collection sa street namin,public_health_sanitation,low,synthetic,a3,,
medyo na rust na po yung railings ng footbridge baka ma schedule na i repaint bago pa lumala,road_infrastructure,low,synthetic,a1,,taglish
may away po tungkol sa pag-aari ng isang bahagi ng bakanteng lote,neighbor_dispute,medium,synthetic,a3,,
"we received a disconnection notice even though our payments are updated, kindly help us clarify with the provider before they cut our line",utilities,medium,synthetic,a1,,en
yung kalsada papuntang cemetery maraming malalalim na crack pero madaanan pa naman,road_infrastructure,medium,synthetic,a3,,
"Stray dogs biting garbage bags and scattering trash all over Antero Soriano Highway, unsanitary mess.",public_health_sanitation,medium,synthetic,a2,,
"sir someone tried to pry open our window last night, there are marks on the frame, we are scared they will come back tonight",public_safety,medium,synthetic,a1,,en
may assistance po ba para sa burial expenses ng low-income families,social_welfare,high,synthetic,a3,,
Cockroach infestation spreading from an abandoned lot on Callejon-8 to nearby houses.,public_health_sanitation,medium,synthetic,a2,,
may stagnant water po sa bakanteng lote na halos isang linggo nang hindi natutuyo,public_health_sanitation,medium,synthetic,a3,,
Is the barangay accepting volunteers for the upcoming sportsfest? I can help with scorekeeping.,other,low,synthetic,a1,,en
may lalaki na nagwawala sa plaza at naghahagis ng mga bagay sa mga tao,public_safety,high,synthetic,a3,,
may nahulog na tao mula sa second floor ng isang building at kailangan ng emergency assistance,public_safety,high,synthetic,a3,,
gusto ko po sana magbigay ng suggestion na dagdagan ang katulong sa senior citizen desk,social_welfare,low,synthetic,a3,,
yung bakanteng lote sa kanto puro na damo at tambakan na po ng mga dumadaan na taga labas,public_health_sanitation,medium,synthetic,a1,,tl
kelan po ang next maintenance schedule ng kuryente dito sa amin,utilities,low,synthetic,a3,,
may mga langaw na dumadami sa likod ng wet market dahil sa nabubulok na fish waste,public_health_sanitation,high,synthetic,a3,,
ano po ang requirements para makakuha ng assistance bilang indigent resident,social_welfare,low,synthetic,a3,,
can we request one more trash bin near the waiting shed please,public_health_sanitation,low,synthetic,a1,,en
paulit ulit na nagdi-disconnect ang power sa barangay facility,utilities,medium,synthetic,a3,,
gaano po katagal bago maibalik yung koneksyon ng tubig namin,utilities,low,synthetic,a3,,
may nag excavate po dito last week tapos hindi na na restore yung semento nag iipon na ng tubig yung hukay,road_infrastructure,medium,synthetic,a1,,taglish
"Walang tubig sa Turtle Street buong araw na, hindi na po ito unang beses mangyari.",utilities,medium,synthetic,a2,,
yung pavement po sa tapat ng daycare ay hindi pantay at maraming bata ang dumadaan,road_infrastructure,medium,synthetic,a3,,
General inquiry about the upcoming barangay assembly schedule in Purok 6.,other,low,synthetic,a2,,
"Stray dogs biting garbage bags and scattering trash all over Captain E-Bocalan Street, unsanitary mess.",public_health_sanitation,medium,synthetic,a2,,
PWD requesting assistance for a wheelchair ramp access at the barangay hall.,social_welfare,medium,synthetic,a2,,
may malaking puno na halos bumagsak na sa kalsada at may mga sasakyang dumadaan,road_infrastructure,high,synthetic,a3,,
"sir there are gunshots near the creek just now, three loud shots, everyone ran inside their houses, please respond",public_safety,high,synthetic,a1,,en
pwede po bang magkaroon ng regular na paglilinis sa creek namin,public_health_sanitation,low,synthetic,a3,,
napakaraming langaw sa may puwesto ng karne sa palengke,public_health_sanitation,medium,synthetic,a1,,tl
Just asking for directions to the nearest satellite barangay office from Lieutenant Cerrado Street.,other,low,synthetic,a2,,
hi po yung lola ko po matanda na pero di pa rin siya nakakatanggap ng buwanang tulong pwede po ba ma-verify kung naipasa ba talaga,social_welfare,medium,synthetic,a1,,taglish
nag-start na po sila mag-semento sa gitna ng driveway na pinaghahatian namin kanina lang pakitigil po muna habang di pa tapos,neighbor_dispute,high,synthetic,a1,,taglish
gusto ko lang po ma-record yung nangyari for now ayoko pa po mag-pursue baka mag-ayos pa kami,neighbor_dispute,low,synthetic,a1,,taglish
yung sidewalk po sa tapat ng mga tindahan hindi na pantay at madalas nadadapa ang mga bata,road_infrastructure,medium,synthetic,a3,,
gabi na lang dumarating yung tubig ngayon,utilities,medium,synthetic,a1,,tl
Garbage collection truck skipped A. Fojas Street for two days now.,public_health_sanitation,low,synthetic,a2,,
pina-discharge na po kami pero di kami pwede lumabas hanggat di bayad yung bill need po namin ng assistance today talaga,social_welfare,high,synthetic,a1,,taglish
ano po ang schedule ng fiesta ngayong taon malapit sa simbahan,other,low,synthetic,a3,,
sana po malagyan ng pangalan ang mga street sign sa bagong bahagi ng subdivision,road_infrastructure,low,synthetic,a3,,
sobrang dami pong lamok dito sa purok 2 pwede po ba ma-schedule ng fogging asap,public_health_sanitation,medium,synthetic,a1,,taglish
may nagtatapon ng bato sa mga sasakyan malapit sa Alfamart,public_safety,medium,synthetic,a3,,
matagal na hindi maayos yung baradong drainage sa may simbahan,utilities,medium,synthetic,a3,,
Foul smell coming from a clogged septic tank shared by several households in Purok 6.,public_health_sanitation,medium,synthetic,a2,,
may away po tungkol sa kung sino ang may karapatang gumamit ng shared driveway,neighbor_dispute,medium,synthetic,a3,,
MAY NAKASAKSAK PO NG BATA MALAPIT SA SIMBAHAN KAILANGAN PO TULONG AGAD,public_safety,high,synthetic,a3,,
"PWD ID application requirements, saan po kukunin?",social_welfare,low,synthetic,a2,,
yung ilaw sa daan papuntang Alfamart nagbliblink sunod sunod parang may problema,utilities,medium,synthetic,a3,,
may nagbebenta raw ng bawal na gamot malapit sa Bocalan St,public_safety,medium,synthetic,a3,,
may mga lalagyan na puno ng tubig sa paligid ng barangay facility at maraming lamok,public_health_sanitation,medium,synthetic,a3,,
General inquiry about the upcoming barangay assembly schedule in Purok 5.,other,low,synthetic,a2,,
ni-lock po nila yung gate ng shared passage namin kanina stuck po kami sa loob ng buong pamilya,neighbor_dispute,high,synthetic,a1,,taglish
grabe po yung fluctuation kanina na-brownout tapos bumalik tapos na-off ulit nasira na yung tv namin,utilities,medium,synthetic,a1,,taglish
Unsecured vacant house on Lieutenant Cerrado Street being used as a hangout by unknown individuals at night.,public_safety,medium,synthetic,a2,,
may kapitbahay na nagpapakawala ng aso sa common area at natatakot ang mga bata,neighbor_dispute,high,synthetic,a3,,
"Stagnant floodwater has not receded since yesterday, smells and breeding mosquitoes.",public_health_sanitation,high,synthetic,a2,unsure,
pwede po ba kaming maisama sa feeding program yung dalawang anak ko po,social_welfare,medium,synthetic,a1,,tl
gud am po ask ko lang kung anong time nag-o-open yung health center for consultation,public_health_sanitation,low,synthetic,a1,,taglish
Who should I speak with about moving the inspection date of our store? The schedule given conflicts with a hospital appointment.,other,medium,synthetic,a1,,en
"Eroding road shoulder near the creek in Purok 7, getting worse after each storm.",road_infrastructure,medium,synthetic,a2,,
may bahagi ng kalsada sa likod ng chapel na gumuho ang gilid at unti unti nang lumiit ang daanan,road_infrastructure,medium,synthetic,a3,,
sira na po yung takip ng drainage sa tapat ng sari sari store natatapakan pa po ng mga bata tuwing umaga paakyat ng school,road_infrastructure,medium,synthetic,a1,,tl
may napulot pong bag sa waiting area at baka may may-ari na naghahanap,public_safety,low,synthetic,a3,,
"flood water is already inside our house and still rising, we have small children here, we need help now",utilities,high,synthetic,a1,,en
"Suspicious van parked outside the school on Penguin Street for several hours already, possible casing for theft.",public_safety,high,synthetic,a2,unsure,
may nakaharang na lumang kariton sa sidewalk ilang araw na po,road_infrastructure,low,synthetic,a3,,
"Walang tubig sa Bohol Street buong araw na, hindi na po ito unang beses mangyari.",utilities,medium,synthetic,a2,,
may sirang electrical wire na nakalaylay malapit sa waiting area,utilities,high,synthetic,a3,,
may traffic barrier na naiwan sa gitna ng daan kahit tapos na ang road work,road_infrastructure,low,synthetic,a3,,
"matagal na po hindi na update yung barangay bulletin board, luma na yung mga info",other,medium,synthetic,a3,,
may batang naiwan po sa labas ng convenience store at umiiyak at hindi makita ang kasama,public_safety,high,synthetic,a3,,
may proseso po ba para mag-submit ng general concern na hindi pasok sa ibang complaint category,other,low,synthetic,a3,,
Clogged drainage causing water to back up into houses in Purok 1 during heavy rain.,utilities,high,synthetic,a2,unsure,
pwede po bang malaman kung may program para sa out-of-school youth,social_welfare,low,synthetic,a3,,
Overflowing communal trash bin attracting flies and stray dogs in Purok 6.,public_health_sanitation,medium,synthetic,a2,,
Streetlights along the basketball court in Zone 1 have been out buong linggo na.,road_infrastructure,low,synthetic,a2,,
may nagkasagutan na dalawang grupo sa terminal at nagsisimula nang magsuntukan,public_safety,high,synthetic,a3,,
tuwing biyernes ng gabi may inuman at videoke sa kabilang bahay hanggang alas tres ng umaga wala na po kaming tulog mga bata ko may pasok pa,neighbor_dispute,medium,synthetic,a1,,tl
"Power outage sa buong Purok 1 simula kagabi, ilang oras na.",utilities,high,synthetic,a2,unsure,
matagal na pong hindi nababasa ang metro namin tantiya lang daw ang singil tama po ba yon,utilities,low,synthetic,a1,,tl
paano po mag-update ng contact information sa barangay records,other,low,synthetic,a3,,
Paano po mag-apply ng ayuda para sa mga senior citizen sa Purok 2?,social_welfare,low,synthetic,a2,,
pwede po bang malaman kung kailan ang susunod na barangay assembly,other,low,synthetic,a3,,
naanod na naman yung graba pagkatapos umulan puro putik na naman dito,road_infrastructure,medium,synthetic,a1,,tl
my wife needs her maintenance medicine tonight and we have nothing left we already borrowed from everyone we know,social_welfare,high,synthetic,a1,,en
"Malnourished children reported in Purok 3, requesting feeding program support.",social_welfare,high,synthetic,a2,unsure,
meron po ba kayong ipapamigay na tarpaulin o papel tungkol sa tamang pagtatapon para maipaskil namin sa purok,public_health_sanitation,low,synthetic,a1,,tl
paulit ulit pong nawawala ang kuryente sa aming block nitong mga nakaraang gabi,utilities,medium,synthetic,a3,,
palaging may nagsisigawan sa kabilang bahay tuwing madaling araw nakakagambala na,neighbor_dispute,medium,synthetic,a3,,
"Suspected food poisoning cases traced to a stall near the market, needs sanitation inspection.",public_health_sanitation,high,synthetic,a2,unsure,
may kapitbahay po kaming naglalagay ng gamit sa shared pathway at nahihirapan kaming dumaan,neighbor_dispute,medium,synthetic,a3,,
walang tubig po simula kahapon may pasyente po kaming naka dialysis dito na kailangan ng malinis na tubig araw araw,utilities,high,synthetic,a1,,tl
kailangan po ma-submit ng 5pm today ung bid documents sabi may certification daw kayong kailangan i-issue di ko po alam pano,other,high,synthetic,a1,,taglish
matagal ng walang kuryente sa amin mula kahapon sa may Alfamart,utilities,medium,synthetic,a3,,
may malaking debris na nakaharang sa kalsada at hindi makadaan ang ambulansya,road_infrastructure,high,synthetic,a3,,
"Malnourished children reported in Purok 2, requesting feeding program support.",social_welfare,high,synthetic,a2,unsure,
Persistent shouting matches between roommates disturbing the whole apartment building on Leyte Street.,neighbor_dispute,medium,synthetic,a2,,
pwede po ba kaming mga residente na kami na lang magpinta ulit ng pedestrian lane,road_infrastructure,low,synthetic,a1,,tl
may nabuwal na poste malapit sa Alfamart pakichek po agad delikado,road_infrastructure,high,synthetic,a3,,
Family displaced by flood in Purok 6 needs relief goods and temporary shelter.,social_welfare,high,synthetic,a2,unsure,
Boundary dispute with a neighbor over a fence line on Masbate Street that has gone on since last night.,neighbor_dispute,medium,synthetic,a2,,
may taong nag-aalok ng kahina-hinalang produkto sa mga estudyante malapit sa school gate,public_safety,medium,synthetic,a3,,
dalawang linggo na pong hukay ang kalsada sa may kanto plywood lang ang pantakip hindi pa naibabalik yung semento,road_infrastructure,medium,synthetic,a1,,tl
po naiwan ko po yung bag ko sa barangay hall kanina hapon meron po ba kayong nakita,other,medium,synthetic,a1,,tl
"there is an exposed live wire lying in the flood at the corner, please have the power cut before someone is electrocuted",public_safety,high,synthetic,a1,,en
Unsecured vacant house on Catanduanes Street being used as a hangout by unknown individuals at night.,public_safety,medium,synthetic,a2,,
"Stray dogs roaming in packs, chasing children near the school in Zone 2.",public_safety,medium,synthetic,a2,,
may basurang naiwan sa covered court pagkatapos ng event at hindi pa nakokolekta,public_health_sanitation,medium,synthetic,a3,,
matagal na po hindi nakakuha ng financial assistance kahit indigent kami,social_welfare,medium,synthetic,a3,,
may nag collapse pong bahagi ng kalsada sa may kanto nung bumaha kagabi parang malalim na hukay na po ngayon walang harang,road_infrastructure,high,synthetic,a1,,taglish
Unfinished road widening project has left exposed rebar and debris on Balite Street.,road_infrastructure,medium,synthetic,a2,,
mahina ang water pressure sa second block for several days na,utilities,medium,synthetic,a3,,
ilang buwan na pong bali bali yung tabla ng upuan sa waiting shed sa kanto wala namang naupo dun pero pangit tingnan,road_infrastructure,low,synthetic,a1,,tl
may tubig na lumalabas sa takip ng drainage pagkatapos gamitin ang pump,utilities,medium,synthetic,a3,,
ano po ang kailangan para ma-update ang resident information,other,low,synthetic,a3,,
nagkalat po ang dumi ng aso sa harap ng day care hindi na malakaran ng mga bata pagpasok,public_health_sanitation,medium,synthetic,a1,,tl
may nakita pong wallet sa harap ng barangay hall baka may naghahanap,public_safety,low,synthetic,a3,,
meron po bang tulong para sa mga nawalan ng trabaho ngayon,social_welfare,medium,synthetic,a3,,
KINDLY ATTEND TO OUR REQUEST WE HAVE BEEN FOLLOWING UP FOR ONE MONTH ALREADY REGARDING THE MEDICINE OF MY WIFE,social_welfare,medium,synthetic,a1,,en
mahina po ang tubig sa public facility kapag peak hours,utilities,low,synthetic,a3,,
may nagkikislap sa poste may usok na po,public_safety,high,synthetic,a1,,tl
General inquiry about the upcoming barangay assembly schedule in Zone 2.,other,low,synthetic,a2,,
NASIRA PO ANG STREETLIGHT SA C MONTANO ST MADILIM NA PARIS NG DATING LUMANG KALYE,road_infrastructure,high,synthetic,a3,,
emergency po natanggal yung buong takip ng manhole sa gitna ng daan tapos madilim dyan walang makakakita nyan mamayang gabi,road_infrastructure,high,synthetic,a1,,taglish
Just asking for directions to the nearest satellite barangay office from Turtle Street.,other,low,synthetic,a2,,
may sirang switch sa public facility kaya hindi ma-on ang ilaw sa isang room,utilities,medium,synthetic,a3,,
pa-share naman po ng password ng internet sa waiting area di po kasi maka-connect ung anak ko,other,low,synthetic,a1,,taglish
yung anak ng kapitbahay namin palaging sumisigaw kahit walang dahilan,neighbor_dispute,low,synthetic,a3,,
yung kapitbahay namin ay naglalagay ng harang sa daanan na ginagamit ng maraming residente,neighbor_dispute,medium,synthetic,a3,,
"Fireworks being set off illegally near residential homes in Purok 4, fire risk.",public_safety,high,synthetic,a2,unsure,
paano po mag-register para sa text notifications ng barangay,other,low,synthetic,a3,,
"Sidewalk pavement cracked and uneven on Leyte Street, tripping hazard for elderly pedestrians.",road_infrastructure,medium,synthetic,a2,,
pinutulan po kami ng kuryente kahit bayad na may proof of payment ako 2 days na kaming walang ilaw may baby po kami,utilities,high,synthetic,a1,,taglish
"Hindi na po kinukuha ang basura sa Lieutenant Cerrado Street for almost a month, umaamoy na.",public_health_sanitation,medium,synthetic,a2,,
tulong po nag-aaway na yung dalawang grupo ng teenagers may hawak na bakal nag-e-escalate na po,public_safety,high,synthetic,a1,,taglish
may mga basurang naiwan sa playground mula kahapon,public_health_sanitation,low,synthetic,a3,,
Clogged drainage causing water to back up into houses in Purok 3 during heavy rain.,utilities,high,synthetic,a2,unsure,
yung puno ng kapitbahay laging nalalaglag sa bubong namin yung bunga at sanga,neighbor_dispute,medium,synthetic,a1,,tl
Neighbor's dog keeps barking tuwing madaling araw and the owner refuses to do anything about it.,neighbor_dispute,low,synthetic,a2,,
ilang beses na po akong tumawag sa numero ninyo pero walang sumasagot palagi sayang ang load,other,low,synthetic,a1,,tl
Requesting ayuda dahil apektado ng power outage sa Purok 5 at nasira ang mga pagkain sa refrigerator.,social_welfare,medium,synthetic,a2,,
Nagkaaway ang mga kapitbahay sa Purok 4 dahil sa basura na itinatapon sa harap ng bahay ng isa.,neighbor_dispute,medium,synthetic,a2,,
"Stray dogs roaming in packs, chasing children near the school in Purok 5.",public_safety,medium,synthetic,a2,,
umaapaw na po yung sewage sa may dead end pumapasok na sa bahay grabe yung amoy tapos madulas na delikado,public_health_sanitation,high,synthetic,a1,,taglish
sobrang malakas magsalita galit yung asawa ng kapitbahay namin kanina,neighbor_dispute,medium,synthetic,a3,,
pinapapirmahan po ako ng paaralan ng sulat mula mismo sa kapitan at bukas na po ang pasahan,other,medium,synthetic,a1,,tl
Neighbor's dog keeps barking tuwing gabi and the owner refuses to do anything about it.,neighbor_dispute,low,synthetic,a2,,
"Malnourished children reported in Zone 2, requesting feeding program support.",social_welfare,high,synthetic,a2,unsure,
may water meter na tuloy tuloy ang ikot kahit walang gumagamit ng gripo,utilities,medium,synthetic,a3,,
tuwing umuulan po bumabagsak nang diretso sa bakuran namin ang tubig galing sa bubong nila naluluma na ang sahig namin,neighbor_dispute,medium,synthetic,a1,,tl
may rider po na palaging nagrerev ng motor nang mabilis sa residential area,public_safety,medium,synthetic,a3,,
"Fallen electric wire near Catanduanes Street after the typhoon, exposed and unrepaired.",utilities,high,synthetic,a2,unsure,
may pamilya pong nawalan ng kagamitan matapos pasukin ng baha ang bahay,social_welfare,high,synthetic,a3,,
"Malaking pothole sa Callejon-8, nakakasira ng gulong ng mga sasakyan.",road_infrastructure,medium,synthetic,a2,,
grabe po nabali yung kalahati ng slab sa tulay may sasakyan pong muntik mahulog kanina kailangan po ng barricade asap,road_infrastructure,high,synthetic,a1,,taglish
rumaragasa na po yung tubig galing sa drainage papasok sa mga bahay dito sa lower area tumataas pa rin hanggang ngayon,utilities,high,synthetic,a1,,taglish
"Financial assistance needed, nasunugan ang bahay namin sa Zone 2 kahapon.",social_welfare,high,synthetic,a2,unsure,
the teenage boy next door keeps banging on our gate around midnight and his parents refuse to discuss it with us,neighbor_dispute,medium,synthetic,a1,unsure,en
yung mga minors po nag-i-inom sa court tuwing weekend tapos nagkakalat ng bote pwede po ba ma-check ng tanod,public_safety,medium,synthetic,a1,unsure,taglish
may mga used medical materials po na nakakalat malapit sa health center kailangan ma-clear agad,public_health_sanitation,high,synthetic,a3,,
huling araw na po ngayon ng bayad ng permiso sa bayan at hinihintay ko pa rin ang papeles ninyo mula pa noong martes,other,high,synthetic,a1,,tl
Paano po makakakuha ng schedule ng libreng legal aid clinic?,other,low,synthetic,a2,,
gusto ko po sanang maisama ang bunso ko sa programa sa pagpapakain payat na payat na po kasi sabi ng health worker,social_welfare,medium,synthetic,a1,unsure,tl
gusto ko po sana sumali sa bantay bayan pano po ang proseso,public_safety,low,synthetic,a1,,tl
may curfew po ba talaga dito madalas may batang gabi gabi pa sa court,public_safety,low,synthetic,a3,,
pa-follow up lang po sa application ko ng permit sa tindahan na-submit ko pa nung isang linggo wala pa rin feedback,other,medium,synthetic,a1,,taglish
Barangay tanod reports an increase in snatching incidents along Basilan Street tuwing madaling araw.,public_safety,high,synthetic,a2,unsure,
hindi na po nalilinis ang palikuran sa covered court tuwing may laro sobrang sama ng amoy,public_health_sanitation,medium,synthetic,a1,,tl
buntis po ako walo na po ang buwan meron po ba kayong tulong sa pagpapaanak sana po masabihan ninyo ako bago pa ako manganak,social_welfare,medium,synthetic,a1,,tl
marumi at mabaho po ang paligid ng evacuation center at wala nang maayos na lugar para magtapon ng basura,public_health_sanitation,high,synthetic,a3,,
yung streetlight papuntang simbahan ilang buwan nang sira,utilities,medium,synthetic,a3,,
"Minors seen violating curfew hours, loitering near the plaza during rush hour.",public_safety,low,synthetic,a2,,
may kapitbahay pong nagsusunog ng basura at pumapasok ang usok sa bahay namin,neighbor_dispute,high,synthetic,a3,,
may nahulog po akong susi malapit sa gate nyo kagabi baka po na-turn over sa inyo ngayong umaga,other,low,synthetic,a1,,taglish
na-delay po yung release ng ayuda namin last month pwede po ba mag-follow up kung kelan yung bago,social_welfare,medium,synthetic,a1,,taglish
Garbage collection truck skipped Basilan Street for five days.,public_health_sanitation,low,synthetic,a2,,
mahina po ang tubig namin simula kahapon at halos patak lang lumalabas sa gripo,utilities,medium,synthetic,a3,,
may nagkalat na pako sa kalsada na maaaring makatusok sa mga dumadaan,public_safety,high,synthetic,a3,,
may hindi kilalang lalaki na sinusubukan buksan yung mga pinto dito sa kalye namin kaninang madaling araw natakot kami,public_safety,high,synthetic,a1,,tl
may public consultation po ba bago ipatupad ang mga bagong barangay ordinansa,other,low,synthetic,a3,,
kailangan po ng tulong para sa burol ng kamag anak namin,social_welfare,medium,synthetic,a3,,
na-flood po yung buong ground floor namin kasi umapaw yung creek tapos barado pa yung drainage need po namin ng tulong ngayon din,utilities,high,synthetic,a1,unsure,taglish
Their new fence appears to have crossed into our lot. We would like to request a joint measurement with both parties present.,neighbor_dispute,medium,synthetic,a1,,en
may online form po ba para magbigay ng suggestion sa barangay,other,low,synthetic,a3,,
may nagbebenta ng alak sa mga menor de edad dito,public_safety,medium,synthetic,a1,,tl
sana dagdagan schedule ng garbage truck papuntang Bocalan St,public_health_sanitation,low,synthetic,a3,,
may kuryente po pero bigla biglang namamatay ang mga ilaw sa bahay,utilities,medium,synthetic,a3,,
may taong nagbabanta sa isang residente at patuloy siyang sinusundan sa kalsada,public_safety,high,synthetic,a3,,
may aksidente sa kalsada at may mga taong nagsisiksikan sa paligid na baka lalo pang maging delikado,public_safety,high,synthetic,a3,,
salamat po sa pag ayos ng problema namin last month,other,low,synthetic,a3,,
Good day. I would like to inquire where we can settle our water bill within the barangay. Thank you and God bless.,utilities,low,synthetic,a1,,en
may nakalabas na turnilyo sa kahoy na upuan ng waiting shed baka mapunit ang damit o magasgas ang bata,road_infrastructure,medium,synthetic,a3,,
barado yung kanal sa likod ng mga bahay pinamamahayan na ng lamok,public_health_sanitation,medium,synthetic,a1,,tl
NAGGIGIBA NA PO SILA NGAYON NG PADER NAMIN WALA KAMING PINIRMAHAN PAKIPIGIL PO SANA BAGO MATAPOS,neighbor_dispute,high,synthetic,a1,,tl
may malaking bato po sa gitna ng residential road at muntik nang bumangga ang isang motor,road_infrastructure,high,synthetic,a3,,
gud pm po kelan po ba ulit maglilinis ng kanal ang barangay taunan po ba yan o may takdang buwan,utilities,low,synthetic,a1,,tl
may asong gala na agresibo at ilang beses nang sumusugod sa mga taong dumadaan,public_safety,high,synthetic,a3,,
may naghahalo po ng chemical waste sa kanal galing sa maliit na shop nangangati na balat ng mga bata na naliligo sa ulan,public_health_sanitation,high,synthetic,a1,,taglish
may mabahong kanal malapit sa school at nagrereklamo na ang mga estudyante,public_health_sanitation,medium,synthetic,a3,,
Ano po ang operating hours ng barangay hall sa Zone 2?,other,low,synthetic,a2,,
may natumbang sanga ng malaking puno na nakaharang sa daanan papuntang barangay hall,road_infrastructure,high,synthetic,a3,,
may tumutulo pong tubo sa gilid ng kalsada araw gabi nasasayang lang ang tubig sana po matingnan,utilities,medium,synthetic,a1,,tl
pano po mag-request ng schedule para pag-usapan kami ng kaharap namin ano po dala ko,neighbor_dispute,low,synthetic,a1,,taglish
Requesting general information on how to volunteer for barangay programs.,other,low,synthetic,a2,,
sinagi po ng dump truck ang poste ng ilaw sa kurbada baluktot na at nakasabit na lang sa kable baka bumagsak sa dinadaanan ng mga bata,road_infrastructure,high,synthetic,a1,,tl
"walang kuryente na po kami mula kagabi buong purok apektado, may mga may sakit dito na umaasa sa oxygen machine",utilities,high,synthetic,a3,,
may online tracking po ba para sa documents na ni-request namin,other,low,synthetic,a3,,
"Stray dogs biting garbage bags and scattering trash all over Catanduanes Street, unsanitary mess.",public_health_sanitation,medium,synthetic,a2,,
may reklamo po kami sa paulit ulit na pagparada ng delivery vehicle sa harap ng bahay namin,neighbor_dispute,medium,synthetic,a3,,
yung kalsada papuntang Puremart baha pag umuulan kasi mababa,road_infrastructure,medium,synthetic,a3,,
pinapark nila yung sasakyan nila sa gitna wala nang makadaan sa amin,neighbor_dispute,medium,synthetic,a1,,tl
pwede po bang magkaroon ng clean-up drive sa paligid ng covered court,public_health_sanitation,low,synthetic,a3,,
paano po ba sumali sa paligsahan ng pinakamagandang palamuti tuwing kapaskuhan,other,low,synthetic,a1,,tl
may kapitbahay na nagkakabit ng extension sa common wall nang walang napagkasunduan,neighbor_dispute,medium,synthetic,a3,,
may nag-aaway na grupo ng kabataan sa labas ng convenience store at parang lalala ang sitwasyon,public_safety,high,synthetic,a3,,
yung mga nagtitinda ng karne sa palengke hindi na po nagta-take ng yelo tapos nakabukas lang buong araw,public_health_sanitation,medium,synthetic,a1,,taglish
tuwing sabado at linggo may videoke yung katabi namin hanggang madaling araw hindi kami makatulog paulit ulit na po ito,neighbor_dispute,medium,synthetic,a1,,tl
there is a strong foul smell coming from the canal behind the chapel especially at night please have someone check it,public_health_sanitation,medium,synthetic,a1,,en
regular lang po ba yung water interruption sa amin tuwing weekends,utilities,low,synthetic,a3,,
bumigay po yung takip ng drainage sa may eskinita baka mahulog ang dumadaan,road_infrastructure,high,synthetic,a3,,
paano po magreport ng establishment na nagtatapon ng wastewater sa drainage,public_health_sanitation,low,synthetic,a3,,
"Concrete lamp post leaning after roadworks on Leyte Street, needs to be re-anchored.",road_infrastructure,medium,synthetic,a2,,
may resident po na may disability at kailangan ng mobility assistance,social_welfare,medium,synthetic,a3,,
tanong lang po sino ang nag aasikaso sa pagpipinta ng waiting shed kupas na kupas na po yung kulay,road_infrastructure,low,synthetic,a1,,tl
may malaking apoy po na kumakalat mula sa bakanteng lote papunta sa mga bahay,public_safety,high,synthetic,a3,,
kailangan ko po ngayong araw ng papel na nagpapatunay na mahirap lang kami dahil hindi po palalabasin ang anak ko sa ospital kung wala nito,social_welfare,high,synthetic,a1,,tl
may pamilya pong nangangailangan ng temporary assistance dahil nawalan sila ng income,social_welfare,medium,synthetic,a3,,
I applied for financial assistance three weeks ago and have not received any update. Kindly check the status of my application.,social_welfare,medium,synthetic,a1,,en
may sirang bollard sa gilid ng public walkway na nakaharang sa mga naglalakad,road_infrastructure,low,synthetic,a3,,
may dumi ng hayop sa paligid ng public playground at naaabot ng mga batang naglalaro,public_health_sanitation,high,synthetic,a3,,
umaapaw yung kanal sa may Bocalan St kapag malakas ang ulan,utilities,high,synthetic,a3,,
"Broken drainage canal cover along Antero Soriano Highway, patag na at may sira ang laman, pero walang baha na naganap.",road_infrastructure,low,synthetic,a2,,
yung handwashing station sa evacuation area walang sabon at halos wala nang tubig,public_health_sanitation,medium,synthetic,a3,,
grabe yung butas sa kanto namin may traysikel na nahulog kanina delikado na talaga pakiayos naman po,road_infrastructure,high,synthetic,a1,,tl
yung mister ko po na-aksidente kanina naka-confine siya need po namin ng tulong pang-ospital wala po kaming maasahan,social_welfare,high,synthetic,a1,,taglish
saan po ba maaaring dalhin ang mga lumang gamit na hindi na maaaring itapon sa regular garbage collection,public_health_sanitation,low,synthetic,a3,,
marumi po yung paligid ng communal water area at maraming putik pagkatapos gamitin,public_health_sanitation,medium,synthetic,a3,,
may estudyante po na hindi makapagpatuloy sa school dahil kulang ang pambayad sa school expenses,social_welfare,medium,synthetic,a3,,
"Fireworks being set off illegally near residential homes in Zone 1, fire risk.",public_safety,high,synthetic,a2,unsure,
Emergency. A man is hitting his wife inside their house right now. We can hear everything from here. Please send someone immediately.,public_safety,high,synthetic,a1,,en
pwede po bang mag-request ng printed copy ng community guidelines,other,low,synthetic,a3,,
